#VRML V2.0 utf8

Shape {
  appearance Appearance {
    material Material {
      diffuseColor 1.0000 1.0000 1.0000
      specularColor 0.8784 0.8784 0.8784
      ambientIntensity 0.2
      transparency 0.0000
      shininess 0.5
    }
  }
  geometry IndexedFaceSet {
    ccw TRUE
    solid FALSE
    coord DEF co Coordinate {
      point [
        0.354331 -0.275591 0.629921,
        0.354331 0.275591 0.629921,
        0.354331 -0.275591 0.748031,
        0.354331 0.275591 0.748031,
        0.275591 0.354331 0.629921,
        -0.275591 0.354331 0.629921,
        0.275591 0.354331 0.748031,
        -0.275591 0.354331 0.748031,
        -0.354331 -0.275591 0.748031,
        -0.354331 0.275591 0.748031,
        -0.354331 -0.275591 0.629921,
        -0.354331 0.275591 0.629921,
        -0.275591 -0.354331 0.629921,
        0.275591 -0.354331 0.629921,
        -0.275591 -0.354331 0.748031,
        0.275591 -0.354331 0.748031,
        -0.352357 0.293112 0.748031,
        -0.346533 -0.309755 0.748031,
        -0.337152 -0.324684 0.748031,
        -0.324684 -0.337152 0.748031,
        -0.309755 0.346533 0.748031,
        -0.324684 0.337152 0.748031,
        -0.337152 0.324684 0.748031,
        -0.352357 -0.293112 0.748031,
        -0.293112 -0.352357 0.748031,
        -0.293112 0.352357 0.748031,
        -0.309755 -0.346533 0.748031,
        0.324684 0.337152 0.748031,
        0.309755 0.346533 0.748031,
        0.293112 0.352357 0.748031,
        -0.346533 0.309755 0.748031,
        0.293112 -0.352357 0.748031,
        0.352357 -0.293112 0.748031,
        0.309755 -0.346533 0.748031,
        0.324684 -0.337152 0.748031,
        0.337152 -0.324684 0.748031,
        0.346533 -0.309755 0.748031,
        0.352357 0.293112 0.748031,
        0.346533 0.309755 0.748031,
        0.337152 0.324684 0.748031,
        -0.293112 -0.352357 0.629921,
        -0.324684 -0.337152 0.629921,
        -0.337152 -0.324684 0.629921,
        -0.346533 -0.309755 0.629921,
        -0.309755 -0.346533 0.629921,
        -0.352357 -0.293112 0.629921,
        -0.352357 0.293112 0.629921,
        -0.346533 0.309755 0.629921,
        -0.337152 0.324684 0.629921,
        -0.324684 0.337152 0.629921,
        -0.309755 0.346533 0.629921,
        -0.293112 0.352357 0.629921,
        0.293112 0.352357 0.629921,
        0.309755 0.346533 0.629921,
        0.324684 0.337152 0.629921,
        0.337152 0.324684 0.629921,
        0.346533 0.309755 0.629921,
        0.352357 0.293112 0.629921,
        0.324684 -0.337152 0.629921,
        0.352357 -0.293112 0.629921,
        0.337152 -0.324684 0.629921,
        0.346533 -0.309755 0.629921,
        0.309755 -0.346533 0.629921,
        0.293112 -0.352357 0.629921,
      ]
    }
    coordIndex [
      0, 1, 2, -1,
      2, 1, 3, -1,
      4, 5, 6, -1,
      6, 5, 7, -1,
      8, 9, 10, -1,
      10, 9, 11, -1,
      12, 13, 14, -1,
      14, 13, 15, -1,
      16, 9, 7, -1,
      7, 9, 6, -1,
      17, 18, 19, -1,
      20, 21, 22, -1,
      17, 19, 23, -1,
      24, 14, 8, -1,
      8, 14, 2, -1,
      8, 2, 9, -1,
      9, 2, 3, -1,
      9, 3, 6, -1,
      20, 22, 25, -1,
      23, 19, 8, -1,
      8, 19, 26, -1,
      8, 26, 24, -1,
      27, 28, 29, -1,
      25, 22, 7, -1,
      7, 22, 30, -1,
      7, 30, 16, -1,
      14, 15, 2, -1,
      2, 15, 31, -1,
      2, 31, 32, -1,
      32, 31, 33, -1,
      33, 34, 32, -1,
      32, 34, 35, -1,
      32, 35, 36, -1,
      3, 37, 6, -1,
      6, 37, 38, -1,
      6, 38, 29, -1,
      29, 38, 39, -1,
      29, 39, 27, -1,
      1, 5, 4, -1,
      10, 12, 40, -1,
      41, 42, 43, -1,
      10, 11, 5, -1,
      10, 5, 12, -1,
      12, 5, 1, -1,
      12, 1, 0, -1,
      40, 44, 10, -1,
      10, 44, 41, -1,
      10, 41, 45, -1,
      45, 41, 43, -1,
      11, 46, 5, -1,
      5, 46, 47, -1,
      5, 47, 48, -1,
      48, 49, 5, -1,
      5, 49, 50, -1,
      5, 50, 51, -1,
      52, 53, 54, -1,
      54, 55, 52, -1,
      52, 55, 56, -1,
      52, 56, 4, -1,
      4, 56, 57, -1,
      4, 57, 1, -1,
      58, 59, 60, -1,
      60, 59, 61, -1,
      58, 62, 59, -1,
      59, 62, 63, -1,
      59, 63, 0, -1,
      0, 63, 13, -1,
      0, 13, 12, -1,
      8, 10, 45, -1,
      8, 45, 23, -1,
      23, 45, 43, -1,
      23, 43, 17, -1,
      17, 43, 42, -1,
      17, 42, 18, -1,
      18, 42, 41, -1,
      18, 41, 19, -1,
      19, 41, 44, -1,
      19, 44, 26, -1,
      26, 44, 40, -1,
      26, 40, 24, -1,
      24, 40, 12, -1,
      24, 12, 14, -1,
      15, 13, 63, -1,
      15, 63, 31, -1,
      31, 63, 62, -1,
      31, 62, 33, -1,
      33, 62, 58, -1,
      33, 58, 34, -1,
      34, 58, 60, -1,
      34, 60, 35, -1,
      35, 60, 61, -1,
      35, 61, 36, -1,
      36, 61, 59, -1,
      36, 59, 32, -1,
      32, 59, 0, -1,
      32, 0, 2, -1,
      3, 1, 57, -1,
      3, 57, 37, -1,
      37, 57, 56, -1,
      37, 56, 38, -1,
      38, 56, 55, -1,
      38, 55, 39, -1,
      39, 55, 54, -1,
      39, 54, 27, -1,
      27, 54, 53, -1,
      27, 53, 28, -1,
      28, 53, 52, -1,
      28, 52, 29, -1,
      29, 52, 4, -1,
      29, 4, 6, -1,
      7, 5, 51, -1,
      7, 51, 25, -1,
      25, 51, 50, -1,
      25, 50, 20, -1,
      20, 50, 49, -1,
      20, 49, 21, -1,
      21, 49, 48, -1,
      21, 48, 22, -1,
      22, 48, 47, -1,
      22, 47, 30, -1,
      30, 47, 46, -1,
      30, 46, 16, -1,
      16, 46, 11, -1,
      16, 11, 9, -1,
    ]
  }
}

Shape {
  appearance Appearance {
    material Material {
      diffuseColor 1.0000 1.0000 1.0000
      specularColor 0.3020 0.3020 0.3020
      ambientIntensity 0.2
      transparency 0.0000
      shininess 0.5
    }
  }
  geometry IndexedFaceSet {
    ccw TRUE
    solid FALSE
    coord DEF co Coordinate {
      point [
        0.354331 -0.275591 0.748031,
        0.354331 0.275591 0.748031,
        0.275591 0.354331 0.748031,
        -0.275591 0.354331 0.748031,
        -0.354331 -0.275591 0.748031,
        -0.354331 0.275591 0.748031,
        -0.275591 -0.354331 0.748031,
        0.275591 -0.354331 0.748031,
        0.629921 -0.531496 0.059055,
        0.629921 -0.433071 0.059055,
        0.629921 -0.531496 0.354331,
        0.629921 -0.433071 0.295276,
        0.629921 -0.433071 0.354331,
        -0.629921 -0.433071 0.059055,
        -0.629921 -0.531496 0.059055,
        -0.629921 -0.433071 0.295276,
        -0.629921 -0.531496 0.354331,
        -0.629921 -0.433071 0.354331,
        0.055843 -0.147246 0.078740,
        0.031500 -0.154298 0.078740,
        0.036791 -0.018215 0.078740,
        0.032863 0.017554 0.078740,
        0.036739 0.017119 0.078740,
        0.024348 -0.012004 0.078740,
        0.031818 -0.018215 0.078740,
        0.019802 -0.018215 0.078740,
        0.027840 -0.017657 0.078740,
        0.023643 -0.015934 0.078740,
        0.076456 -0.017975 0.078740,
        0.056291 -0.017975 0.078740,
        0.039328 -0.017952 0.078740,
        0.043143 -0.016639 0.078740,
        0.028078 0.016932 0.078740,
        0.023643 -0.011613 0.078740,
        0.023643 0.015033 0.078740,
        0.019802 0.155718 0.078740,
        0.023643 0.020315 0.078740,
        0.039686 0.016055 0.078740,
        0.042411 0.014232 0.078740,
        0.044789 0.011607 0.078740,
        0.047649 0.001290 0.078740,
        0.047250 -0.002972 0.078740,
        0.046181 -0.006358 0.078740,
        0.037420 -0.013722 0.078740,
        0.033748 -0.014134 0.078740,
        0.040289 -0.012666 0.078740,
        0.042705 -0.011037 0.078740,
        0.044553 -0.009088 0.078740,
        0.028522 -0.013554 0.078740,
        0.152904 0.037687 0.078740,
        0.156970 0.012672 0.078740,
        0.031500 0.154298 0.078740,
        0.071175 0.021395 0.078740,
        0.055843 0.147246 0.078740,
        0.078740 0.136382 0.078740,
        0.046412 0.008568 0.078740,
        0.047461 0.004353 0.078740,
        0.099598 0.121985 0.078740,
        0.117876 0.104429 0.078740,
        0.076456 0.021395 0.078740,
        0.133101 0.084168 0.078740,
        0.144879 0.061727 0.078740,
        0.046310 -0.014616 0.078740,
        0.049267 -0.011503 0.078740,
        0.056291 -0.013654 0.078740,
        0.051365 -0.007759 0.078740,
        0.071175 -0.013654 0.078740,
        0.050853 0.011026 0.078740,
        0.048545 0.014706 0.078740,
        0.044991 0.018125 0.078740,
        0.041251 0.020278 0.078740,
        0.036862 0.021552 0.078740,
        0.052550 -0.003592 0.078740,
        0.052930 0.000967 0.078740,
        0.052364 0.006565 0.078740,
        0.032908 0.021875 0.078740,
        0.028195 0.021550 0.078740,
        0.033399 -0.018437 0.078740,
        0.019802 -0.155718 0.078740,
        0.034476 -0.018455 0.078740,
        0.156970 -0.012672 0.078740,
        0.156069 -0.018215 0.078740,
        0.152904 -0.037687 0.078740,
        0.144879 -0.061727 0.078740,
        0.133101 -0.084168 0.078740,
        0.117876 -0.104429 0.078740,
        0.099598 -0.121985 0.078740,
        0.078740 -0.136382 0.078740,
        -0.047415 -0.017975 0.078740,
        -0.042569 -0.007185 0.078740,
        -0.040311 -0.010706 0.078740,
        -0.005165 -0.017975 0.078740,
        0.015961 -0.017975 0.078740,
        0.015961 0.021395 0.078740,
        -0.004204 0.017074 0.078740,
        0.010680 0.017074 0.078740,
        0.010680 0.004111 0.078740,
        -0.037070 -0.013809 0.078740,
        -0.032959 -0.016198 0.078740,
        -0.028423 -0.017550 0.078740,
        -0.109091 0.113575 0.078740,
        -0.089459 0.129604 0.078740,
        -0.004204 0.021395 0.078740,
        -0.067511 0.142276 0.078740,
        -0.043814 0.151263 0.078740,
        -0.018982 0.156332 0.078740,
        0.006341 0.157353 0.078740,
        -0.067580 0.021395 0.078740,
        -0.125896 0.094605 0.078740,
        -0.062299 0.021395 0.078740,
        -0.082944 -0.017975 0.078740,
        -0.156010 -0.018215 0.078740,
        -0.157480 0.000000 0.078740,
        -0.155441 0.025262 0.078740,
        -0.012846 0.021395 0.078740,
        -0.003244 0.004111 0.078740,
        -0.003244 -0.000210 0.078740,
        0.010680 -0.000210 0.078740,
        0.010680 -0.013654 0.078740,
        -0.005165 -0.013654 0.078740,
        -0.012846 -0.017975 0.078740,
        -0.023552 -0.017975 0.078740,
        -0.149376 0.049869 0.078740,
        -0.139442 0.073185 0.078740,
        -0.023957 0.021395 0.078740,
        -0.029644 0.020787 0.078740,
        -0.041361 0.013175 0.078740,
        -0.043191 0.009789 0.078740,
        -0.073199 -0.006932 0.078740,
        -0.056935 -0.006932 0.078740,
        -0.077183 -0.017975 0.078740,
        -0.053177 -0.017975 0.078740,
        -0.044248 0.005910 0.078740,
        -0.044535 0.002205 0.078740,
        -0.043982 -0.003064 0.078740,
        -0.034251 0.019170 0.078740,
        -0.038536 0.016298 0.078740,
        -0.038577 0.016262 0.078740,
        -0.018982 -0.156332 0.078740,
        -0.043814 -0.151263 0.078740,
        -0.067511 -0.142276 0.078740,
        -0.089459 -0.129604 0.078740,
        -0.109091 -0.113575 0.078740,
        0.006341 -0.157353 0.078740,
        -0.125896 -0.094605 0.078740,
        -0.139442 -0.073185 0.078740,
        -0.149376 -0.049869 0.078740,
        -0.155441 -0.025262 0.078740,
        -0.610236 0.551181 0.354331,
        0.610236 0.551181 0.354331,
        0.295276 0.551181 0.078740,
        0.610236 0.551181 0.078740,
        -0.610236 0.551181 0.078740,
        -0.295276 0.551181 0.078740,
        -0.295276 0.551181 0.019685,
        0.295276 0.551181 0.019685,
        0.610236 -0.551181 0.354331,
        -0.610236 -0.551181 0.354331,
        -0.295276 -0.551181 0.078740,
        -0.610236 -0.551181 0.078740,
        0.610236 -0.551181 0.078740,
        0.295276 -0.551181 0.078740,
        0.295276 -0.551181 0.019685,
        -0.295276 -0.551181 0.019685,
        -0.191672 -0.044853 0.000000,
        -0.295276 -0.531496 0.000000,
        -0.196273 -0.015069 0.000000,
        -0.295276 0.531496 0.000000,
        -0.196273 0.015069 0.000000,
        -0.130970 0.146959 0.000000,
        -0.151868 0.125244 0.000000,
        -0.169207 0.100594 0.000000,
        -0.182579 0.073586 0.000000,
        -0.191672 0.044853 0.000000,
        -0.182579 -0.073586 0.000000,
        -0.169207 -0.100594 0.000000,
        -0.151868 -0.125244 0.000000,
        0.295276 -0.531496 0.000000,
        0.037479 -0.193250 0.000000,
        0.066539 -0.185264 0.000000,
        0.094039 -0.172935 0.000000,
        0.119336 -0.156554 0.000000,
        0.141835 -0.136502 0.000000,
        -0.130970 -0.146959 0.000000,
        -0.107002 -0.165230 0.000000,
        -0.080525 -0.179627 0.000000,
        -0.052162 0.189814 0.000000,
        -0.080525 0.179627 0.000000,
        -0.107002 0.165230 0.000000,
        0.161010 -0.113252 0.000000,
        0.176411 -0.087346 0.000000,
        0.187676 -0.059394 0.000000,
        -0.052162 -0.189814 0.000000,
        -0.022576 -0.195552 0.000000,
        0.007540 -0.196706 0.000000,
        0.187676 0.059394 0.000000,
        0.176411 0.087346 0.000000,
        0.295276 0.531496 0.000000,
        0.161010 0.113252 0.000000,
        0.141835 0.136502 0.000000,
        0.119336 0.156554 0.000000,
        0.094039 0.172935 0.000000,
        0.066539 0.185264 0.000000,
        0.194543 -0.030049 0.000000,
        0.196850 0.000000 -0.000000,
        0.194543 0.030049 0.000000,
        0.037479 0.193250 0.000000,
        0.007540 0.196706 0.000000,
        -0.022576 0.195552 0.000000,
        0.149739 0.094689 0.059055,
        0.138113 0.110160 0.059055,
        0.138131 0.110145 0.019685,
        -0.177165 -0.000000 0.059055,
        -0.176646 0.013562 0.019685,
        -0.174871 0.028419 0.059055,
        -0.172653 0.039412 0.019685,
        -0.172191 0.039292 0.059055,
        -0.172505 0.040368 0.019685,
        -0.168048 0.056103 0.059055,
        -0.164321 0.066228 0.019685,
        -0.159265 0.076718 0.059055,
        -0.159164 0.076643 0.019685,
        -0.156872 0.082333 0.059055,
        -0.152286 0.090535 0.019685,
        -0.141633 0.106431 0.059055,
        -0.138351 0.110346 0.019685,
        -0.138261 0.110237 0.059055,
        -0.136681 0.112720 0.019685,
        -0.122727 0.127772 0.059055,
        -0.117873 0.132263 0.019685,
        -0.110105 0.138078 0.059055,
        -0.110171 0.138134 0.019685,
        -0.100641 0.145804 0.059055,
        -0.096301 0.148706 0.019685,
        -0.076830 0.159552 0.059055,
        -0.076724 0.159353 0.019685,
        -0.075950 0.160060 0.059055,
        -0.072473 0.161664 0.019685,
        -0.049291 0.170170 0.059055,
        -0.046946 0.170832 0.019685,
        -0.039317 0.172207 0.059055,
        -0.039342 0.172307 0.019685,
        -0.021355 0.175874 0.059055,
        -0.020318 0.175996 0.019685,
        0.000017 0.176735 0.059055,
        0.000015 0.176776 0.019685,
        0.007134 0.177022 0.059055,
        0.006786 0.177035 0.019685,
        0.035438 0.173585 0.059055,
        0.033731 0.173925 0.019685,
        0.039345 0.172453 0.059055,
        0.039330 0.172386 0.019685,
        0.062824 0.165652 0.059055,
        0.059885 0.166737 0.019685,
        0.076624 0.159104 0.059055,
        0.076683 0.159207 0.019685,
        0.088583 0.153430 0.059055,
        0.127652 0.122852 0.019685,
        0.084635 0.155642 0.019685,
        0.107402 0.140898 0.019685,
        0.110374 0.138388 0.059055,
        0.110291 0.138323 0.019685,
        0.112047 0.137233 0.059055,
        0.132610 0.117482 0.059055,
        0.144909 0.101926 0.019685,
        0.158769 0.078612 0.019685,
        0.159205 0.076651 0.059055,
        0.159493 0.076818 0.019685,
        0.162989 0.069443 0.059055,
        0.168909 0.053454 0.019685,
        0.172017 0.042398 0.059055,
        0.172220 0.039305 0.019685,
        0.172507 0.039388 0.059055,
        -0.049291 -0.170170 0.059055,
        -0.072473 -0.161664 0.019685,
        -0.075950 -0.160060 0.059055,
        -0.076724 -0.159353 0.019685,
        -0.076830 -0.159552 0.059055,
        0.176591 0.014256 0.059055,
        0.175089 0.027044 0.019685,
        0.176591 0.000000 0.059055,
        0.177165 -0.000000 0.019685,
        0.176591 -0.014256 0.059055,
        0.175089 -0.027044 0.019685,
        0.172507 -0.039388 0.059055,
        0.172220 -0.039305 0.019685,
        0.172017 -0.042398 0.059055,
        0.168909 -0.053454 0.019685,
        0.162989 -0.069443 0.059055,
        0.159493 -0.076818 0.019685,
        0.159205 -0.076651 0.059055,
        0.158769 -0.078612 0.019685,
        0.149739 -0.094689 0.059055,
        0.144909 -0.101926 0.019685,
        0.138113 -0.110160 0.059055,
        0.138131 -0.110145 0.019685,
        0.132610 -0.117482 0.059055,
        0.127652 -0.122852 0.019685,
        0.112047 -0.137233 0.059055,
        0.110291 -0.138323 0.019685,
        0.110374 -0.138388 0.059055,
        0.107402 -0.140898 0.019685,
        0.088583 -0.153430 0.059055,
        0.084635 -0.155642 0.019685,
        0.076624 -0.159104 0.059055,
        0.076683 -0.159207 0.019685,
        0.062824 -0.165652 0.059055,
        0.059885 -0.166737 0.019685,
        0.039345 -0.172453 0.059055,
        0.039330 -0.172386 0.019685,
        0.035438 -0.173585 0.059055,
        0.033731 -0.173925 0.019685,
        0.007134 -0.177022 0.059055,
        0.006786 -0.177035 0.019685,
        0.000017 -0.176735 0.059055,
        0.000015 -0.176776 0.019685,
        -0.021355 -0.175874 0.059055,
        -0.020318 -0.175996 0.019685,
        -0.039317 -0.172207 0.059055,
        -0.039342 -0.172307 0.019685,
        -0.046946 -0.170832 0.019685,
        -0.100641 -0.145804 0.059055,
        -0.096301 -0.148706 0.019685,
        -0.110105 -0.138078 0.059055,
        -0.110171 -0.138134 0.019685,
        -0.122727 -0.127772 0.059055,
        -0.168048 -0.056103 0.059055,
        -0.159265 -0.076718 0.059055,
        -0.159164 -0.076643 0.019685,
        -0.156872 -0.082333 0.059055,
        -0.152286 -0.090535 0.019685,
        -0.141633 -0.106431 0.059055,
        -0.138351 -0.110346 0.019685,
        -0.138261 -0.110237 0.059055,
        -0.136681 -0.112720 0.019685,
        -0.117873 -0.132263 0.019685,
        -0.164321 -0.066228 0.019685,
        -0.172505 -0.040368 0.019685,
        -0.172191 -0.039292 0.059055,
        -0.172653 -0.039412 0.019685,
        -0.174871 -0.028419 0.059055,
        -0.176646 -0.013562 0.019685,
        -0.176646 -0.000000 0.019685,
        0.629921 0.433071 0.059055,
        0.629921 0.531496 0.059055,
        0.629921 0.433071 0.295276,
        0.629921 0.531496 0.354331,
        0.629921 0.433071 0.354331,
        -0.629921 0.531496 0.059055,
        -0.629921 0.433071 0.059055,
        -0.629921 0.531496 0.354331,
        -0.629921 0.433071 0.295276,
        -0.629921 0.433071 0.354331,
        -0.314961 0.531496 0.019685,
        -0.314961 -0.531496 0.019685,
        -0.314961 0.531496 0.059055,
        -0.314961 -0.531496 0.059055,
        0.314961 0.531496 0.059055,
        0.314961 -0.531496 0.059055,
        0.314961 0.531496 0.019685,
        0.314961 -0.531496 0.019685,
        -0.156278 0.082021 0.064150,
        -0.100260 0.145252 0.064150,
        0.088247 0.152849 0.064150,
        0.162371 -0.069180 0.064150,
        0.171366 -0.042238 0.064150,
        0.035304 -0.172928 0.064150,
        -0.049104 -0.169526 0.064150,
        -0.141097 -0.106028 0.064150,
        -0.174209 -0.028312 0.064150,
        0.006546 0.162443 0.078069,
        -0.019596 0.161390 0.078069,
        -0.020169 0.166103 0.076103,
        0.149566 0.063724 0.078069,
        0.137407 0.086891 0.078069,
        0.141420 0.089428 0.076103,
        -0.162575 0.000000 0.078069,
        -0.160470 0.026079 0.078069,
        -0.154209 0.051482 0.078069,
        -0.143953 0.075552 0.078069,
        -0.129970 0.097666 0.078069,
        -0.112620 0.117250 0.078069,
        0.032519 0.159290 0.078069,
        0.057650 0.152010 0.078069,
        0.102820 -0.125931 0.078069,
        0.081287 -0.140794 0.078069,
        0.057650 -0.152010 0.078069,
        0.032519 -0.159290 0.078069,
        0.006546 -0.162443 0.078069,
        -0.019596 -0.161390 0.078069,
        -0.045231 -0.156156 0.078069,
        -0.069695 -0.146879 0.078069,
        -0.092353 -0.133797 0.078069,
        -0.112620 -0.117250 0.078069,
        -0.129970 -0.097666 0.078069,
        -0.143953 -0.075552 0.078069,
        -0.154209 -0.051482 0.078069,
        -0.160470 -0.026079 0.078069,
        0.162048 -0.013082 0.078069,
        0.162048 0.013082 0.078069,
        0.157851 0.038907 0.078069,
        0.162461 0.040043 0.076103,
        0.141420 -0.089428 0.076103,
        0.125243 -0.110956 0.076103,
        0.121689 -0.107807 0.078069,
        0.166780 0.013464 0.076103,
        0.166419 0.041019 0.072974,
        0.128294 0.113659 0.072974,
        0.125243 0.110956 0.076103,
        0.121689 0.107807 0.078069,
        -0.047686 0.164633 0.072974,
        -0.046552 0.160717 0.076103,
        -0.045231 0.156156 0.078069,
        0.128294 -0.113659 0.072974,
        0.144865 -0.091607 0.072974,
        0.157684 -0.067183 0.072974,
        0.157851 -0.038907 0.078069,
        0.166780 -0.013464 0.076103,
        0.170844 0.013792 0.072974,
        0.169457 0.041767 0.068898,
        0.110380 0.135190 0.068898,
        0.108401 0.132767 0.072974,
        0.105822 0.129609 0.076103,
        0.102820 0.125931 0.078069,
        -0.074819 0.157678 0.068898,
        -0.073478 0.154851 0.072974,
        -0.071730 0.151168 0.076103,
        -0.069695 0.146879 0.078069,
        0.130636 -0.115733 0.068898,
        0.147509 -0.093279 0.068898,
        0.160562 -0.068409 0.068898,
        0.169457 -0.041767 0.068898,
        0.149566 -0.063724 0.078069,
        0.162461 -0.040043 0.076103,
        0.170844 -0.013792 0.072974,
        0.173962 0.014044 0.068898,
        0.171366 0.042238 0.064150,
        0.147509 0.093279 0.068898,
        0.160562 0.068409 0.068898,
        0.157684 0.067183 0.072974,
        0.087264 0.151146 0.068898,
        0.085700 0.148437 0.072974,
        0.083661 0.144906 0.076103,
        0.081287 0.140794 0.078069,
        -0.021037 0.173256 0.068898,
        0.007028 0.174387 0.068898,
        0.006902 0.171261 0.072974,
        -0.099143 0.143634 0.068898,
        -0.097366 0.141059 0.072974,
        -0.095050 0.137704 0.076103,
        -0.092353 0.133797 0.078069,
        0.132108 -0.117037 0.064150,
        0.149172 -0.094330 0.064150,
        0.175922 -0.014202 0.064150,
        0.162371 0.069180 0.064150,
        0.149172 0.094330 0.064150,
        0.132108 0.117037 0.064150,
        0.111623 0.136714 0.064150,
        0.130636 0.115733 0.068898,
        0.144865 0.091607 0.072974,
        0.153933 0.065585 0.076103,
        0.007107 0.176352 0.064150,
        -0.021274 0.175208 0.064150,
        -0.049104 0.169526 0.064150,
        -0.075662 0.159454 0.064150,
        -0.048557 0.167637 0.068898,
        -0.020660 0.170150 0.072974,
        0.006737 0.167187 0.076103,
        -0.165156 -0.026841 0.076103,
        -0.167323 0.000000 0.076103,
        -0.169180 -0.027494 0.072974,
        -0.171400 0.000000 0.072974,
        -0.172268 -0.027996 0.068898,
        -0.174528 0.000000 0.068898,
        -0.176494 0.000000 0.064150,
        -0.158712 -0.052986 0.076103,
        -0.162579 -0.054277 0.072974,
        -0.165546 -0.055267 0.068898,
        -0.167411 -0.055890 0.064150,
        -0.156278 -0.082021 0.064150,
        -0.148157 -0.077759 0.076103,
        -0.151767 -0.079654 0.072974,
        -0.154537 -0.081107 0.068898,
        -0.133765 -0.100518 0.076103,
        -0.137024 -0.102967 0.072974,
        -0.139525 -0.104846 0.068898,
        -0.115909 -0.120674 0.076103,
        -0.118733 -0.123614 0.072974,
        -0.120900 -0.125870 0.068898,
        -0.122262 -0.127288 0.064150,
        -0.100260 -0.145252 0.064150,
        -0.095050 -0.137704 0.076103,
        -0.097366 -0.141059 0.072974,
        -0.099143 -0.143634 0.068898,
        -0.075662 -0.159454 0.064150,
        -0.071730 -0.151168 0.076103,
        -0.073478 -0.154851 0.072974,
        -0.074819 -0.157678 0.068898,
        -0.046552 -0.160717 0.076103,
        -0.047686 -0.164633 0.072974,
        -0.048557 -0.167637 0.068898,
        -0.020169 -0.166103 0.076103,
        -0.020660 -0.170150 0.072974,
        -0.021037 -0.173256 0.068898,
        -0.021274 -0.175208 0.064150,
        0.007107 -0.176352 0.064150,
        0.006737 -0.167187 0.076103,
        0.006902 -0.171261 0.072974,
        0.007028 -0.174387 0.068898,
        0.033469 -0.163941 0.076103,
        0.034284 -0.167936 0.072974,
        0.034910 -0.171001 0.068898,
        0.059333 -0.156450 0.076103,
        0.060779 -0.160261 0.072974,
        0.061889 -0.163187 0.068898,
        0.062586 -0.165025 0.064150,
        0.088247 -0.152849 0.064150,
        0.083661 -0.144906 0.076103,
        0.085700 -0.148437 0.072974,
        0.087264 -0.151146 0.068898,
        0.111623 -0.136714 0.064150,
        0.105822 -0.129609 0.076103,
        0.108401 -0.132767 0.072974,
        0.110380 -0.135190 0.068898,
        0.175922 0.014202 0.064150,
        0.173962 -0.014044 0.068898,
        0.166419 -0.041019 0.072974,
        0.153933 -0.065585 0.076103,
        0.137407 -0.086891 0.078069,
        0.059333 0.156450 0.076103,
        0.060779 0.160261 0.072974,
        0.061889 0.163187 0.068898,
        0.062586 0.165025 0.064150,
        0.035304 0.172928 0.064150,
        0.033469 0.163941 0.076103,
        0.034284 0.167936 0.072974,
        0.034910 0.171001 0.068898,
        -0.115909 0.120674 0.076103,
        -0.118733 0.123614 0.072974,
        -0.120900 0.125870 0.068898,
        -0.122262 0.127288 0.064150,
        -0.141097 0.106028 0.064150,
        -0.133765 0.100518 0.076103,
        -0.137024 0.102967 0.072974,
        -0.139525 0.104846 0.068898,
        -0.148157 0.077759 0.076103,
        -0.151767 0.079654 0.072974,
        -0.154537 0.081107 0.068898,
        -0.158712 0.052986 0.076103,
        -0.162579 0.054277 0.072974,
        -0.165546 0.055267 0.068898,
        -0.167411 0.055890 0.064150,
        -0.174209 0.028312 0.064150,
        -0.165156 0.026841 0.076103,
        -0.169180 0.027494 0.072974,
        -0.172268 0.027996 0.068898,
        0.169548 0.053657 0.014590,
        0.159370 0.078909 0.014590,
        0.128135 0.123317 0.014590,
        0.060111 0.167369 0.014590,
        -0.020395 0.176663 0.014590,
        -0.096666 0.149269 0.014590,
        -0.152863 0.090878 0.014590,
        -0.177314 0.013613 0.014590,
        -0.173158 -0.040520 0.014590,
        -0.152863 -0.090878 0.014590,
        -0.137199 -0.113147 0.014590,
        -0.096666 -0.149269 0.014590,
        -0.020395 -0.176663 0.014590,
        0.060111 -0.167369 0.014590,
        0.128135 -0.123317 0.014590,
        0.169548 -0.053657 0.014590,
        0.189508 -0.029271 0.000671,
        0.182819 -0.057857 0.000671,
        0.184816 -0.028546 0.002637,
        0.178293 -0.056424 0.002637,
        0.180787 -0.027924 0.005766,
        0.174406 -0.055194 0.005766,
        0.177695 -0.027447 0.009843,
        0.171423 -0.054250 0.009843,
        0.175752 -0.027146 0.014590,
        0.156843 -0.110320 0.000671,
        0.138164 -0.132970 0.000671,
        0.152959 -0.107589 0.002637,
        0.134743 -0.129677 0.002637,
        0.149625 -0.105244 0.005766,
        0.131806 -0.126850 0.005766,
        0.147066 -0.103444 0.009843,
        0.129552 -0.124681 0.009843,
        0.145457 -0.102313 0.014590,
        0.091606 -0.168459 0.000671,
        0.064817 -0.180469 0.000671,
        0.089337 -0.164289 0.002637,
        0.063212 -0.176001 0.002637,
        0.087390 -0.160707 0.005766,
        0.061834 -0.172164 0.005766,
        0.085895 -0.157959 0.009843,
        0.060776 -0.169219 0.009843,
        0.084956 -0.156231 0.014590,
        0.007345 -0.191615 0.000671,
        -0.021991 -0.190490 0.000671,
        0.007163 -0.186870 0.002637,
        -0.021447 -0.185774 0.002637,
        0.007007 -0.182797 0.005766,
        -0.020979 -0.181724 0.005766,
        0.006887 -0.179671 0.009843,
        -0.020620 -0.178616 0.009843,
        0.006811 -0.177706 0.014590,
        -0.078441 -0.174978 0.000671,
        -0.104232 -0.160953 0.000671,
        -0.076499 -0.170645 0.002637,
        -0.101652 -0.156968 0.002637,
        -0.074831 -0.166925 0.005766,
        -0.099435 -0.153546 0.005766,
        -0.073552 -0.164070 0.009843,
        -0.097735 -0.150920 0.009843,
        -0.072747 -0.162276 0.014590,
        -0.191193 -0.014679 0.000671,
        -0.191193 0.014679 0.000671,
        -0.186459 -0.014315 0.002637,
        -0.186459 0.014315 0.002637,
        -0.182394 -0.014003 0.005766,
        -0.182394 0.014003 0.005766,
        -0.179275 -0.013764 0.009843,
        -0.179275 0.013764 0.009843,
        -0.177314 -0.013613 0.014590,
        -0.177854 0.071681 0.000671,
        -0.164827 0.097991 0.000671,
        -0.173450 0.069907 0.002637,
        -0.160746 0.095565 0.002637,
        -0.169669 0.068383 0.005766,
        -0.157242 0.093481 0.005766,
        -0.166767 0.067213 0.009843,
        -0.154553 0.091883 0.009843,
        -0.164943 0.066478 0.014590,
        -0.127580 0.143156 0.000671,
        -0.104232 0.160953 0.000671,
        -0.124421 0.139611 0.002637,
        -0.101652 0.156968 0.002637,
        -0.121709 0.136568 0.005766,
        -0.099435 0.153546 0.005766,
        -0.119627 0.134232 0.009843,
        -0.097735 0.150920 0.009843,
        -0.118319 0.132764 0.014590,
        -0.050812 0.184901 0.000671,
        -0.021991 0.190490 0.000671,
        -0.049554 0.180323 0.002637,
        -0.021447 0.185774 0.002637,
        -0.048473 0.176392 0.005766,
        -0.020979 0.181724 0.005766,
        -0.047644 0.173375 0.009843,
        -0.020620 0.178616 0.009843,
        -0.047123 0.171479 0.014590,
        0.036509 0.188248 0.000671,
        0.064817 0.180469 0.000671,
        0.035605 0.183587 0.002637,
        0.063212 0.176001 0.002637,
        0.034828 0.179585 0.005766,
        0.061834 0.172164 0.005766,
        0.034233 0.176514 0.009843,
        0.060776 0.169219 0.009843,
        0.033858 0.174583 0.014590,
        0.116247 0.152502 0.000671,
        0.138164 0.132970 0.000671,
        0.113369 0.148726 0.002637,
        0.134743 0.129677 0.002637,
        0.110897 0.145484 0.005766,
        0.131806 0.126850 0.005766,
        0.109001 0.142996 0.009843,
        0.129552 0.124681 0.009843,
        0.107809 0.141432 0.014590,
        0.191756 0.000000 0.000671,
        0.187008 0.000000 0.002637,
        0.182931 0.000000 0.005766,
        0.179803 0.000000 0.009843,
        0.177836 0.000000 0.014590,
        0.159370 -0.078909 0.014590,
        0.161133 -0.079782 0.009843,
        0.163937 -0.081170 0.005766,
        0.167590 -0.082979 0.002637,
        0.171845 -0.085086 0.000671,
        0.107809 -0.141432 0.014590,
        0.109001 -0.142996 0.009843,
        0.110897 -0.145484 0.005766,
        0.113369 -0.148726 0.002637,
        0.116247 -0.152502 0.000671,
        0.033858 -0.174583 0.014590,
        0.034233 -0.176514 0.009843,
        0.034828 -0.179585 0.005766,
        0.035605 -0.183587 0.002637,
        0.036509 -0.188248 0.000671,
        -0.047123 -0.171479 0.014590,
        -0.047644 -0.173375 0.009843,
        -0.048473 -0.176392 0.005766,
        -0.049554 -0.180323 0.002637,
        -0.050812 -0.184901 0.000671,
        -0.118319 -0.132764 0.014590,
        -0.119627 -0.134232 0.009843,
        -0.121709 -0.136568 0.005766,
        -0.124421 -0.139611 0.002637,
        -0.127580 -0.143156 0.000671,
        -0.147937 -0.122003 0.000671,
        -0.144274 -0.118982 0.002637,
        -0.141129 -0.116389 0.005766,
        -0.138716 -0.114398 0.009843,
        -0.154553 -0.091883 0.009843,
        -0.157242 -0.093481 0.005766,
        -0.160746 -0.095565 0.002637,
        -0.164827 -0.097991 0.000671,
        -0.164943 -0.066478 0.014590,
        -0.166767 -0.067213 0.009843,
        -0.169669 -0.068383 0.005766,
        -0.173450 -0.069907 0.002637,
        -0.177854 -0.071681 0.000671,
        -0.186711 -0.043692 0.000671,
        -0.182089 -0.042610 0.002637,
        -0.178119 -0.041681 0.005766,
        -0.175073 -0.040969 0.009843,
        -0.173158 0.040520 0.014590,
        -0.175073 0.040969 0.009843,
        -0.178119 0.041681 0.005766,
        -0.182089 0.042610 0.002637,
        -0.186711 0.043692 0.000671,
        -0.137199 0.113147 0.014590,
        -0.138716 0.114398 0.009843,
        -0.141129 0.116389 0.005766,
        -0.144274 0.118982 0.002637,
        -0.147937 0.122003 0.000671,
        -0.072747 0.162276 0.014590,
        -0.073552 0.164070 0.009843,
        -0.074831 0.166925 0.005766,
        -0.076499 0.170645 0.002637,
        -0.078441 0.174978 0.000671,
        0.006811 0.177706 0.014590,
        0.006887 0.179671 0.009843,
        0.007007 0.182797 0.005766,
        0.007163 0.186870 0.002637,
        0.007345 0.191615 0.000671,
        0.084956 0.156231 0.014590,
        0.085895 0.157959 0.009843,
        0.087390 0.160707 0.005766,
        0.089337 0.164289 0.002637,
        0.091606 0.168459 0.000671,
        0.145457 0.102313 0.014590,
        0.147066 0.103444 0.009843,
        0.149625 0.105244 0.005766,
        0.152959 0.107589 0.002637,
        0.156843 0.110320 0.000671,
        0.171845 0.085086 0.000671,
        0.167590 0.082979 0.002637,
        0.163937 0.081170 0.005766,
        0.161133 0.079782 0.009843,
        0.171423 0.054250 0.009843,
        0.174406 0.055194 0.005766,
        0.178293 0.056424 0.002637,
        0.182819 0.057857 0.000671,
        0.175752 0.027146 0.014590,
        0.177695 0.027447 0.009843,
        0.180787 0.027924 0.005766,
        0.184816 0.028546 0.002637,
        0.189508 0.029271 0.000671,
        0.615331 0.550510 0.073645,
        0.610311 0.551181 0.354331,
        0.624156 0.545415 0.354331,
        0.620079 0.548544 0.068898,
        0.620079 0.548544 0.354331,
        0.615331 0.550510 0.354331,
        0.627284 0.541339 0.354331,
        0.625854 0.543480 0.063123,
        0.624156 0.545415 0.064821,
        0.629250 0.536591 0.354331,
        0.628423 0.539029 0.060554,
        0.627284 0.541339 0.061693,
        0.629921 0.531571 0.354331,
        0.629753 0.534065 0.059224,
        0.629250 0.536591 0.059726,
        0.610311 -0.551181 0.354331,
        0.629250 -0.536591 0.059726,
        0.629387 -0.535869 0.059589,
        0.629798 -0.533700 0.059179,
        0.629921 -0.531571 0.354331,
        0.629250 -0.536591 0.354331,
        0.627972 -0.540037 0.061005,
        0.627284 -0.541339 0.354331,
        0.627191 -0.541280 0.061786,
        0.624156 -0.545415 0.354331,
        0.620079 -0.548544 0.354331,
        0.620021 -0.548450 0.068956,
        0.622509 -0.546887 0.066467,
        0.624068 -0.545328 0.064908,
        0.625627 -0.543770 0.063350,
        0.615331 -0.550510 0.354331,
        0.614617 -0.550687 0.074360,
        0.615309 -0.550445 0.073667,
        0.618777 -0.549231 0.070199,
        0.305118 0.548544 0.068898,
        0.300370 0.550510 0.073645,
        0.312323 0.541339 0.061693,
        0.310893 0.543480 0.063123,
        0.309195 0.545415 0.064821,
        0.314792 0.534065 0.059224,
        0.314290 0.536591 0.059726,
        0.313462 0.539029 0.060554,
        0.313011 -0.540037 0.061005,
        0.314290 -0.536591 0.059726,
        0.314426 -0.535869 0.059589,
        0.314837 -0.533700 0.059179,
        0.312230 -0.541280 0.061786,
        0.310666 -0.543770 0.063350,
        0.309107 -0.545328 0.064908,
        0.307549 -0.546887 0.066467,
        0.305060 -0.548450 0.068956,
        0.303817 -0.549231 0.070199,
        0.300348 -0.550445 0.073667,
        0.299656 -0.550687 0.074360,
        0.314290 0.536591 0.019685,
        0.312323 0.541339 0.019685,
        0.309195 0.545415 0.019685,
        0.305118 0.548544 0.019685,
        0.300370 0.550510 0.019685,
        -0.629798 0.533700 0.059179,
        -0.629921 0.531571 0.354331,
        -0.629387 0.535869 0.059589,
        -0.629358 0.535867 0.354331,
        -0.629250 0.536591 0.059726,
        -0.625627 0.543770 0.354331,
        -0.625627 0.543770 0.063350,
        -0.627299 0.541387 0.354331,
        -0.627191 0.541280 0.061786,
        -0.627965 0.540034 0.354331,
        -0.627972 0.540037 0.061005,
        -0.628431 0.539087 0.354331,
        -0.629254 0.536656 0.354331,
        -0.618774 0.549225 0.354331,
        -0.617827 0.549691 0.354331,
        -0.614617 0.550687 0.074360,
        -0.615309 0.550445 0.073667,
        -0.618777 0.549231 0.070199,
        -0.620128 0.548559 0.354331,
        -0.620021 0.548450 0.068956,
        -0.622509 0.546887 0.354331,
        -0.622509 0.546887 0.066467,
        -0.624068 0.545328 0.064908,
        -0.615396 0.550514 0.354331,
        -0.614607 0.550618 0.354331,
        -0.610311 0.551181 0.354331,
        -0.614617 -0.550687 0.074360,
        -0.610311 -0.551181 0.354331,
        -0.614607 -0.550618 0.354331,
        -0.618777 -0.549231 0.070199,
        -0.615396 -0.550514 0.354331,
        -0.617827 -0.549691 0.354331,
        -0.618774 -0.549225 0.354331,
        -0.620128 -0.548559 0.354331,
        -0.622509 -0.546887 0.066467,
        -0.622509 -0.546887 0.354331,
        -0.625627 -0.543770 0.354331,
        -0.625627 -0.543770 0.063350,
        -0.627299 -0.541387 0.354331,
        -0.627972 -0.540037 0.061005,
        -0.627965 -0.540034 0.354331,
        -0.628817 -0.537998 0.060160,
        -0.628431 -0.539087 0.354331,
        -0.629428 -0.535876 0.059549,
        -0.629254 -0.536656 0.354331,
        -0.629358 -0.535867 0.354331,
        -0.629798 -0.533700 0.059179,
        -0.629921 -0.531571 0.354331,
        0.314467 -0.535876 0.019685,
        0.314225 -0.536568 0.019685,
        0.299656 -0.550687 0.019685,
        0.300348 -0.550445 0.019685,
        0.303817 -0.549231 0.019685,
        0.305059 -0.548451 0.019685,
        0.307549 -0.546887 0.019685,
        0.309107 -0.545328 0.019685,
        0.310666 -0.543770 0.019685,
        0.312230 -0.541280 0.019685,
        0.313011 -0.540037 0.019685,
        0.300370 0.531496 0.000671,
        0.300370 -0.531496 0.000671,
        0.305118 0.531496 0.002637,
        0.305118 -0.531496 0.002637,
        0.309195 0.531496 0.005766,
        0.309195 -0.531496 0.005766,
        0.312323 0.531496 0.009843,
        0.312323 -0.531496 0.009843,
        0.314290 0.531496 0.014590,
        0.314290 -0.531496 0.014590,
        0.300197 0.549863 0.014590,
        0.304783 0.547963 0.014590,
        0.299688 0.547963 0.009843,
        0.303800 0.546260 0.009843,
        0.298878 0.544941 0.005766,
        0.302235 0.543551 0.005766,
        0.297823 0.541003 0.002637,
        0.300197 0.540020 0.002637,
        0.296594 0.536417 0.000671,
        0.297823 0.535908 0.000671,
        0.308721 0.544941 0.014590,
        0.307330 0.543551 0.009843,
        0.305118 0.541339 0.005766,
        0.302235 0.538456 0.002637,
        0.298878 0.535099 0.000671,
        0.295276 0.550510 0.014590,
        0.295276 0.548544 0.009843,
        0.295276 0.545415 0.005766,
        0.295276 0.541339 0.002637,
        0.295276 0.536591 0.000671,
        0.311743 0.541003 0.014590,
        0.313642 0.536417 0.014590,
        0.310039 0.540020 0.009843,
        0.311743 0.535908 0.009843,
        0.307330 0.538456 0.005766,
        0.308721 0.535099 0.005766,
        0.303800 0.536417 0.002637,
        0.304783 0.534043 0.002637,
        0.299688 0.534043 0.000671,
        0.300197 0.532815 0.000671,
        -0.314792 0.534065 0.059224,
        -0.314290 0.536591 0.059726,
        -0.313462 0.539029 0.060554,
        -0.312323 0.541339 0.061693,
        -0.310893 0.543480 0.063123,
        -0.309195 0.545415 0.064821,
        -0.305118 0.548544 0.068898,
        -0.300370 0.550510 0.073645,
        -0.310666 -0.543770 0.063350,
        -0.307549 -0.546887 0.066467,
        -0.303817 -0.549231 0.070199,
        -0.299656 -0.550687 0.074360,
        -0.314837 -0.533700 0.059179,
        -0.314467 -0.535876 0.059549,
        -0.313856 -0.537998 0.060160,
        -0.313011 -0.540037 0.061005,
        0.296409 -0.536463 0.000671,
        0.295276 -0.536591 0.000671,
        0.297486 -0.536086 0.000671,
        0.298452 -0.535480 0.000671,
        0.299259 -0.534673 0.000671,
        0.299866 -0.533707 0.000671,
        0.300243 -0.532630 0.000671,
        0.304871 -0.533686 0.002637,
        0.308846 -0.534593 0.005766,
        0.311896 -0.535289 0.009843,
        0.313813 -0.535727 0.014590,
        0.312407 -0.539746 0.014590,
        0.310142 -0.543351 0.014590,
        0.307131 -0.546362 0.014590,
        0.303526 -0.548627 0.014590,
        0.299507 -0.550033 0.014590,
        0.295276 -0.550510 0.014590,
        0.310635 -0.538893 0.009843,
        0.308604 -0.542125 0.009843,
        0.305905 -0.544824 0.009843,
        0.302672 -0.546856 0.009843,
        0.299069 -0.548117 0.009843,
        0.295276 -0.548544 0.009843,
        0.307817 -0.537535 0.005766,
        0.306158 -0.540175 0.005766,
        0.303954 -0.542379 0.005766,
        0.301315 -0.544037 0.005766,
        0.298373 -0.545067 0.005766,
        0.295276 -0.545415 0.005766,
        0.304143 -0.535767 0.002637,
        0.302971 -0.537633 0.002637,
        0.301412 -0.539191 0.002637,
        0.299546 -0.540364 0.002637,
        0.297466 -0.541092 0.002637,
        0.295276 -0.541339 0.002637,
        -0.295276 0.536591 0.000671,
        -0.295276 0.541339 0.002637,
        -0.295276 0.545415 0.005766,
        -0.295276 0.548544 0.009843,
        -0.295276 0.550510 0.014590,
        -0.300370 0.550510 0.019685,
        -0.305118 0.548544 0.019685,
        -0.309195 0.545415 0.019685,
        -0.312323 0.541339 0.019685,
        -0.314290 0.536591 0.019685,
        -0.314385 -0.535866 0.019685,
        -0.314290 -0.536591 0.019685,
        -0.312884 -0.539985 0.019685,
        -0.312323 -0.541339 0.019685,
        -0.310535 -0.543669 0.019685,
        -0.309195 -0.545415 0.019685,
        -0.307448 -0.546756 0.019685,
        -0.305118 -0.548544 0.019685,
        -0.303764 -0.549105 0.019685,
        -0.300370 -0.550510 0.019685,
        -0.299645 -0.550606 0.019685,
        -0.295276 -0.536591 0.000671,
        -0.295276 -0.541339 0.002637,
        -0.295276 -0.545415 0.005766,
        -0.295276 -0.548544 0.009843,
        -0.295276 -0.550510 0.014590,
        -0.313642 0.536417 0.014590,
        -0.311743 0.541003 0.014590,
        -0.311743 0.535908 0.009843,
        -0.310039 0.540020 0.009843,
        -0.308721 0.535099 0.005766,
        -0.307330 0.538456 0.005766,
        -0.304783 0.534043 0.002637,
        -0.303800 0.536417 0.002637,
        -0.300197 0.532815 0.000671,
        -0.299688 0.534043 0.000671,
        -0.308721 0.544941 0.014590,
        -0.307330 0.543551 0.009843,
        -0.305118 0.541339 0.005766,
        -0.302235 0.538456 0.002637,
        -0.298878 0.535099 0.000671,
        -0.314290 0.531496 0.014590,
        -0.312323 0.531496 0.009843,
        -0.309195 0.531496 0.005766,
        -0.305118 0.531496 0.002637,
        -0.300370 0.531496 0.000671,
        -0.304783 0.547963 0.014590,
        -0.300197 0.549863 0.014590,
        -0.303800 0.546260 0.009843,
        -0.299688 0.547963 0.009843,
        -0.302235 0.543551 0.005766,
        -0.298878 0.544941 0.005766,
        -0.300197 0.540020 0.002637,
        -0.297823 0.541003 0.002637,
        -0.297823 0.535908 0.000671,
        -0.296594 0.536417 0.000671,
        -0.314290 -0.531496 0.014590,
        -0.313642 -0.536417 0.014590,
        -0.311743 -0.541003 0.014590,
        -0.308721 -0.544941 0.014590,
        -0.304783 -0.547963 0.014590,
        -0.300197 -0.549863 0.014590,
        -0.299688 -0.547963 0.009843,
        -0.303800 -0.546260 0.009843,
        -0.298878 -0.544941 0.005766,
        -0.302235 -0.543551 0.005766,
        -0.297823 -0.541003 0.002637,
        -0.300197 -0.540020 0.002637,
        -0.296594 -0.536417 0.000671,
        -0.297823 -0.535908 0.000671,
        -0.307330 -0.543551 0.009843,
        -0.305118 -0.541339 0.005766,
        -0.302235 -0.538456 0.002637,
        -0.298878 -0.535099 0.000671,
        -0.310039 -0.540020 0.009843,
        -0.311743 -0.535908 0.009843,
        -0.307330 -0.538456 0.005766,
        -0.308721 -0.535099 0.005766,
        -0.303800 -0.536417 0.002637,
        -0.304783 -0.534043 0.002637,
        -0.299688 -0.534043 0.000671,
        -0.300197 -0.532815 0.000671,
        -0.312323 -0.531496 0.009843,
        -0.309195 -0.531496 0.005766,
        -0.305118 -0.531496 0.002637,
        -0.300370 -0.531496 0.000671,
        -0.625876 0.543520 0.354331,
        -0.624187 0.545446 0.354331,
        -0.622259 0.547136 0.354331,
        -0.622259 -0.547136 0.354331,
        -0.624187 -0.545446 0.354331,
        -0.625876 -0.543520 0.354331,
        0.625876 -0.543520 0.354331,
        0.629254 -0.536656 0.354331,
        0.628431 -0.539087 0.354331,
        0.627299 -0.541387 0.354331,
        0.624187 -0.545446 0.354331,
        0.622259 -0.547136 0.354331,
        0.620128 -0.548559 0.354331,
        0.617827 -0.549691 0.354331,
        0.615396 -0.550514 0.354331,
        0.597049 0.498699 0.730062,
        0.597049 -0.498699 0.730062,
        -0.339426 0.534643 0.543361,
        -0.331224 0.534014 0.550550,
        -0.594661 0.535531 0.533212,
        -0.375851 0.535531 0.533212,
        -0.370216 0.535513 0.533415,
        -0.352281 0.535197 0.537025,
        -0.328374 0.533685 0.554317,
        0.577439 0.518309 0.730062,
        -0.326285 0.533359 0.558033,
        -0.324835 0.533039 0.561697,
        -0.323937 0.532722 0.565325,
        -0.323537 0.532405 0.568943,
        -0.323617 0.532087 0.572582,
        -0.337395 0.518309 0.730062,
        -0.613550 0.263741 0.541454,
        -0.614058 0.278054 0.535645,
        -0.614271 0.297111 0.533212,
        -0.614271 0.515921 0.533212,
        -0.597049 0.258655 0.730062,
        -0.610827 0.244877 0.572582,
        -0.597049 -0.498699 0.730062,
        -0.611107 0.244782 0.569372,
        -0.611387 0.245058 0.566183,
        -0.611698 0.245818 0.562617,
        -0.612008 0.247071 0.559083,
        -0.612316 0.248861 0.555559,
        -0.612624 0.251261 0.552038,
        -0.612931 0.254371 0.548530,
        0.577439 -0.518309 0.730062,
        -0.577439 -0.518309 0.730062,
        -0.351648 0.295970 0.748031,
        -0.343781 0.314961 0.748031,
        -0.577439 0.258655 0.748031,
        0.351648 -0.295970 0.748031,
        0.343781 -0.314961 0.748031,
        0.577439 -0.498699 0.748031,
        0.331268 -0.331268 0.748031,
        0.314961 -0.343781 0.748031,
        0.295970 0.351648 0.748031,
        0.314961 0.343781 0.748031,
        0.577439 0.498699 0.748031,
        0.331268 0.331268 0.748031,
        0.343781 0.314961 0.748031,
        -0.295970 -0.351648 0.748031,
        -0.314961 -0.343781 0.748031,
        -0.577439 -0.498699 0.748031,
        -0.331268 -0.331268 0.748031,
        -0.343781 -0.314961 0.748031,
        0.351648 0.295970 0.748031,
        -0.337395 0.498699 0.748031,
        -0.331268 0.331268 0.748031,
        -0.314961 0.343781 0.748031,
        0.295970 -0.351648 0.748031,
        -0.351648 -0.295970 0.748031,
        -0.295970 0.351648 0.748031,
        0.622259 0.547136 0.354331,
        0.624187 0.545446 0.354331,
        0.625876 0.543520 0.354331,
        0.627299 0.541387 0.354331,
        0.628431 0.539087 0.354331,
        0.629254 0.536656 0.354331,
        0.615396 0.550514 0.354331,
        0.617827 0.549691 0.354331,
        0.620128 0.548559 0.354331,
        -0.594661 0.297111 0.551181,
        -0.375851 0.515921 0.551181,
        -0.594661 0.515921 0.551181,
        -0.605136 0.258796 0.570866,
        -0.591358 0.272574 0.728346,
        -0.337537 0.526396 0.570866,
        -0.351315 0.512618 0.728346,
        0.596349 -0.503750 0.730443,
        0.596343 -0.503764 0.730443,
        0.594372 -0.508461 0.730682,
        0.594365 -0.508471 0.730682,
        0.591253 -0.512513 0.730764,
        0.587211 -0.515625 0.730682,
        0.587201 -0.515632 0.730682,
        0.582504 -0.517603 0.730443,
        0.582491 -0.517609 0.730443,
        -0.577439 -0.503516 0.747429,
        -0.577439 -0.517340 0.734671,
        0.577439 -0.517340 0.734671,
        -0.577439 -0.517277 0.734802,
        0.577439 -0.517277 0.734802,
        -0.577439 -0.515209 0.739066,
        0.577439 -0.515209 0.739066,
        -0.577439 -0.515135 0.739154,
        0.577439 -0.515135 0.739154,
        -0.577439 -0.512062 0.742800,
        0.577439 -0.512062 0.742800,
        -0.577439 -0.511991 0.742851,
        0.577439 -0.511991 0.742851,
        -0.577439 -0.508093 0.745645,
        0.577439 -0.508093 0.745645,
        -0.577439 -0.508039 0.745667,
        0.577439 -0.508039 0.745667,
        -0.577439 -0.503545 0.747426,
        0.577439 -0.503545 0.747426,
        0.577439 -0.503516 0.747429,
        -0.614617 -0.550687 0.354331,
        -0.582491 -0.517609 0.730443,
        -0.582504 -0.517603 0.730443,
        -0.618777 -0.549231 0.354331,
        -0.587201 -0.515632 0.730682,
        -0.587211 -0.515625 0.730682,
        -0.591253 -0.512513 0.730764,
        -0.594365 -0.508471 0.730682,
        -0.594372 -0.508461 0.730682,
        -0.627972 -0.540037 0.354331,
        -0.596343 -0.503764 0.730443,
        -0.596349 -0.503750 0.730443,
        -0.629428 -0.535876 0.354331,
        0.593875 -0.498699 0.739154,
        0.590802 -0.498699 0.742800,
        0.590347 -0.502157 0.742800,
        0.586513 -0.501130 0.745645,
        0.582120 -0.499953 0.747426,
        0.581636 -0.501122 0.747426,
        0.579862 -0.502896 0.747426,
        0.580866 -0.502126 0.747426,
        0.578693 -0.503380 0.747426,
        0.582256 -0.498699 0.747429,
        0.595445 -0.503523 0.734671,
        0.593583 -0.508019 0.734671,
        0.590620 -0.511880 0.734671,
        0.586759 -0.514843 0.734671,
        0.582264 -0.516705 0.734671,
        0.590731 -0.498699 0.742851,
        0.586833 -0.498699 0.745645,
        0.586779 -0.498699 0.745667,
        0.582285 -0.498699 0.747426,
        0.585574 -0.503396 0.745645,
        0.584081 -0.505341 0.745645,
        0.582136 -0.506834 0.745645,
        0.579870 -0.507772 0.745645,
        0.589012 -0.505380 0.742800,
        0.586888 -0.508148 0.742800,
        0.584120 -0.510272 0.742800,
        0.580898 -0.511607 0.742800,
        0.596017 -0.498699 0.734802,
        0.593949 -0.498699 0.739066,
        0.593387 -0.502972 0.739066,
        0.591737 -0.506954 0.739066,
        0.589114 -0.510374 0.739066,
        0.585694 -0.512997 0.739066,
        0.581712 -0.514646 0.739066,
        0.596080 -0.498699 0.734671,
        -0.580898 -0.511607 0.742800,
        -0.579870 -0.507772 0.745645,
        -0.578693 -0.503380 0.747426,
        -0.579862 -0.502896 0.747426,
        -0.581636 -0.501122 0.747426,
        -0.580866 -0.502126 0.747426,
        -0.582120 -0.499953 0.747426,
        -0.582264 -0.516705 0.734671,
        -0.586759 -0.514843 0.734671,
        -0.590620 -0.511880 0.734671,
        -0.593583 -0.508019 0.734671,
        -0.595445 -0.503523 0.734671,
        -0.596080 -0.498699 0.734671,
        -0.582256 -0.498699 0.747429,
        -0.582136 -0.506834 0.745645,
        -0.584081 -0.505341 0.745645,
        -0.585574 -0.503396 0.745645,
        -0.586513 -0.501130 0.745645,
        -0.582285 -0.498699 0.747426,
        -0.586779 -0.498699 0.745667,
        -0.586833 -0.498699 0.745645,
        -0.590731 -0.498699 0.742851,
        -0.584120 -0.510272 0.742800,
        -0.586888 -0.508148 0.742800,
        -0.589012 -0.505380 0.742800,
        -0.590347 -0.502157 0.742800,
        -0.581712 -0.514646 0.739066,
        -0.585694 -0.512997 0.739066,
        -0.589114 -0.510374 0.739066,
        -0.591737 -0.506954 0.739066,
        -0.593387 -0.502972 0.739066,
        -0.590802 -0.498699 0.742800,
        -0.593875 -0.498699 0.739154,
        -0.593949 -0.498699 0.739066,
        -0.596017 -0.498699 0.734802,
        -0.613255 0.297111 0.537959,
        -0.613239 0.515921 0.537951,
        -0.613302 0.515921 0.537821,
        -0.611107 0.297111 0.542313,
        -0.607960 0.297111 0.546009,
        -0.607954 0.515921 0.546001,
        -0.608024 0.515921 0.545950,
        -0.611097 0.515921 0.542304,
        -0.611172 0.515921 0.542215,
        -0.599478 0.515921 0.550579,
        -0.599507 0.515921 0.550575,
        -0.604004 0.297111 0.548823,
        -0.604001 0.515921 0.548816,
        -0.604055 0.515921 0.548795,
        -0.599479 0.297111 0.550582,
        -0.629428 0.535876 0.354331,
        -0.613571 0.520972 0.533593,
        -0.613565 0.520986 0.533593,
        -0.627972 0.540037 0.354331,
        -0.611594 0.525683 0.533831,
        -0.611587 0.525693 0.533832,
        -0.608475 0.529735 0.533913,
        -0.604433 0.532847 0.533832,
        -0.604423 0.532854 0.533831,
        -0.618777 0.549231 0.354331,
        -0.599726 0.534825 0.533593,
        -0.599713 0.534831 0.533593,
        -0.614617 0.550687 0.354331,
        0.581785 0.517707 0.730390,
        0.582491 0.517609 0.730443,
        0.585870 0.516191 0.730615,
        0.587201 0.515632 0.730682,
        0.589522 0.513846 0.730729,
        0.591253 0.512513 0.730764,
        0.592586 0.510781 0.730729,
        0.594372 0.508461 0.730682,
        0.594931 0.507130 0.730615,
        0.596349 0.503750 0.730443,
        0.596447 0.503044 0.730390,
        0.596080 0.498699 0.734671,
        0.596017 0.498699 0.734802,
        0.593949 0.498699 0.739066,
        0.593875 0.498699 0.739154,
        0.590802 0.498699 0.742800,
        0.590731 0.498699 0.742851,
        0.586833 0.498699 0.745645,
        0.586779 0.498699 0.745667,
        0.582285 0.498699 0.747426,
        0.582256 0.498699 0.747429,
        -0.581845 0.258655 0.747532,
        -0.582243 0.258655 0.747392,
        -0.586028 0.258655 0.746059,
        -0.586740 0.258655 0.745608,
        -0.589774 0.258655 0.743687,
        -0.590665 0.258655 0.742788,
        -0.592895 0.258655 0.740537,
        -0.593785 0.258655 0.739101,
        -0.595231 0.258655 0.736768,
        -0.595915 0.258655 0.734769,
        -0.596665 0.258655 0.732572,
        -0.610677 0.247449 0.572344,
        -0.596698 0.262499 0.729695,
        -0.610434 0.248713 0.572212,
        -0.610191 0.249977 0.572080,
        -0.596336 0.263716 0.729557,
        -0.609377 0.252416 0.571795,
        -0.595599 0.266194 0.729276,
        -0.608250 0.254726 0.571494,
        -0.594402 0.268452 0.728973,
        -0.607539 0.255795 0.571339,
        -0.593796 0.269596 0.728820,
        -0.606828 0.256865 0.571183,
        -0.610432 0.249856 0.569456,
        -0.607055 0.256722 0.569354,
        -0.605370 0.258655 0.569261,
        -0.608476 0.254587 0.569418,
        -0.609607 0.252285 0.569452,
        -0.610935 0.247341 0.569429,
        -0.605511 0.258792 0.567667,
        -0.607215 0.256879 0.567537,
        -0.605555 0.259285 0.565884,
        -0.607311 0.257417 0.565510,
        -0.605550 0.259339 0.565773,
        -0.607317 0.258350 0.563507,
        -0.605473 0.260147 0.564117,
        -0.605257 0.261413 0.562355,
        -0.607224 0.259713 0.561523,
        -0.604980 0.262706 0.561033,
        -0.607019 0.261561 0.559557,
        -0.604888 0.263135 0.560594,
        -0.604341 0.265391 0.558840,
        -0.606680 0.263974 0.557622,
        -0.605410 0.271280 0.553849,
        -0.603395 0.268850 0.557059,
        -0.602463 0.272263 0.555302,
        -0.603076 0.282429 0.551073,
        -0.601046 0.276962 0.554016,
        -0.598073 0.286559 0.552083,
        -0.599265 0.282871 0.552398,
        -0.608656 0.254765 0.567356,
        -0.608805 0.255348 0.565056,
        -0.608892 0.256349 0.562787,
        -0.608912 0.257804 0.560543,
        -0.608857 0.259772 0.558326,
        -0.608711 0.262334 0.556154,
        -0.608009 0.270067 0.551967,
        -0.606520 0.281800 0.549020,
        -0.609811 0.252486 0.567126,
        -0.610008 0.253114 0.564530,
        -0.610168 0.254180 0.561969,
        -0.610289 0.255723 0.559435,
        -0.610365 0.257805 0.556928,
        -0.610385 0.260511 0.554470,
        -0.610181 0.268661 0.549714,
        -0.609451 0.281013 0.546326,
        -0.610660 0.250081 0.566850,
        -0.610901 0.250753 0.563942,
        -0.611123 0.251883 0.561068,
        -0.611327 0.253511 0.558219,
        -0.611509 0.255701 0.555393,
        -0.611665 0.258545 0.552608,
        -0.611860 0.267107 0.547158,
        -0.611744 0.280099 0.543104,
        -0.611188 0.247591 0.566534,
        -0.611468 0.248307 0.563300,
        -0.611740 0.249499 0.560100,
        -0.612007 0.251209 0.556919,
        -0.612268 0.253505 0.553751,
        -0.612520 0.256482 0.550613,
        -0.612994 0.265450 0.544377,
        -0.613302 0.279099 0.539493,
        -0.607569 0.519380 0.545950,
        -0.603735 0.518352 0.548795,
        -0.599342 0.517175 0.550575,
        -0.598858 0.518344 0.550575,
        -0.597084 0.520118 0.550575,
        -0.598088 0.519348 0.550575,
        -0.595915 0.520602 0.550575,
        -0.612667 0.520746 0.537821,
        -0.610805 0.525241 0.537821,
        -0.607843 0.529102 0.537821,
        -0.603982 0.532065 0.537821,
        -0.599486 0.533927 0.537821,
        -0.594661 0.534562 0.537821,
        -0.594661 0.520738 0.550579,
        -0.602796 0.520618 0.548795,
        -0.601304 0.522563 0.548795,
        -0.599358 0.524056 0.548795,
        -0.597093 0.524995 0.548795,
        -0.594661 0.520767 0.550575,
        -0.594661 0.525261 0.548816,
        -0.594661 0.525315 0.548795,
        -0.594661 0.529214 0.546001,
        -0.606234 0.522603 0.545950,
        -0.604111 0.525370 0.545950,
        -0.601343 0.527494 0.545950,
        -0.598120 0.528829 0.545950,
        -0.610609 0.520194 0.542215,
        -0.608959 0.524176 0.542215,
        -0.606336 0.527596 0.542215,
        -0.602916 0.530219 0.542215,
        -0.598934 0.531869 0.542215,
        -0.594661 0.529284 0.545950,
        -0.594661 0.532357 0.542304,
        -0.594661 0.532431 0.542215,
        -0.594661 0.534499 0.537951,
        0.577439 0.517277 0.734802,
        0.577439 0.515209 0.739066,
        0.581113 0.514795 0.739066,
        0.577439 0.515135 0.739154,
        0.577439 0.512062 0.742800,
        0.580413 0.511727 0.742800,
        0.579529 0.507857 0.745645,
        0.578517 0.503423 0.747426,
        0.579542 0.503065 0.747426,
        0.581805 0.500801 0.747426,
        0.581228 0.501720 0.747426,
        0.582163 0.499777 0.747426,
        0.577439 0.503516 0.747429,
        0.581587 0.516872 0.734671,
        0.585527 0.515494 0.734671,
        0.589061 0.513273 0.734671,
        0.592013 0.510321 0.734671,
        0.594234 0.506787 0.734671,
        0.595613 0.502847 0.734671,
        0.577439 0.511991 0.742851,
        0.577439 0.508093 0.745645,
        0.577439 0.508039 0.745667,
        0.577439 0.503545 0.747426,
        0.583296 0.506043 0.745645,
        0.584783 0.504556 0.745645,
        0.585902 0.502774 0.745645,
        0.586597 0.500789 0.745645,
        0.581515 0.507162 0.745645,
        0.580460 0.502487 0.747426,
        0.583237 0.510739 0.742800,
        0.585771 0.509147 0.742800,
        0.587887 0.507031 0.742800,
        0.589479 0.504497 0.742800,
        0.590467 0.501672 0.742800,
        0.584602 0.513574 0.739066,
        0.587733 0.511607 0.739066,
        0.590347 0.508993 0.739066,
        0.592314 0.505862 0.739066,
        0.593535 0.502373 0.739066,
        0.577439 0.517340 0.734671,
        -0.594089 0.268268 0.732572,
        -0.596010 0.263631 0.732572,
        -0.581695 0.259795 0.747532,
        -0.585735 0.260878 0.746059,
        -0.580554 0.261770 0.747532,
        -0.581255 0.260858 0.747532,
        -0.581026 0.262242 0.747297,
        -0.584877 0.262949 0.746059,
        -0.589354 0.261848 0.743687,
        -0.583512 0.264728 0.746059,
        -0.584357 0.265574 0.745302,
        -0.588122 0.264823 0.743687,
        -0.592369 0.262655 0.740537,
        -0.586161 0.267378 0.743687,
        -0.587219 0.268435 0.742178,
        -0.590824 0.266383 0.740537,
        -0.594625 0.263260 0.736768,
        -0.588368 0.269584 0.740537,
        -0.589424 0.270640 0.738128,
        -0.592848 0.267551 0.736768,
        -0.591034 0.272250 0.732572,
        -0.590830 0.272046 0.733415,
        -0.590020 0.271236 0.736768,
        -0.371629 0.517316 0.551283,
        -0.365370 0.519304 0.552128,
        -0.358257 0.521563 0.553087,
        -0.355648 0.522331 0.553957,
        -0.348754 0.524361 0.556256,
        -0.347495 0.524693 0.557011,
        -0.342760 0.525940 0.559850,
        -0.341464 0.526233 0.561038,
        -0.338097 0.526803 0.565774,
        -0.338212 0.526806 0.565424,
        -0.340704 0.526406 0.561734,
        -0.339220 0.526683 0.563592,
        -0.337397 0.526655 0.569047,
        -0.337617 0.526792 0.567237,
        -0.375851 0.534515 0.537959,
        -0.375851 0.532368 0.542313,
        -0.375851 0.529220 0.546009,
        -0.375851 0.525263 0.548823,
        -0.375851 0.520739 0.550582,
        -0.337395 0.508000 0.745608,
        -0.337395 0.507287 0.746059,
        -0.337395 0.503502 0.747392,
        -0.337395 0.503105 0.747532,
        -0.337395 0.511034 0.743687,
        -0.337395 0.511925 0.742788,
        -0.337395 0.514155 0.740537,
        -0.337395 0.515045 0.739101,
        -0.337395 0.516491 0.736768,
        -0.337395 0.517174 0.734769,
        -0.337395 0.517925 0.732572,
        -0.350990 0.512294 0.732572,
        -0.350786 0.512090 0.733415,
        -0.349976 0.511280 0.736768,
        -0.349380 0.510684 0.738128,
        -0.348324 0.509628 0.740537,
        -0.347175 0.508478 0.742178,
        -0.346118 0.507421 0.743687,
        -0.344314 0.505617 0.745302,
        -0.343468 0.504772 0.746059,
        -0.340982 0.502285 0.747297,
        -0.340511 0.501814 0.747532,
        -0.371144 0.529716 0.545694,
        -0.370865 0.532606 0.542097,
        -0.370550 0.534574 0.537928,
        -0.371537 0.521855 0.550417,
        -0.357660 0.525111 0.551676,
        -0.347635 0.527114 0.554842,
        -0.341248 0.528153 0.558733,
        -0.339045 0.528426 0.560827,
        -0.334307 0.530093 0.564464,
        -0.333328 0.531468 0.561212,
        -0.335472 0.530165 0.562117,
        -0.335132 0.531581 0.558547,
        -0.337176 0.530162 0.559758,
        -0.337608 0.531641 0.555880,
        -0.339518 0.530067 0.557400,
        -0.344746 0.531539 0.550957,
        -0.346287 0.529530 0.553059,
        -0.355876 0.530982 0.547038,
        -0.356856 0.528291 0.549633,
        -0.371373 0.526066 0.548519,
        -0.354757 0.533080 0.543992,
        -0.343057 0.533088 0.548596,
        -0.335559 0.532839 0.554208,
        -0.332955 0.532654 0.557219,
        -0.331053 0.532446 0.560218,
        -0.335713 0.528506 0.567049,
        -0.336360 0.528582 0.564987,
        -0.337448 0.528560 0.562915,
        -0.332088 0.531313 0.563862,
        -0.329742 0.532220 0.563192,
        -0.328942 0.531979 0.566149,
        -0.331338 0.531122 0.566500,
        -0.333607 0.529957 0.566802,
        -0.328606 0.531723 0.569105,
        -0.331033 0.530896 0.569139,
        -0.333333 0.529762 0.569141,
        -0.335466 0.528340 0.569110,
        -0.335605 0.528087 0.571183,
        -0.334535 0.528798 0.571339,
        -0.333466 0.529509 0.571494,
        -0.331156 0.530637 0.571795,
        -0.328717 0.531451 0.572080,
        -0.327453 0.531694 0.572212,
        -0.353543 0.534503 0.540610,
        -0.341267 0.534133 0.546039,
        -0.333415 0.533636 0.552418,
        -0.330687 0.533359 0.555800,
        -0.328691 0.533080 0.559152,
        -0.327310 0.532799 0.562466,
        -0.326461 0.532516 0.565755,
        -0.326093 0.532229 0.569039,
        -0.326189 0.531937 0.572344,
        -0.341146 0.517556 0.732572,
        -0.348337 0.515056 0.728820,
        -0.348077 0.514685 0.732572,
        -0.348328 0.515061 0.728821,
        -0.344753 0.516461 0.732572,
        -0.344934 0.516859 0.729276,
        -0.341239 0.517957 0.729695,
        -0.341226 0.517959 0.729696,
        -0.342167 0.505840 0.746059,
        -0.339843 0.502362 0.747532,
        -0.338255 0.503020 0.747532,
        -0.339070 0.507122 0.746059,
        -0.339802 0.510797 0.743687,
        -0.345982 0.511550 0.740537,
        -0.344248 0.508956 0.743687,
        -0.339081 0.502770 0.747532,
        -0.340682 0.506634 0.746059,
        -0.342116 0.510095 0.743687,
        -0.343310 0.512978 0.740537,
        -0.340411 0.513858 0.740537,
        -0.347280 0.513493 0.736768,
        -0.344204 0.515137 0.736768,
        -0.340866 0.516150 0.736768,
        0.354331 0.275591 0.708661,
        0.354331 -0.275591 0.708661,
        0.275591 -0.354331 0.708661,
        -0.275591 -0.354331 0.708661,
        -0.354331 -0.275591 0.708661,
        -0.354331 0.275591 0.708661,
        0.275591 0.354331 0.708661,
        -0.275591 0.354331 0.708661,
        0.275591 -0.275591 0.629921,
        0.275591 0.275591 0.629921,
        -0.275591 -0.275591 0.629921,
        -0.275591 0.275591 0.629921,
        -0.352357 0.293112 0.708661,
        -0.351388 0.295879 0.708661,
        -0.346533 0.309755 0.708661,
        -0.343409 0.314726 0.708661,
        -0.337152 0.324684 0.708661,
        -0.330918 0.330918 0.708661,
        -0.324684 0.337152 0.708661,
        -0.314726 0.343409 0.708661,
        -0.309755 0.346533 0.708661,
        -0.293112 0.352357 0.708661,
        -0.295879 0.351388 0.708661,
        -0.275591 0.293112 0.631895,
        0.275591 0.293112 0.631895,
        -0.275591 0.295879 0.632864,
        0.275591 0.295879 0.632864,
        -0.275591 0.309755 0.637719,
        0.275591 0.309755 0.637719,
        -0.275591 0.314726 0.640843,
        0.275591 0.314726 0.640843,
        -0.275591 0.324684 0.647100,
        0.275591 0.324684 0.647100,
        -0.275591 0.330918 0.653334,
        0.275591 0.330918 0.653334,
        -0.275591 0.337152 0.659568,
        0.275591 0.337152 0.659568,
        -0.275591 0.343409 0.669526,
        0.275591 0.343409 0.669526,
        -0.275591 0.346533 0.674497,
        0.275591 0.346533 0.674497,
        -0.275591 0.351388 0.688373,
        0.275591 0.351388 0.688373,
        -0.275591 0.352357 0.691140,
        0.275591 0.352357 0.691140,
        0.293112 0.352357 0.708661,
        0.295879 0.351388 0.708661,
        0.309755 0.346533 0.708661,
        0.314726 0.343409 0.708661,
        0.324684 0.337152 0.708661,
        0.330918 0.330918 0.708661,
        0.337152 0.324684 0.708661,
        0.343409 0.314726 0.708661,
        0.346533 0.309755 0.708661,
        0.352357 0.293112 0.708661,
        0.351388 0.295879 0.708661,
        -0.314726 0.275591 0.640843,
        -0.309755 0.275591 0.637719,
        -0.308898 0.283193 0.637719,
        -0.292672 0.279489 0.631895,
        -0.293112 0.275591 0.631895,
        -0.295879 0.275591 0.632864,
        -0.279489 0.292672 0.631895,
        -0.283193 0.308898 0.637719,
        -0.286515 0.323454 0.647100,
        -0.324684 0.275591 0.647100,
        -0.323454 0.286515 0.647100,
        -0.330918 0.275591 0.653334,
        -0.335609 0.289289 0.659568,
        -0.337152 0.275591 0.659568,
        -0.289289 0.335609 0.659568,
        -0.343409 0.275591 0.669526,
        -0.344754 0.291377 0.674497,
        -0.346533 0.275591 0.674497,
        -0.291377 0.344754 0.674497,
        -0.283193 0.291377 0.631895,
        -0.290414 0.306371 0.637719,
        -0.296891 0.319822 0.647100,
        -0.302301 0.331056 0.659568,
        -0.306371 0.339507 0.674497,
        -0.292672 0.350432 0.691140,
        -0.308898 0.344754 0.691140,
        -0.351388 0.275591 0.688373,
        -0.350432 0.292672 0.691140,
        -0.352357 0.275591 0.691140,
        -0.344754 0.308898 0.691140,
        -0.291377 0.283193 0.631895,
        -0.306371 0.290414 0.637719,
        -0.319822 0.296891 0.647100,
        -0.331056 0.302301 0.659568,
        -0.339507 0.306371 0.674497,
        -0.335609 0.323454 0.691140,
        -0.289289 0.286515 0.631895,
        -0.302301 0.296891 0.637719,
        -0.313974 0.306200 0.647100,
        -0.323721 0.313974 0.659568,
        -0.331056 0.319822 0.674497,
        -0.323454 0.335609 0.691140,
        -0.286515 0.289289 0.631895,
        -0.296891 0.302301 0.637719,
        -0.306200 0.313974 0.647100,
        -0.313974 0.323721 0.659568,
        -0.319822 0.331056 0.674497,
        0.283193 0.308898 0.637719,
        0.279489 0.292672 0.631895,
        0.292672 0.279489 0.631895,
        0.293112 0.275591 0.631895,
        0.295879 0.275591 0.632864,
        0.308898 0.283193 0.637719,
        0.309755 0.275591 0.637719,
        0.314726 0.275591 0.640843,
        0.323454 0.286515 0.647100,
        0.286515 0.323454 0.647100,
        0.289289 0.335609 0.659568,
        0.324684 0.275591 0.647100,
        0.330918 0.275591 0.653334,
        0.335609 0.289289 0.659568,
        0.291377 0.344754 0.674497,
        0.337152 0.275591 0.659568,
        0.343409 0.275591 0.669526,
        0.344754 0.291377 0.674497,
        0.291377 0.283193 0.631895,
        0.306371 0.290414 0.637719,
        0.319822 0.296891 0.647100,
        0.331056 0.302301 0.659568,
        0.339507 0.306371 0.674497,
        0.350432 0.292672 0.691140,
        0.344754 0.308898 0.691140,
        0.346533 0.275591 0.674497,
        0.351388 0.275591 0.688373,
        0.352357 0.275591 0.691140,
        0.292672 0.350432 0.691140,
        0.308898 0.344754 0.691140,
        0.283193 0.291377 0.631895,
        0.290414 0.306371 0.637719,
        0.296891 0.319822 0.647100,
        0.302301 0.331056 0.659568,
        0.306371 0.339507 0.674497,
        0.323454 0.335609 0.691140,
        0.286515 0.289289 0.631895,
        0.296891 0.302301 0.637719,
        0.306200 0.313974 0.647100,
        0.313974 0.323721 0.659568,
        0.319822 0.331056 0.674497,
        0.335609 0.323454 0.691140,
        0.289289 0.286515 0.631895,
        0.302301 0.296891 0.637719,
        0.313974 0.306200 0.647100,
        0.323721 0.313974 0.659568,
        0.331056 0.319822 0.674497,
        -0.293112 -0.352357 0.708661,
        -0.295879 -0.351388 0.708661,
        -0.309755 -0.346533 0.708661,
        -0.314726 -0.343409 0.708661,
        -0.324684 -0.337152 0.708661,
        -0.330918 -0.330918 0.708661,
        -0.337152 -0.324684 0.708661,
        -0.343409 -0.314726 0.708661,
        -0.346533 -0.309755 0.708661,
        -0.352357 -0.293112 0.708661,
        -0.351388 -0.295879 0.708661,
        -0.293112 -0.275591 0.631895,
        -0.295879 -0.275591 0.632864,
        -0.309755 -0.275591 0.637719,
        -0.314726 -0.275591 0.640843,
        -0.324684 -0.275591 0.647100,
        -0.330918 -0.275591 0.653334,
        -0.337152 -0.275591 0.659568,
        -0.343409 -0.275591 0.669526,
        -0.346533 -0.275591 0.674497,
        -0.351388 -0.275591 0.688373,
        -0.352357 -0.275591 0.691140,
        0.293112 -0.275591 0.631895,
        0.295879 -0.275591 0.632864,
        0.309755 -0.275591 0.637719,
        0.314726 -0.275591 0.640843,
        0.324684 -0.275591 0.647100,
        0.330918 -0.275591 0.653334,
        0.337152 -0.275591 0.659568,
        0.343409 -0.275591 0.669526,
        0.346533 -0.275591 0.674497,
        0.351388 -0.275591 0.688373,
        0.352357 -0.275591 0.691140,
        0.352357 -0.293112 0.708661,
        0.351388 -0.295879 0.708661,
        0.346533 -0.309755 0.708661,
        0.343409 -0.314726 0.708661,
        0.337152 -0.324684 0.708661,
        0.330918 -0.330918 0.708661,
        0.324684 -0.337152 0.708661,
        0.314726 -0.343409 0.708661,
        0.309755 -0.346533 0.708661,
        0.293112 -0.352357 0.708661,
        0.295879 -0.351388 0.708661,
        -0.275591 -0.314726 0.640843,
        -0.275591 -0.309755 0.637719,
        -0.283193 -0.308898 0.637719,
        -0.279489 -0.292672 0.631895,
        -0.275591 -0.293112 0.631895,
        -0.275591 -0.295879 0.632864,
        -0.292672 -0.279489 0.631895,
        -0.308898 -0.283193 0.637719,
        -0.323454 -0.286515 0.647100,
        -0.275591 -0.324684 0.647100,
        -0.286515 -0.323454 0.647100,
        -0.275591 -0.330918 0.653334,
        -0.289289 -0.335609 0.659568,
        -0.275591 -0.337152 0.659568,
        -0.335609 -0.289289 0.659568,
        -0.275591 -0.343409 0.669526,
        -0.291377 -0.344754 0.674497,
        -0.275591 -0.346533 0.674497,
        -0.344754 -0.291377 0.674497,
        -0.291377 -0.283193 0.631895,
        -0.306371 -0.290414 0.637719,
        -0.319822 -0.296891 0.647100,
        -0.331056 -0.302301 0.659568,
        -0.339507 -0.306371 0.674497,
        -0.350432 -0.292672 0.691140,
        -0.344754 -0.308898 0.691140,
        -0.275591 -0.351388 0.688373,
        -0.292672 -0.350432 0.691140,
        -0.275591 -0.352357 0.691140,
        -0.308898 -0.344754 0.691140,
        -0.283193 -0.291377 0.631895,
        -0.290414 -0.306371 0.637719,
        -0.296891 -0.319822 0.647100,
        -0.302301 -0.331056 0.659568,
        -0.306371 -0.339507 0.674497,
        -0.323454 -0.335609 0.691140,
        -0.286515 -0.289289 0.631895,
        -0.296891 -0.302301 0.637719,
        -0.306200 -0.313974 0.647100,
        -0.313974 -0.323721 0.659568,
        -0.319822 -0.331056 0.674497,
        -0.335609 -0.323454 0.691140,
        -0.289289 -0.286515 0.631895,
        -0.302301 -0.296891 0.637719,
        -0.313974 -0.306200 0.647100,
        -0.323721 -0.313974 0.659568,
        -0.331056 -0.319822 0.674497,
        0.308898 -0.283193 0.637719,
        0.292672 -0.279489 0.631895,
        0.279489 -0.292672 0.631895,
        0.275591 -0.293112 0.631895,
        0.275591 -0.295879 0.632864,
        0.283193 -0.308898 0.637719,
        0.275591 -0.309755 0.637719,
        0.275591 -0.314726 0.640843,
        0.286515 -0.323454 0.647100,
        0.323454 -0.286515 0.647100,
        0.335609 -0.289289 0.659568,
        0.275591 -0.324684 0.647100,
        0.275591 -0.330918 0.653334,
        0.289289 -0.335609 0.659568,
        0.344754 -0.291377 0.674497,
        0.275591 -0.337152 0.659568,
        0.275591 -0.343409 0.669526,
        0.291377 -0.344754 0.674497,
        0.283193 -0.291377 0.631895,
        0.290414 -0.306371 0.637719,
        0.296891 -0.319822 0.647100,
        0.302301 -0.331056 0.659568,
        0.306371 -0.339507 0.674497,
        0.292672 -0.350432 0.691140,
        0.308898 -0.344754 0.691140,
        0.275591 -0.346533 0.674497,
        0.275591 -0.351388 0.688373,
        0.275591 -0.352357 0.691140,
        0.350432 -0.292672 0.691140,
        0.344754 -0.308898 0.691140,
        0.291377 -0.283193 0.631895,
        0.306371 -0.290414 0.637719,
        0.319822 -0.296891 0.647100,
        0.331056 -0.302301 0.659568,
        0.339507 -0.306371 0.674497,
        0.335609 -0.323454 0.691140,
        0.289289 -0.286515 0.631895,
        0.302301 -0.296891 0.637719,
        0.313974 -0.306200 0.647100,
        0.323721 -0.313974 0.659568,
        0.331056 -0.319822 0.674497,
        0.323454 -0.335609 0.691140,
        0.286515 -0.289289 0.631895,
        0.296891 -0.302301 0.637719,
        0.306200 -0.313974 0.647100,
        0.313974 -0.323721 0.659568,
        0.319822 -0.331056 0.674497,
      ]
    }
    coordIndex [
      8, 9, 10, -1,
      10, 9, 11, -1,
      10, 11, 12, -1,
      13, 14, 15, -1,
      15, 14, 16, -1,
      15, 16, 17, -1,
      18, 19, 20, -1,
      21, 22, 23, -1,
      24, 25, 26, -1,
      26, 25, 27, -1,
      28, 20, 29, -1,
      29, 20, 30, -1,
      29, 30, 31, -1,
      21, 23, 32, -1,
      32, 23, 33, -1,
      32, 33, 34, -1,
      34, 33, 35, -1,
      34, 35, 36, -1,
      22, 37, 23, -1,
      23, 37, 38, -1,
      23, 38, 39, -1,
      40, 41, 23, -1,
      23, 41, 42, -1,
      43, 44, 45, -1,
      45, 44, 46, -1,
      42, 47, 23, -1,
      23, 47, 46, -1,
      23, 46, 48, -1,
      48, 46, 44, -1,
      28, 49, 50, -1,
      35, 51, 52, -1,
      52, 51, 53, -1,
      52, 53, 54, -1,
      39, 55, 23, -1,
      23, 55, 56, -1,
      23, 56, 40, -1,
      54, 57, 52, -1,
      52, 57, 58, -1,
      52, 58, 59, -1,
      59, 58, 60, -1,
      59, 60, 28, -1,
      28, 60, 61, -1,
      28, 61, 49, -1,
      31, 62, 29, -1,
      29, 62, 63, -1,
      29, 63, 64, -1,
      64, 63, 65, -1,
      64, 65, 66, -1,
      67, 68, 52, -1,
      52, 68, 69, -1,
      52, 69, 35, -1,
      35, 69, 70, -1,
      35, 70, 71, -1,
      65, 72, 66, -1,
      66, 72, 73, -1,
      66, 73, 52, -1,
      52, 73, 74, -1,
      52, 74, 67, -1,
      71, 75, 35, -1,
      35, 75, 76, -1,
      35, 76, 36, -1,
      24, 77, 78, -1,
      78, 77, 19, -1,
      19, 77, 79, -1,
      19, 79, 20, -1,
      50, 80, 28, -1,
      28, 80, 81, -1,
      28, 81, 20, -1,
      20, 81, 82, -1,
      82, 83, 20, -1,
      20, 83, 84, -1,
      20, 84, 85, -1,
      85, 86, 20, -1,
      20, 86, 87, -1,
      20, 87, 18, -1,
      88, 89, 90, -1,
      91, 92, 25, -1,
      25, 92, 93, -1,
      94, 95, 96, -1,
      90, 97, 88, -1,
      88, 97, 98, -1,
      88, 98, 99, -1,
      100, 101, 102, -1,
      102, 101, 103, -1,
      102, 103, 104, -1,
      104, 105, 102, -1,
      102, 105, 106, -1,
      102, 106, 93, -1,
      93, 106, 35, -1,
      93, 35, 25, -1,
      25, 35, 33, -1,
      25, 33, 27, -1,
      107, 108, 109, -1,
      109, 108, 100, -1,
      110, 111, 107, -1,
      107, 111, 112, -1,
      107, 112, 113, -1,
      114, 115, 116, -1,
      117, 118, 116, -1,
      116, 118, 119, -1,
      116, 119, 114, -1,
      114, 119, 91, -1,
      114, 91, 120, -1,
      120, 91, 25, -1,
      120, 25, 121, -1,
      96, 115, 94, -1,
      94, 115, 114, -1,
      94, 114, 102, -1,
      113, 122, 107, -1,
      107, 122, 123, -1,
      107, 123, 108, -1,
      102, 114, 100, -1,
      100, 114, 124, -1,
      100, 124, 125, -1,
      109, 126, 127, -1,
      128, 129, 130, -1,
      130, 129, 131, -1,
      130, 131, 25, -1,
      25, 131, 88, -1,
      25, 88, 121, -1,
      121, 88, 99, -1,
      127, 132, 109, -1,
      109, 132, 133, -1,
      109, 133, 88, -1,
      88, 133, 134, -1,
      88, 134, 89, -1,
      125, 135, 100, -1,
      100, 135, 136, -1,
      100, 136, 109, -1,
      109, 136, 137, -1,
      109, 137, 126, -1,
      138, 139, 25, -1,
      139, 140, 25, -1,
      25, 140, 141, -1,
      25, 141, 142, -1,
      24, 78, 25, -1,
      25, 78, 143, -1,
      25, 143, 138, -1,
      142, 144, 25, -1,
      25, 144, 145, -1,
      25, 145, 146, -1,
      110, 130, 111, -1,
      111, 130, 25, -1,
      111, 25, 147, -1,
      147, 25, 146, -1,
      148, 149, 150, -1,
      150, 149, 151, -1,
      152, 148, 153, -1,
      153, 148, 150, -1,
      153, 150, 154, -1,
      154, 150, 155, -1,
      156, 157, 158, -1,
      158, 157, 159, -1,
      160, 156, 161, -1,
      161, 156, 158, -1,
      161, 158, 162, -1,
      162, 158, 163, -1,
      164, 165, 166, -1,
      166, 165, 167, -1,
      166, 167, 168, -1,
      169, 170, 167, -1,
      167, 170, 171, -1,
      171, 172, 167, -1,
      167, 172, 173, -1,
      167, 173, 168, -1,
      164, 174, 165, -1,
      165, 174, 175, -1,
      165, 175, 176, -1,
      177, 178, 179, -1,
      179, 180, 177, -1,
      177, 180, 181, -1,
      177, 181, 182, -1,
      176, 183, 165, -1,
      165, 183, 184, -1,
      165, 184, 185, -1,
      186, 187, 167, -1,
      167, 187, 188, -1,
      167, 188, 169, -1,
      182, 189, 177, -1,
      177, 189, 190, -1,
      177, 190, 191, -1,
      185, 192, 165, -1,
      165, 192, 193, -1,
      165, 193, 177, -1,
      177, 193, 194, -1,
      177, 194, 178, -1,
      195, 196, 197, -1,
      197, 196, 198, -1,
      197, 198, 199, -1,
      199, 200, 197, -1,
      197, 200, 201, -1,
      197, 201, 202, -1,
      191, 203, 177, -1,
      177, 203, 204, -1,
      177, 204, 197, -1,
      197, 204, 205, -1,
      197, 205, 195, -1,
      202, 206, 197, -1,
      197, 206, 207, -1,
      197, 207, 167, -1,
      167, 207, 208, -1,
      167, 208, 186, -1,
      209, 210, 211, -1,
      212, 213, 214, -1,
      214, 213, 215, -1,
      214, 215, 216, -1,
      216, 215, 217, -1,
      216, 217, 218, -1,
      218, 217, 219, -1,
      218, 219, 220, -1,
      220, 219, 221, -1,
      220, 221, 222, -1,
      222, 221, 223, -1,
      222, 223, 224, -1,
      224, 223, 225, -1,
      224, 225, 226, -1,
      226, 225, 227, -1,
      226, 227, 228, -1,
      228, 227, 229, -1,
      228, 229, 230, -1,
      230, 229, 231, -1,
      230, 231, 232, -1,
      232, 231, 233, -1,
      232, 233, 234, -1,
      234, 233, 235, -1,
      234, 235, 236, -1,
      236, 235, 237, -1,
      236, 237, 238, -1,
      238, 237, 239, -1,
      238, 239, 240, -1,
      240, 239, 241, -1,
      240, 241, 242, -1,
      242, 241, 243, -1,
      242, 243, 244, -1,
      244, 243, 245, -1,
      244, 245, 246, -1,
      246, 245, 247, -1,
      246, 247, 248, -1,
      248, 247, 249, -1,
      248, 249, 250, -1,
      250, 249, 251, -1,
      250, 251, 252, -1,
      252, 251, 253, -1,
      252, 253, 254, -1,
      254, 253, 255, -1,
      254, 255, 256, -1,
      211, 210, 257, -1,
      255, 258, 256, -1,
      256, 258, 259, -1,
      256, 259, 260, -1,
      260, 259, 261, -1,
      260, 261, 262, -1,
      262, 261, 257, -1,
      262, 257, 263, -1,
      263, 257, 210, -1,
      211, 264, 209, -1,
      209, 264, 265, -1,
      209, 265, 266, -1,
      266, 265, 267, -1,
      266, 267, 268, -1,
      268, 267, 269, -1,
      268, 269, 270, -1,
      270, 269, 271, -1,
      270, 271, 272, -1,
      273, 274, 275, -1,
      275, 274, 276, -1,
      275, 276, 277, -1,
      272, 271, 278, -1,
      278, 271, 279, -1,
      278, 279, 280, -1,
      280, 279, 281, -1,
      280, 281, 282, -1,
      282, 281, 283, -1,
      282, 283, 284, -1,
      284, 283, 285, -1,
      284, 285, 286, -1,
      286, 285, 287, -1,
      286, 287, 288, -1,
      288, 287, 289, -1,
      288, 289, 290, -1,
      290, 289, 291, -1,
      290, 291, 292, -1,
      292, 291, 293, -1,
      292, 293, 294, -1,
      294, 293, 295, -1,
      294, 295, 296, -1,
      296, 295, 297, -1,
      296, 297, 298, -1,
      298, 297, 299, -1,
      298, 299, 300, -1,
      300, 299, 301, -1,
      300, 301, 302, -1,
      302, 301, 303, -1,
      302, 303, 304, -1,
      304, 303, 305, -1,
      304, 305, 306, -1,
      306, 305, 307, -1,
      306, 307, 308, -1,
      308, 307, 309, -1,
      308, 309, 310, -1,
      310, 309, 311, -1,
      310, 311, 312, -1,
      312, 311, 313, -1,
      312, 313, 314, -1,
      314, 313, 315, -1,
      314, 315, 316, -1,
      316, 315, 317, -1,
      316, 317, 318, -1,
      318, 317, 319, -1,
      318, 319, 273, -1,
      273, 319, 320, -1,
      273, 320, 274, -1,
      277, 276, 321, -1,
      321, 276, 322, -1,
      321, 322, 323, -1,
      323, 322, 324, -1,
      323, 324, 325, -1,
      326, 327, 328, -1,
      328, 327, 329, -1,
      328, 329, 330, -1,
      330, 329, 331, -1,
      330, 331, 332, -1,
      332, 331, 333, -1,
      332, 333, 334, -1,
      334, 333, 325, -1,
      334, 325, 335, -1,
      335, 325, 324, -1,
      328, 336, 326, -1,
      326, 336, 337, -1,
      326, 337, 338, -1,
      338, 337, 339, -1,
      338, 339, 340, -1,
      340, 339, 341, -1,
      340, 341, 212, -1,
      212, 341, 342, -1,
      212, 342, 213, -1,
      343, 344, 345, -1,
      345, 344, 346, -1,
      345, 346, 347, -1,
      348, 349, 350, -1,
      350, 349, 351, -1,
      350, 351, 352, -1,
      353, 354, 355, -1,
      355, 354, 356, -1,
      348, 355, 349, -1,
      349, 355, 356, -1,
      349, 356, 13, -1,
      13, 356, 14, -1,
      357, 358, 359, -1,
      359, 358, 360, -1,
      8, 358, 9, -1,
      9, 358, 357, -1,
      9, 357, 343, -1,
      343, 357, 344, -1,
      220, 222, 361, -1,
      230, 232, 362, -1,
      254, 256, 363, -1,
      364, 365, 286, -1,
      308, 310, 366, -1,
      318, 273, 367, -1,
      333, 331, 368, -1,
      338, 340, 369, -1,
      370, 371, 372, -1,
      373, 374, 375, -1,
      113, 112, 376, -1,
      122, 113, 377, -1,
      123, 122, 378, -1,
      108, 123, 379, -1,
      100, 108, 380, -1,
      101, 100, 381, -1,
      53, 51, 382, -1,
      54, 53, 383, -1,
      87, 86, 384, -1,
      18, 87, 385, -1,
      19, 18, 386, -1,
      78, 19, 387, -1,
      138, 143, 388, -1,
      139, 138, 389, -1,
      140, 139, 390, -1,
      141, 140, 391, -1,
      142, 141, 392, -1,
      144, 142, 393, -1,
      145, 144, 394, -1,
      146, 145, 395, -1,
      147, 146, 396, -1,
      111, 147, 397, -1,
      111, 397, 112, -1,
      78, 387, 143, -1,
      82, 81, 398, -1,
      80, 50, 399, -1,
      399, 50, 400, -1,
      399, 400, 401, -1,
      60, 374, 61, -1,
      61, 374, 373, -1,
      61, 373, 49, -1,
      105, 371, 106, -1,
      106, 371, 370, -1,
      106, 370, 35, -1,
      402, 403, 404, -1,
      81, 80, 398, -1,
      398, 80, 399, -1,
      398, 399, 405, -1,
      405, 399, 401, -1,
      405, 401, 406, -1,
      407, 375, 408, -1,
      408, 375, 374, -1,
      408, 374, 409, -1,
      409, 374, 60, -1,
      409, 60, 58, -1,
      410, 372, 411, -1,
      411, 372, 371, -1,
      411, 371, 412, -1,
      412, 371, 105, -1,
      412, 105, 104, -1,
      413, 403, 414, -1,
      414, 403, 402, -1,
      414, 402, 415, -1,
      83, 82, 416, -1,
      416, 82, 398, -1,
      416, 398, 417, -1,
      417, 398, 405, -1,
      417, 405, 418, -1,
      418, 405, 406, -1,
      418, 406, 419, -1,
      420, 407, 421, -1,
      421, 407, 408, -1,
      421, 408, 422, -1,
      422, 408, 409, -1,
      422, 409, 423, -1,
      423, 409, 58, -1,
      423, 58, 57, -1,
      424, 410, 425, -1,
      425, 410, 411, -1,
      425, 411, 426, -1,
      426, 411, 412, -1,
      426, 412, 427, -1,
      427, 412, 104, -1,
      427, 104, 103, -1,
      428, 413, 429, -1,
      429, 413, 414, -1,
      429, 414, 430, -1,
      430, 414, 415, -1,
      430, 415, 431, -1,
      84, 83, 432, -1,
      432, 83, 416, -1,
      432, 416, 433, -1,
      433, 416, 417, -1,
      433, 417, 434, -1,
      434, 417, 418, -1,
      434, 418, 435, -1,
      435, 418, 419, -1,
      435, 419, 436, -1,
      437, 438, 439, -1,
      363, 420, 440, -1,
      440, 420, 421, -1,
      440, 421, 441, -1,
      441, 421, 422, -1,
      441, 422, 442, -1,
      442, 422, 423, -1,
      442, 423, 443, -1,
      443, 423, 57, -1,
      443, 57, 54, -1,
      444, 445, 446, -1,
      362, 424, 447, -1,
      447, 424, 425, -1,
      447, 425, 448, -1,
      448, 425, 426, -1,
      448, 426, 449, -1,
      449, 426, 427, -1,
      449, 427, 450, -1,
      450, 427, 103, -1,
      450, 103, 101, -1,
      451, 428, 452, -1,
      452, 428, 429, -1,
      452, 429, 364, -1,
      364, 429, 430, -1,
      364, 430, 365, -1,
      365, 430, 431, -1,
      365, 431, 453, -1,
      454, 438, 455, -1,
      455, 438, 437, -1,
      455, 437, 456, -1,
      260, 262, 457, -1,
      457, 262, 456, -1,
      457, 456, 458, -1,
      458, 456, 437, -1,
      458, 437, 459, -1,
      459, 437, 439, -1,
      459, 439, 460, -1,
      461, 445, 462, -1,
      462, 445, 444, -1,
      462, 444, 463, -1,
      234, 236, 464, -1,
      464, 236, 463, -1,
      464, 463, 465, -1,
      465, 463, 444, -1,
      465, 444, 466, -1,
      466, 444, 446, -1,
      466, 446, 467, -1,
      112, 397, 376, -1,
      376, 397, 468, -1,
      376, 468, 469, -1,
      469, 468, 470, -1,
      469, 470, 471, -1,
      471, 470, 472, -1,
      471, 472, 473, -1,
      473, 472, 369, -1,
      473, 369, 474, -1,
      474, 369, 340, -1,
      474, 340, 212, -1,
      147, 396, 397, -1,
      397, 396, 475, -1,
      397, 475, 468, -1,
      468, 475, 476, -1,
      468, 476, 470, -1,
      470, 476, 477, -1,
      470, 477, 472, -1,
      472, 477, 478, -1,
      472, 478, 369, -1,
      369, 478, 326, -1,
      369, 326, 338, -1,
      479, 329, 327, -1,
      146, 395, 396, -1,
      396, 395, 480, -1,
      396, 480, 475, -1,
      475, 480, 481, -1,
      475, 481, 476, -1,
      476, 481, 482, -1,
      476, 482, 477, -1,
      477, 482, 479, -1,
      477, 479, 478, -1,
      478, 479, 327, -1,
      478, 327, 326, -1,
      145, 394, 395, -1,
      395, 394, 483, -1,
      395, 483, 480, -1,
      480, 483, 484, -1,
      480, 484, 481, -1,
      481, 484, 485, -1,
      481, 485, 482, -1,
      482, 485, 368, -1,
      482, 368, 479, -1,
      479, 368, 331, -1,
      479, 331, 329, -1,
      144, 393, 394, -1,
      394, 393, 486, -1,
      394, 486, 483, -1,
      483, 486, 487, -1,
      483, 487, 484, -1,
      484, 487, 488, -1,
      484, 488, 485, -1,
      485, 488, 489, -1,
      485, 489, 368, -1,
      368, 489, 325, -1,
      368, 325, 333, -1,
      490, 321, 323, -1,
      142, 392, 393, -1,
      393, 392, 491, -1,
      393, 491, 486, -1,
      486, 491, 492, -1,
      486, 492, 487, -1,
      487, 492, 493, -1,
      487, 493, 488, -1,
      488, 493, 490, -1,
      488, 490, 489, -1,
      489, 490, 323, -1,
      489, 323, 325, -1,
      494, 275, 277, -1,
      141, 391, 392, -1,
      392, 391, 495, -1,
      392, 495, 491, -1,
      491, 495, 496, -1,
      491, 496, 492, -1,
      492, 496, 497, -1,
      492, 497, 493, -1,
      493, 497, 494, -1,
      493, 494, 490, -1,
      490, 494, 277, -1,
      490, 277, 321, -1,
      140, 390, 391, -1,
      391, 390, 498, -1,
      391, 498, 495, -1,
      495, 498, 499, -1,
      495, 499, 496, -1,
      496, 499, 500, -1,
      496, 500, 497, -1,
      497, 500, 367, -1,
      497, 367, 494, -1,
      494, 367, 273, -1,
      494, 273, 275, -1,
      139, 389, 390, -1,
      390, 389, 501, -1,
      390, 501, 498, -1,
      498, 501, 502, -1,
      498, 502, 499, -1,
      499, 502, 503, -1,
      499, 503, 500, -1,
      500, 503, 504, -1,
      500, 504, 367, -1,
      367, 504, 316, -1,
      367, 316, 318, -1,
      505, 312, 314, -1,
      138, 388, 389, -1,
      389, 388, 506, -1,
      389, 506, 501, -1,
      501, 506, 507, -1,
      501, 507, 502, -1,
      502, 507, 508, -1,
      502, 508, 503, -1,
      503, 508, 505, -1,
      503, 505, 504, -1,
      504, 505, 314, -1,
      504, 314, 316, -1,
      143, 387, 388, -1,
      388, 387, 509, -1,
      388, 509, 506, -1,
      506, 509, 510, -1,
      506, 510, 507, -1,
      507, 510, 511, -1,
      507, 511, 508, -1,
      508, 511, 366, -1,
      508, 366, 505, -1,
      505, 366, 310, -1,
      505, 310, 312, -1,
      19, 386, 387, -1,
      387, 386, 512, -1,
      387, 512, 509, -1,
      509, 512, 513, -1,
      509, 513, 510, -1,
      510, 513, 514, -1,
      510, 514, 511, -1,
      511, 514, 515, -1,
      511, 515, 366, -1,
      366, 515, 306, -1,
      366, 306, 308, -1,
      516, 302, 304, -1,
      18, 385, 386, -1,
      386, 385, 517, -1,
      386, 517, 512, -1,
      512, 517, 518, -1,
      512, 518, 513, -1,
      513, 518, 519, -1,
      513, 519, 514, -1,
      514, 519, 516, -1,
      514, 516, 515, -1,
      515, 516, 304, -1,
      515, 304, 306, -1,
      520, 298, 300, -1,
      87, 384, 385, -1,
      385, 384, 521, -1,
      385, 521, 517, -1,
      517, 521, 522, -1,
      517, 522, 518, -1,
      518, 522, 523, -1,
      518, 523, 519, -1,
      519, 523, 520, -1,
      519, 520, 516, -1,
      516, 520, 300, -1,
      516, 300, 302, -1,
      86, 404, 384, -1,
      384, 404, 403, -1,
      384, 403, 521, -1,
      521, 403, 413, -1,
      521, 413, 522, -1,
      522, 413, 428, -1,
      522, 428, 523, -1,
      523, 428, 451, -1,
      523, 451, 520, -1,
      520, 451, 296, -1,
      520, 296, 298, -1,
      286, 288, 364, -1,
      364, 288, 290, -1,
      364, 290, 452, -1,
      452, 290, 292, -1,
      452, 292, 451, -1,
      451, 292, 294, -1,
      451, 294, 296, -1,
      272, 278, 524, -1,
      524, 278, 453, -1,
      524, 453, 525, -1,
      525, 453, 431, -1,
      525, 431, 526, -1,
      526, 431, 415, -1,
      526, 415, 527, -1,
      527, 415, 402, -1,
      527, 402, 528, -1,
      528, 402, 404, -1,
      528, 404, 85, -1,
      85, 404, 86, -1,
      278, 280, 453, -1,
      453, 280, 282, -1,
      453, 282, 365, -1,
      365, 282, 284, -1,
      365, 284, 286, -1,
      270, 272, 436, -1,
      436, 272, 524, -1,
      436, 524, 435, -1,
      435, 524, 525, -1,
      435, 525, 434, -1,
      434, 525, 526, -1,
      434, 526, 433, -1,
      433, 526, 527, -1,
      433, 527, 432, -1,
      432, 527, 528, -1,
      432, 528, 84, -1,
      84, 528, 85, -1,
      400, 460, 401, -1,
      401, 460, 439, -1,
      401, 439, 406, -1,
      406, 439, 438, -1,
      406, 438, 419, -1,
      419, 438, 454, -1,
      419, 454, 436, -1,
      436, 454, 268, -1,
      436, 268, 270, -1,
      262, 263, 456, -1,
      456, 263, 210, -1,
      456, 210, 455, -1,
      455, 210, 209, -1,
      455, 209, 454, -1,
      454, 209, 266, -1,
      454, 266, 268, -1,
      256, 260, 363, -1,
      363, 260, 457, -1,
      363, 457, 420, -1,
      420, 457, 458, -1,
      420, 458, 407, -1,
      407, 458, 459, -1,
      407, 459, 375, -1,
      375, 459, 460, -1,
      375, 460, 373, -1,
      373, 460, 400, -1,
      373, 400, 49, -1,
      49, 400, 50, -1,
      54, 383, 443, -1,
      443, 383, 529, -1,
      443, 529, 442, -1,
      442, 529, 530, -1,
      442, 530, 441, -1,
      441, 530, 531, -1,
      441, 531, 440, -1,
      440, 531, 532, -1,
      440, 532, 363, -1,
      363, 532, 252, -1,
      363, 252, 254, -1,
      533, 248, 250, -1,
      53, 382, 383, -1,
      383, 382, 534, -1,
      383, 534, 529, -1,
      529, 534, 535, -1,
      529, 535, 530, -1,
      530, 535, 536, -1,
      530, 536, 531, -1,
      531, 536, 533, -1,
      531, 533, 532, -1,
      532, 533, 250, -1,
      532, 250, 252, -1,
      382, 467, 534, -1,
      534, 467, 446, -1,
      534, 446, 535, -1,
      535, 446, 445, -1,
      535, 445, 536, -1,
      536, 445, 461, -1,
      536, 461, 533, -1,
      533, 461, 246, -1,
      533, 246, 248, -1,
      236, 238, 463, -1,
      463, 238, 240, -1,
      463, 240, 462, -1,
      462, 240, 242, -1,
      462, 242, 461, -1,
      461, 242, 244, -1,
      461, 244, 246, -1,
      232, 234, 362, -1,
      362, 234, 464, -1,
      362, 464, 424, -1,
      424, 464, 465, -1,
      424, 465, 410, -1,
      410, 465, 466, -1,
      410, 466, 372, -1,
      372, 466, 467, -1,
      372, 467, 370, -1,
      370, 467, 382, -1,
      370, 382, 35, -1,
      35, 382, 51, -1,
      101, 381, 450, -1,
      450, 381, 537, -1,
      450, 537, 449, -1,
      449, 537, 538, -1,
      449, 538, 448, -1,
      448, 538, 539, -1,
      448, 539, 447, -1,
      447, 539, 540, -1,
      447, 540, 362, -1,
      362, 540, 228, -1,
      362, 228, 230, -1,
      541, 224, 226, -1,
      100, 380, 381, -1,
      381, 380, 542, -1,
      381, 542, 537, -1,
      537, 542, 543, -1,
      537, 543, 538, -1,
      538, 543, 544, -1,
      538, 544, 539, -1,
      539, 544, 541, -1,
      539, 541, 540, -1,
      540, 541, 226, -1,
      540, 226, 228, -1,
      108, 379, 380, -1,
      380, 379, 545, -1,
      380, 545, 542, -1,
      542, 545, 546, -1,
      542, 546, 543, -1,
      543, 546, 547, -1,
      543, 547, 544, -1,
      544, 547, 361, -1,
      544, 361, 541, -1,
      541, 361, 222, -1,
      541, 222, 224, -1,
      123, 378, 379, -1,
      379, 378, 548, -1,
      379, 548, 545, -1,
      545, 548, 549, -1,
      545, 549, 546, -1,
      546, 549, 550, -1,
      546, 550, 547, -1,
      547, 550, 551, -1,
      547, 551, 361, -1,
      361, 551, 218, -1,
      361, 218, 220, -1,
      552, 214, 216, -1,
      122, 377, 378, -1,
      378, 377, 553, -1,
      378, 553, 548, -1,
      548, 553, 554, -1,
      548, 554, 549, -1,
      549, 554, 555, -1,
      549, 555, 550, -1,
      550, 555, 552, -1,
      550, 552, 551, -1,
      551, 552, 216, -1,
      551, 216, 218, -1,
      113, 376, 377, -1,
      377, 376, 469, -1,
      377, 469, 553, -1,
      553, 469, 471, -1,
      553, 471, 554, -1,
      554, 471, 473, -1,
      554, 473, 555, -1,
      555, 473, 474, -1,
      555, 474, 552, -1,
      552, 474, 212, -1,
      552, 212, 214, -1,
      271, 269, 556, -1,
      267, 265, 557, -1,
      211, 257, 558, -1,
      255, 253, 559, -1,
      245, 243, 560, -1,
      235, 233, 561, -1,
      225, 223, 562, -1,
      215, 213, 563, -1,
      339, 337, 564, -1,
      328, 330, 565, -1,
      332, 334, 566, -1,
      324, 322, 567, -1,
      319, 317, 568, -1,
      309, 307, 569, -1,
      299, 297, 570, -1,
      289, 287, 571, -1,
      203, 191, 572, -1,
      572, 191, 573, -1,
      572, 573, 574, -1,
      574, 573, 575, -1,
      574, 575, 576, -1,
      576, 575, 577, -1,
      576, 577, 578, -1,
      578, 577, 579, -1,
      578, 579, 580, -1,
      580, 579, 571, -1,
      189, 182, 581, -1,
      581, 182, 582, -1,
      581, 582, 583, -1,
      583, 582, 584, -1,
      583, 584, 585, -1,
      585, 584, 586, -1,
      585, 586, 587, -1,
      587, 586, 588, -1,
      587, 588, 589, -1,
      589, 588, 570, -1,
      180, 179, 590, -1,
      590, 179, 591, -1,
      590, 591, 592, -1,
      592, 591, 593, -1,
      592, 593, 594, -1,
      594, 593, 595, -1,
      594, 595, 596, -1,
      596, 595, 597, -1,
      596, 597, 598, -1,
      598, 597, 569, -1,
      194, 193, 599, -1,
      599, 193, 600, -1,
      599, 600, 601, -1,
      601, 600, 602, -1,
      601, 602, 603, -1,
      603, 602, 604, -1,
      603, 604, 605, -1,
      605, 604, 606, -1,
      605, 606, 607, -1,
      607, 606, 568, -1,
      185, 184, 608, -1,
      608, 184, 609, -1,
      608, 609, 610, -1,
      610, 609, 611, -1,
      610, 611, 612, -1,
      612, 611, 613, -1,
      612, 613, 614, -1,
      614, 613, 615, -1,
      614, 615, 616, -1,
      616, 615, 567, -1,
      166, 168, 617, -1,
      617, 168, 618, -1,
      617, 618, 619, -1,
      619, 618, 620, -1,
      619, 620, 621, -1,
      621, 620, 622, -1,
      621, 622, 623, -1,
      623, 622, 624, -1,
      623, 624, 625, -1,
      625, 624, 563, -1,
      172, 171, 626, -1,
      626, 171, 627, -1,
      626, 627, 628, -1,
      628, 627, 629, -1,
      628, 629, 630, -1,
      630, 629, 631, -1,
      630, 631, 632, -1,
      632, 631, 633, -1,
      632, 633, 634, -1,
      634, 633, 562, -1,
      169, 188, 635, -1,
      635, 188, 636, -1,
      635, 636, 637, -1,
      637, 636, 638, -1,
      637, 638, 639, -1,
      639, 638, 640, -1,
      639, 640, 641, -1,
      641, 640, 642, -1,
      641, 642, 643, -1,
      643, 642, 561, -1,
      186, 208, 644, -1,
      644, 208, 645, -1,
      644, 645, 646, -1,
      646, 645, 647, -1,
      646, 647, 648, -1,
      648, 647, 649, -1,
      648, 649, 650, -1,
      650, 649, 651, -1,
      650, 651, 652, -1,
      652, 651, 560, -1,
      206, 202, 653, -1,
      653, 202, 654, -1,
      653, 654, 655, -1,
      655, 654, 656, -1,
      655, 656, 657, -1,
      657, 656, 658, -1,
      657, 658, 659, -1,
      659, 658, 660, -1,
      659, 660, 661, -1,
      661, 660, 559, -1,
      200, 199, 662, -1,
      662, 199, 663, -1,
      662, 663, 664, -1,
      664, 663, 665, -1,
      664, 665, 666, -1,
      666, 665, 667, -1,
      666, 667, 668, -1,
      668, 667, 669, -1,
      668, 669, 670, -1,
      670, 669, 558, -1,
      204, 203, 671, -1,
      671, 203, 572, -1,
      671, 572, 672, -1,
      672, 572, 574, -1,
      672, 574, 673, -1,
      673, 574, 576, -1,
      673, 576, 674, -1,
      674, 576, 578, -1,
      674, 578, 675, -1,
      675, 578, 580, -1,
      675, 580, 281, -1,
      281, 580, 283, -1,
      571, 287, 580, -1,
      580, 287, 285, -1,
      580, 285, 283, -1,
      291, 289, 676, -1,
      676, 289, 571, -1,
      676, 571, 677, -1,
      677, 571, 579, -1,
      677, 579, 678, -1,
      678, 579, 577, -1,
      678, 577, 679, -1,
      679, 577, 575, -1,
      679, 575, 680, -1,
      680, 575, 573, -1,
      680, 573, 190, -1,
      190, 573, 191, -1,
      190, 189, 680, -1,
      680, 189, 581, -1,
      680, 581, 679, -1,
      679, 581, 583, -1,
      679, 583, 678, -1,
      678, 583, 585, -1,
      678, 585, 677, -1,
      677, 585, 587, -1,
      677, 587, 676, -1,
      676, 587, 589, -1,
      676, 589, 291, -1,
      291, 589, 293, -1,
      570, 297, 589, -1,
      589, 297, 295, -1,
      589, 295, 293, -1,
      301, 299, 681, -1,
      681, 299, 570, -1,
      681, 570, 682, -1,
      682, 570, 588, -1,
      682, 588, 683, -1,
      683, 588, 586, -1,
      683, 586, 684, -1,
      684, 586, 584, -1,
      684, 584, 685, -1,
      685, 584, 582, -1,
      685, 582, 181, -1,
      181, 582, 182, -1,
      181, 180, 685, -1,
      685, 180, 590, -1,
      685, 590, 684, -1,
      684, 590, 592, -1,
      684, 592, 683, -1,
      683, 592, 594, -1,
      683, 594, 682, -1,
      682, 594, 596, -1,
      682, 596, 681, -1,
      681, 596, 598, -1,
      681, 598, 301, -1,
      301, 598, 303, -1,
      569, 307, 598, -1,
      598, 307, 305, -1,
      598, 305, 303, -1,
      311, 309, 686, -1,
      686, 309, 569, -1,
      686, 569, 687, -1,
      687, 569, 597, -1,
      687, 597, 688, -1,
      688, 597, 595, -1,
      688, 595, 689, -1,
      689, 595, 593, -1,
      689, 593, 690, -1,
      690, 593, 591, -1,
      690, 591, 178, -1,
      178, 591, 179, -1,
      178, 194, 690, -1,
      690, 194, 599, -1,
      690, 599, 689, -1,
      689, 599, 601, -1,
      689, 601, 688, -1,
      688, 601, 603, -1,
      688, 603, 687, -1,
      687, 603, 605, -1,
      687, 605, 686, -1,
      686, 605, 607, -1,
      686, 607, 311, -1,
      311, 607, 313, -1,
      568, 317, 607, -1,
      607, 317, 315, -1,
      607, 315, 313, -1,
      320, 319, 691, -1,
      691, 319, 568, -1,
      691, 568, 692, -1,
      692, 568, 606, -1,
      692, 606, 693, -1,
      693, 606, 604, -1,
      693, 604, 694, -1,
      694, 604, 602, -1,
      694, 602, 695, -1,
      695, 602, 600, -1,
      695, 600, 192, -1,
      192, 600, 193, -1,
      192, 185, 695, -1,
      695, 185, 608, -1,
      695, 608, 694, -1,
      694, 608, 610, -1,
      694, 610, 693, -1,
      693, 610, 612, -1,
      693, 612, 692, -1,
      692, 612, 614, -1,
      692, 614, 691, -1,
      691, 614, 616, -1,
      691, 616, 320, -1,
      320, 616, 274, -1,
      567, 322, 616, -1,
      616, 322, 276, -1,
      616, 276, 274, -1,
      335, 324, 696, -1,
      696, 324, 567, -1,
      696, 567, 697, -1,
      697, 567, 615, -1,
      697, 615, 698, -1,
      698, 615, 613, -1,
      698, 613, 699, -1,
      699, 613, 611, -1,
      699, 611, 700, -1,
      700, 611, 609, -1,
      700, 609, 183, -1,
      183, 609, 184, -1,
      183, 176, 700, -1,
      700, 176, 701, -1,
      700, 701, 699, -1,
      699, 701, 702, -1,
      699, 702, 698, -1,
      698, 702, 703, -1,
      698, 703, 697, -1,
      697, 703, 704, -1,
      697, 704, 696, -1,
      696, 704, 566, -1,
      696, 566, 335, -1,
      335, 566, 334, -1,
      330, 332, 565, -1,
      565, 332, 566, -1,
      565, 566, 705, -1,
      705, 566, 704, -1,
      705, 704, 706, -1,
      706, 704, 703, -1,
      706, 703, 707, -1,
      707, 703, 702, -1,
      707, 702, 708, -1,
      708, 702, 701, -1,
      708, 701, 175, -1,
      175, 701, 176, -1,
      336, 328, 709, -1,
      709, 328, 565, -1,
      709, 565, 710, -1,
      710, 565, 705, -1,
      710, 705, 711, -1,
      711, 705, 706, -1,
      711, 706, 712, -1,
      712, 706, 707, -1,
      712, 707, 713, -1,
      713, 707, 708, -1,
      713, 708, 174, -1,
      174, 708, 175, -1,
      174, 164, 713, -1,
      713, 164, 714, -1,
      713, 714, 712, -1,
      712, 714, 715, -1,
      712, 715, 711, -1,
      711, 715, 716, -1,
      711, 716, 710, -1,
      710, 716, 717, -1,
      710, 717, 709, -1,
      709, 717, 564, -1,
      709, 564, 336, -1,
      336, 564, 337, -1,
      341, 339, 625, -1,
      625, 339, 564, -1,
      625, 564, 623, -1,
      623, 564, 717, -1,
      623, 717, 621, -1,
      621, 717, 716, -1,
      621, 716, 619, -1,
      619, 716, 715, -1,
      619, 715, 617, -1,
      617, 715, 714, -1,
      617, 714, 166, -1,
      166, 714, 164, -1,
      563, 213, 625, -1,
      625, 213, 342, -1,
      625, 342, 341, -1,
      217, 215, 718, -1,
      718, 215, 563, -1,
      718, 563, 719, -1,
      719, 563, 624, -1,
      719, 624, 720, -1,
      720, 624, 622, -1,
      720, 622, 721, -1,
      721, 622, 620, -1,
      721, 620, 722, -1,
      722, 620, 618, -1,
      722, 618, 173, -1,
      173, 618, 168, -1,
      173, 172, 722, -1,
      722, 172, 626, -1,
      722, 626, 721, -1,
      721, 626, 628, -1,
      721, 628, 720, -1,
      720, 628, 630, -1,
      720, 630, 719, -1,
      719, 630, 632, -1,
      719, 632, 718, -1,
      718, 632, 634, -1,
      718, 634, 217, -1,
      217, 634, 219, -1,
      562, 223, 634, -1,
      634, 223, 221, -1,
      634, 221, 219, -1,
      227, 225, 723, -1,
      723, 225, 562, -1,
      723, 562, 724, -1,
      724, 562, 633, -1,
      724, 633, 725, -1,
      725, 633, 631, -1,
      725, 631, 726, -1,
      726, 631, 629, -1,
      726, 629, 727, -1,
      727, 629, 627, -1,
      727, 627, 170, -1,
      170, 627, 171, -1,
      170, 169, 727, -1,
      727, 169, 635, -1,
      727, 635, 726, -1,
      726, 635, 637, -1,
      726, 637, 725, -1,
      725, 637, 639, -1,
      725, 639, 724, -1,
      724, 639, 641, -1,
      724, 641, 723, -1,
      723, 641, 643, -1,
      723, 643, 227, -1,
      227, 643, 229, -1,
      561, 233, 643, -1,
      643, 233, 231, -1,
      643, 231, 229, -1,
      237, 235, 728, -1,
      728, 235, 561, -1,
      728, 561, 729, -1,
      729, 561, 642, -1,
      729, 642, 730, -1,
      730, 642, 640, -1,
      730, 640, 731, -1,
      731, 640, 638, -1,
      731, 638, 732, -1,
      732, 638, 636, -1,
      732, 636, 187, -1,
      187, 636, 188, -1,
      187, 186, 732, -1,
      732, 186, 644, -1,
      732, 644, 731, -1,
      731, 644, 646, -1,
      731, 646, 730, -1,
      730, 646, 648, -1,
      730, 648, 729, -1,
      729, 648, 650, -1,
      729, 650, 728, -1,
      728, 650, 652, -1,
      728, 652, 237, -1,
      237, 652, 239, -1,
      560, 243, 652, -1,
      652, 243, 241, -1,
      652, 241, 239, -1,
      247, 245, 733, -1,
      733, 245, 560, -1,
      733, 560, 734, -1,
      734, 560, 651, -1,
      734, 651, 735, -1,
      735, 651, 649, -1,
      735, 649, 736, -1,
      736, 649, 647, -1,
      736, 647, 737, -1,
      737, 647, 645, -1,
      737, 645, 207, -1,
      207, 645, 208, -1,
      207, 206, 737, -1,
      737, 206, 653, -1,
      737, 653, 736, -1,
      736, 653, 655, -1,
      736, 655, 735, -1,
      735, 655, 657, -1,
      735, 657, 734, -1,
      734, 657, 659, -1,
      734, 659, 733, -1,
      733, 659, 661, -1,
      733, 661, 247, -1,
      247, 661, 249, -1,
      559, 253, 661, -1,
      661, 253, 251, -1,
      661, 251, 249, -1,
      258, 255, 738, -1,
      738, 255, 559, -1,
      738, 559, 739, -1,
      739, 559, 660, -1,
      739, 660, 740, -1,
      740, 660, 658, -1,
      740, 658, 741, -1,
      741, 658, 656, -1,
      741, 656, 742, -1,
      742, 656, 654, -1,
      742, 654, 201, -1,
      201, 654, 202, -1,
      201, 200, 742, -1,
      742, 200, 662, -1,
      742, 662, 741, -1,
      741, 662, 664, -1,
      741, 664, 740, -1,
      740, 664, 666, -1,
      740, 666, 739, -1,
      739, 666, 668, -1,
      739, 668, 738, -1,
      738, 668, 670, -1,
      738, 670, 258, -1,
      258, 670, 259, -1,
      558, 257, 670, -1,
      670, 257, 261, -1,
      670, 261, 259, -1,
      264, 211, 743, -1,
      743, 211, 558, -1,
      743, 558, 744, -1,
      744, 558, 669, -1,
      744, 669, 745, -1,
      745, 669, 667, -1,
      745, 667, 746, -1,
      746, 667, 665, -1,
      746, 665, 747, -1,
      747, 665, 663, -1,
      747, 663, 198, -1,
      198, 663, 199, -1,
      198, 196, 747, -1,
      747, 196, 748, -1,
      747, 748, 746, -1,
      746, 748, 749, -1,
      746, 749, 745, -1,
      745, 749, 750, -1,
      745, 750, 744, -1,
      744, 750, 751, -1,
      744, 751, 743, -1,
      743, 751, 557, -1,
      743, 557, 264, -1,
      264, 557, 265, -1,
      269, 267, 556, -1,
      556, 267, 557, -1,
      556, 557, 752, -1,
      752, 557, 751, -1,
      752, 751, 753, -1,
      753, 751, 750, -1,
      753, 750, 754, -1,
      754, 750, 749, -1,
      754, 749, 755, -1,
      755, 749, 748, -1,
      755, 748, 195, -1,
      195, 748, 196, -1,
      279, 271, 756, -1,
      756, 271, 556, -1,
      756, 556, 757, -1,
      757, 556, 752, -1,
      757, 752, 758, -1,
      758, 752, 753, -1,
      758, 753, 759, -1,
      759, 753, 754, -1,
      759, 754, 760, -1,
      760, 754, 755, -1,
      760, 755, 205, -1,
      205, 755, 195, -1,
      205, 204, 760, -1,
      760, 204, 671, -1,
      760, 671, 759, -1,
      759, 671, 672, -1,
      759, 672, 758, -1,
      758, 672, 673, -1,
      758, 673, 757, -1,
      757, 673, 674, -1,
      757, 674, 756, -1,
      756, 674, 675, -1,
      756, 675, 279, -1,
      279, 675, 281, -1,
      151, 149, 761, -1,
      761, 149, 762, -1,
      763, 764, 765, -1,
      765, 764, 761, -1,
      765, 761, 766, -1,
      766, 761, 762, -1,
      767, 768, 763, -1,
      763, 768, 769, -1,
      763, 769, 764, -1,
      770, 771, 767, -1,
      767, 771, 772, -1,
      767, 772, 768, -1,
      346, 344, 773, -1,
      773, 344, 774, -1,
      773, 774, 770, -1,
      770, 774, 775, -1,
      770, 775, 771, -1,
      776, 156, 160, -1,
      777, 778, 10, -1,
      10, 778, 779, -1,
      10, 779, 8, -1,
      10, 780, 777, -1,
      777, 780, 781, -1,
      777, 781, 782, -1,
      782, 781, 783, -1,
      782, 783, 784, -1,
      785, 786, 787, -1,
      787, 788, 785, -1,
      785, 788, 789, -1,
      785, 789, 783, -1,
      783, 789, 790, -1,
      783, 790, 784, -1,
      776, 160, 791, -1,
      160, 792, 791, -1,
      791, 792, 793, -1,
      791, 793, 786, -1,
      786, 793, 794, -1,
      786, 794, 787, -1,
      769, 795, 764, -1,
      764, 795, 796, -1,
      764, 796, 761, -1,
      761, 796, 150, -1,
      761, 150, 151, -1,
      797, 798, 769, -1,
      769, 798, 799, -1,
      769, 799, 795, -1,
      344, 357, 774, -1,
      774, 357, 800, -1,
      774, 800, 775, -1,
      775, 800, 801, -1,
      775, 801, 771, -1,
      771, 801, 802, -1,
      771, 802, 772, -1,
      772, 802, 797, -1,
      772, 797, 768, -1,
      768, 797, 769, -1,
      782, 803, 804, -1,
      782, 804, 777, -1,
      777, 804, 805, -1,
      777, 805, 778, -1,
      778, 805, 806, -1,
      778, 806, 779, -1,
      779, 806, 358, -1,
      779, 358, 8, -1,
      803, 782, 807, -1,
      807, 782, 784, -1,
      807, 784, 808, -1,
      784, 790, 808, -1,
      808, 790, 789, -1,
      808, 789, 809, -1,
      809, 789, 788, -1,
      809, 788, 810, -1,
      810, 788, 811, -1,
      811, 788, 787, -1,
      811, 787, 812, -1,
      787, 794, 812, -1,
      812, 794, 793, -1,
      812, 793, 813, -1,
      813, 793, 814, -1,
      793, 792, 814, -1,
      814, 792, 160, -1,
      814, 160, 161, -1,
      357, 359, 800, -1,
      800, 359, 815, -1,
      800, 815, 801, -1,
      801, 815, 802, -1,
      802, 815, 816, -1,
      802, 816, 797, -1,
      797, 816, 798, -1,
      798, 816, 817, -1,
      798, 817, 799, -1,
      799, 817, 818, -1,
      799, 818, 795, -1,
      795, 818, 819, -1,
      795, 819, 796, -1,
      796, 819, 155, -1,
      796, 155, 150, -1,
      348, 350, 820, -1,
      820, 350, 821, -1,
      820, 821, 822, -1,
      822, 821, 823, -1,
      822, 823, 824, -1,
      825, 826, 827, -1,
      827, 826, 828, -1,
      827, 828, 829, -1,
      829, 828, 830, -1,
      829, 830, 831, -1,
      831, 830, 824, -1,
      831, 824, 832, -1,
      832, 824, 823, -1,
      833, 834, 835, -1,
      835, 836, 833, -1,
      833, 836, 837, -1,
      833, 837, 838, -1,
      838, 837, 839, -1,
      838, 839, 840, -1,
      840, 839, 841, -1,
      840, 841, 825, -1,
      825, 841, 842, -1,
      825, 842, 826, -1,
      834, 843, 835, -1,
      835, 843, 844, -1,
      835, 844, 152, -1,
      152, 844, 845, -1,
      152, 845, 148, -1,
      846, 159, 157, -1,
      157, 847, 846, -1,
      846, 847, 848, -1,
      846, 848, 849, -1,
      849, 848, 850, -1,
      849, 850, 851, -1,
      851, 852, 849, -1,
      849, 852, 853, -1,
      849, 853, 854, -1,
      853, 855, 854, -1,
      854, 855, 856, -1,
      854, 856, 857, -1,
      857, 856, 858, -1,
      857, 858, 859, -1,
      859, 858, 860, -1,
      859, 860, 861, -1,
      861, 860, 862, -1,
      861, 862, 863, -1,
      862, 864, 863, -1,
      863, 864, 865, -1,
      863, 865, 866, -1,
      866, 865, 867, -1,
      866, 867, 14, -1,
      14, 867, 16, -1,
      360, 358, 868, -1,
      868, 358, 806, -1,
      868, 806, 869, -1,
      161, 162, 814, -1,
      814, 162, 870, -1,
      814, 870, 813, -1,
      813, 870, 871, -1,
      813, 871, 812, -1,
      812, 871, 872, -1,
      812, 872, 811, -1,
      811, 872, 873, -1,
      811, 873, 810, -1,
      810, 873, 874, -1,
      810, 874, 809, -1,
      809, 874, 875, -1,
      809, 875, 808, -1,
      808, 875, 876, -1,
      808, 876, 807, -1,
      807, 876, 877, -1,
      807, 877, 803, -1,
      803, 877, 878, -1,
      803, 878, 804, -1,
      804, 878, 869, -1,
      804, 869, 805, -1,
      805, 869, 806, -1,
      177, 197, 879, -1,
      177, 879, 880, -1,
      880, 879, 881, -1,
      880, 881, 882, -1,
      882, 881, 883, -1,
      882, 883, 884, -1,
      884, 883, 885, -1,
      884, 885, 886, -1,
      886, 885, 887, -1,
      886, 887, 888, -1,
      888, 887, 359, -1,
      888, 359, 360, -1,
      819, 818, 889, -1,
      889, 818, 890, -1,
      889, 890, 891, -1,
      891, 890, 892, -1,
      891, 892, 893, -1,
      893, 892, 894, -1,
      893, 894, 895, -1,
      895, 894, 896, -1,
      895, 896, 897, -1,
      897, 896, 898, -1,
      897, 898, 197, -1,
      818, 817, 890, -1,
      890, 817, 899, -1,
      890, 899, 892, -1,
      892, 899, 900, -1,
      892, 900, 894, -1,
      894, 900, 901, -1,
      894, 901, 896, -1,
      896, 901, 902, -1,
      896, 902, 898, -1,
      898, 902, 903, -1,
      898, 903, 197, -1,
      155, 819, 904, -1,
      904, 819, 889, -1,
      904, 889, 905, -1,
      905, 889, 891, -1,
      905, 891, 906, -1,
      906, 891, 893, -1,
      906, 893, 907, -1,
      907, 893, 895, -1,
      907, 895, 908, -1,
      908, 895, 897, -1,
      908, 897, 197, -1,
      816, 815, 909, -1,
      909, 815, 910, -1,
      909, 910, 911, -1,
      911, 910, 912, -1,
      911, 912, 913, -1,
      913, 912, 914, -1,
      913, 914, 915, -1,
      915, 914, 916, -1,
      915, 916, 917, -1,
      917, 916, 918, -1,
      917, 918, 197, -1,
      815, 359, 910, -1,
      910, 359, 887, -1,
      910, 887, 912, -1,
      912, 887, 885, -1,
      912, 885, 914, -1,
      914, 885, 883, -1,
      914, 883, 916, -1,
      916, 883, 881, -1,
      916, 881, 918, -1,
      918, 881, 879, -1,
      918, 879, 197, -1,
      817, 816, 899, -1,
      899, 816, 909, -1,
      899, 909, 900, -1,
      900, 909, 911, -1,
      900, 911, 901, -1,
      901, 911, 913, -1,
      901, 913, 902, -1,
      902, 913, 915, -1,
      902, 915, 903, -1,
      903, 915, 917, -1,
      903, 917, 197, -1,
      348, 820, 355, -1,
      355, 820, 822, -1,
      355, 822, 919, -1,
      919, 822, 824, -1,
      919, 824, 920, -1,
      920, 824, 830, -1,
      920, 830, 921, -1,
      921, 830, 828, -1,
      921, 828, 922, -1,
      922, 828, 826, -1,
      922, 826, 923, -1,
      923, 826, 842, -1,
      923, 842, 924, -1,
      924, 842, 841, -1,
      924, 841, 925, -1,
      841, 839, 925, -1,
      925, 839, 837, -1,
      925, 837, 926, -1,
      152, 153, 835, -1,
      835, 153, 926, -1,
      835, 926, 836, -1,
      836, 926, 837, -1,
      859, 927, 857, -1,
      857, 927, 928, -1,
      857, 928, 854, -1,
      854, 928, 929, -1,
      854, 929, 849, -1,
      849, 929, 930, -1,
      849, 930, 846, -1,
      846, 930, 158, -1,
      846, 158, 159, -1,
      14, 356, 866, -1,
      866, 356, 931, -1,
      866, 931, 863, -1,
      863, 931, 932, -1,
      863, 932, 861, -1,
      861, 932, 933, -1,
      861, 933, 859, -1,
      859, 933, 934, -1,
      859, 934, 927, -1,
      935, 936, 177, -1,
      935, 177, 937, -1,
      938, 937, 177, -1,
      939, 938, 177, -1,
      940, 939, 177, -1,
      941, 940, 177, -1,
      880, 941, 177, -1,
      880, 882, 942, -1,
      882, 884, 943, -1,
      884, 886, 944, -1,
      886, 888, 945, -1,
      888, 360, 868, -1,
      888, 868, 945, -1,
      945, 868, 869, -1,
      945, 869, 946, -1,
      869, 878, 946, -1,
      946, 878, 877, -1,
      946, 877, 947, -1,
      877, 876, 947, -1,
      947, 876, 875, -1,
      947, 875, 948, -1,
      875, 874, 948, -1,
      948, 874, 873, -1,
      948, 873, 949, -1,
      873, 872, 949, -1,
      949, 872, 871, -1,
      949, 871, 950, -1,
      871, 870, 950, -1,
      950, 870, 162, -1,
      950, 162, 951, -1,
      886, 945, 944, -1,
      944, 945, 946, -1,
      944, 946, 952, -1,
      952, 946, 947, -1,
      952, 947, 953, -1,
      953, 947, 948, -1,
      953, 948, 954, -1,
      954, 948, 949, -1,
      954, 949, 955, -1,
      955, 949, 950, -1,
      955, 950, 956, -1,
      956, 950, 951, -1,
      956, 951, 957, -1,
      884, 944, 943, -1,
      943, 944, 952, -1,
      943, 952, 958, -1,
      958, 952, 953, -1,
      958, 953, 959, -1,
      959, 953, 954, -1,
      959, 954, 960, -1,
      960, 954, 955, -1,
      960, 955, 961, -1,
      961, 955, 956, -1,
      961, 956, 962, -1,
      962, 956, 957, -1,
      962, 957, 963, -1,
      882, 943, 942, -1,
      942, 943, 958, -1,
      942, 958, 964, -1,
      964, 958, 959, -1,
      964, 959, 965, -1,
      965, 959, 960, -1,
      965, 960, 966, -1,
      966, 960, 961, -1,
      966, 961, 967, -1,
      967, 961, 962, -1,
      967, 962, 968, -1,
      968, 962, 963, -1,
      968, 963, 969, -1,
      880, 942, 941, -1,
      941, 942, 964, -1,
      941, 964, 940, -1,
      940, 964, 965, -1,
      940, 965, 939, -1,
      939, 965, 966, -1,
      939, 966, 938, -1,
      938, 966, 967, -1,
      938, 967, 937, -1,
      937, 967, 968, -1,
      937, 968, 935, -1,
      935, 968, 969, -1,
      935, 969, 936, -1,
      197, 167, 970, -1,
      197, 970, 908, -1,
      908, 970, 971, -1,
      908, 971, 907, -1,
      907, 971, 972, -1,
      907, 972, 906, -1,
      906, 972, 973, -1,
      906, 973, 905, -1,
      905, 973, 974, -1,
      905, 974, 904, -1,
      904, 974, 154, -1,
      904, 154, 155, -1,
      153, 154, 975, -1,
      153, 975, 926, -1,
      926, 975, 976, -1,
      926, 976, 925, -1,
      925, 976, 977, -1,
      925, 977, 924, -1,
      978, 922, 977, -1,
      977, 922, 923, -1,
      977, 923, 924, -1,
      979, 353, 355, -1,
      355, 919, 979, -1,
      979, 919, 920, -1,
      979, 920, 978, -1,
      978, 920, 921, -1,
      978, 921, 922, -1,
      356, 354, 931, -1,
      931, 354, 980, -1,
      931, 980, 932, -1,
      932, 980, 981, -1,
      932, 981, 933, -1,
      933, 981, 982, -1,
      933, 982, 934, -1,
      934, 982, 983, -1,
      934, 983, 927, -1,
      927, 983, 984, -1,
      927, 984, 928, -1,
      984, 985, 928, -1,
      928, 985, 986, -1,
      928, 986, 929, -1,
      986, 987, 929, -1,
      929, 987, 988, -1,
      929, 988, 930, -1,
      930, 988, 989, -1,
      989, 990, 930, -1,
      930, 990, 163, -1,
      930, 163, 158, -1,
      165, 177, 936, -1,
      165, 936, 991, -1,
      991, 936, 969, -1,
      991, 969, 992, -1,
      992, 969, 963, -1,
      992, 963, 993, -1,
      993, 963, 957, -1,
      993, 957, 994, -1,
      994, 957, 951, -1,
      994, 951, 995, -1,
      995, 951, 162, -1,
      995, 162, 163, -1,
      979, 978, 996, -1,
      996, 978, 997, -1,
      996, 997, 998, -1,
      998, 997, 999, -1,
      998, 999, 1000, -1,
      1000, 999, 1001, -1,
      1000, 1001, 1002, -1,
      1002, 1001, 1003, -1,
      1002, 1003, 1004, -1,
      1004, 1003, 1005, -1,
      1004, 1005, 167, -1,
      978, 977, 997, -1,
      997, 977, 1006, -1,
      997, 1006, 999, -1,
      999, 1006, 1007, -1,
      999, 1007, 1001, -1,
      1001, 1007, 1008, -1,
      1001, 1008, 1003, -1,
      1003, 1008, 1009, -1,
      1003, 1009, 1005, -1,
      1005, 1009, 1010, -1,
      1005, 1010, 167, -1,
      353, 979, 1011, -1,
      1011, 979, 996, -1,
      1011, 996, 1012, -1,
      1012, 996, 998, -1,
      1012, 998, 1013, -1,
      1013, 998, 1000, -1,
      1013, 1000, 1014, -1,
      1014, 1000, 1002, -1,
      1014, 1002, 1015, -1,
      1015, 1002, 1004, -1,
      1015, 1004, 167, -1,
      976, 975, 1016, -1,
      1016, 975, 1017, -1,
      1016, 1017, 1018, -1,
      1018, 1017, 1019, -1,
      1018, 1019, 1020, -1,
      1020, 1019, 1021, -1,
      1020, 1021, 1022, -1,
      1022, 1021, 1023, -1,
      1022, 1023, 1024, -1,
      1024, 1023, 1025, -1,
      1024, 1025, 167, -1,
      975, 154, 1017, -1,
      1017, 154, 974, -1,
      1017, 974, 1019, -1,
      1019, 974, 973, -1,
      1019, 973, 1021, -1,
      1021, 973, 972, -1,
      1021, 972, 1023, -1,
      1023, 972, 971, -1,
      1023, 971, 1025, -1,
      1025, 971, 970, -1,
      1025, 970, 167, -1,
      977, 976, 1006, -1,
      1006, 976, 1016, -1,
      1006, 1016, 1007, -1,
      1007, 1016, 1018, -1,
      1007, 1018, 1008, -1,
      1008, 1018, 1020, -1,
      1008, 1020, 1009, -1,
      1009, 1020, 1022, -1,
      1009, 1022, 1010, -1,
      1010, 1022, 1024, -1,
      1010, 1024, 167, -1,
      980, 354, 1026, -1,
      982, 981, 1027, -1,
      984, 983, 1028, -1,
      986, 985, 1029, -1,
      988, 987, 1030, -1,
      990, 989, 1031, -1,
      989, 988, 1031, -1,
      1031, 988, 1030, -1,
      1031, 1030, 1032, -1,
      1032, 1030, 1033, -1,
      1032, 1033, 1034, -1,
      1034, 1033, 1035, -1,
      1034, 1035, 1036, -1,
      1036, 1035, 1037, -1,
      1036, 1037, 1038, -1,
      1038, 1037, 1039, -1,
      1038, 1039, 165, -1,
      987, 986, 1030, -1,
      1030, 986, 1029, -1,
      1030, 1029, 1033, -1,
      1033, 1029, 1040, -1,
      1033, 1040, 1035, -1,
      1035, 1040, 1041, -1,
      1035, 1041, 1037, -1,
      1037, 1041, 1042, -1,
      1037, 1042, 1039, -1,
      1039, 1042, 1043, -1,
      1039, 1043, 165, -1,
      163, 990, 995, -1,
      995, 990, 1031, -1,
      995, 1031, 994, -1,
      994, 1031, 1032, -1,
      994, 1032, 993, -1,
      993, 1032, 1034, -1,
      993, 1034, 992, -1,
      992, 1034, 1036, -1,
      992, 1036, 991, -1,
      991, 1036, 1038, -1,
      991, 1038, 165, -1,
      983, 982, 1028, -1,
      1028, 982, 1027, -1,
      1028, 1027, 1044, -1,
      1044, 1027, 1045, -1,
      1044, 1045, 1046, -1,
      1046, 1045, 1047, -1,
      1046, 1047, 1048, -1,
      1048, 1047, 1049, -1,
      1048, 1049, 1050, -1,
      1050, 1049, 1051, -1,
      1050, 1051, 165, -1,
      981, 980, 1027, -1,
      1027, 980, 1026, -1,
      1027, 1026, 1045, -1,
      1045, 1026, 1052, -1,
      1045, 1052, 1047, -1,
      1047, 1052, 1053, -1,
      1047, 1053, 1049, -1,
      1049, 1053, 1054, -1,
      1049, 1054, 1051, -1,
      1051, 1054, 1055, -1,
      1051, 1055, 165, -1,
      985, 984, 1029, -1,
      1029, 984, 1028, -1,
      1029, 1028, 1040, -1,
      1040, 1028, 1044, -1,
      1040, 1044, 1041, -1,
      1041, 1044, 1046, -1,
      1041, 1046, 1042, -1,
      1042, 1046, 1048, -1,
      1042, 1048, 1043, -1,
      1043, 1048, 1050, -1,
      1043, 1050, 165, -1,
      167, 165, 1055, -1,
      167, 1055, 1015, -1,
      1015, 1055, 1054, -1,
      1015, 1054, 1014, -1,
      1014, 1054, 1053, -1,
      1014, 1053, 1013, -1,
      1013, 1053, 1052, -1,
      1013, 1052, 1012, -1,
      1012, 1052, 1026, -1,
      1012, 1026, 1011, -1,
      1011, 1026, 354, -1,
      1011, 354, 353, -1,
      827, 1056, 825, -1,
      825, 1056, 1057, -1,
      825, 1057, 840, -1,
      840, 1057, 1058, -1,
      840, 1058, 838, -1,
      853, 1059, 855, -1,
      855, 1059, 1060, -1,
      855, 1060, 856, -1,
      856, 1060, 1061, -1,
      856, 1061, 858, -1,
      1062, 785, 783, -1,
      780, 1063, 781, -1,
      781, 1063, 1064, -1,
      781, 1064, 783, -1,
      783, 1064, 1065, -1,
      783, 1065, 1062, -1,
      1062, 1066, 785, -1,
      785, 1066, 1067, -1,
      785, 1067, 786, -1,
      1067, 1068, 786, -1,
      786, 1068, 1069, -1,
      786, 1069, 791, -1,
      791, 1069, 1070, -1,
      791, 1070, 776, -1,
      346, 773, 1071, -1,
      780, 10, 1072, -1,
      1072, 10, 12, -1,
      1072, 12, 1071, -1,
      1071, 12, 347, -1,
      1071, 347, 346, -1,
      149, 1073, 1074, -1,
      148, 845, 1075, -1,
      1075, 1076, 148, -1,
      148, 1076, 1077, -1,
      148, 1077, 149, -1,
      149, 1077, 1078, -1,
      149, 1078, 1073, -1,
      1074, 1079, 149, -1,
      149, 1079, 1080, -1,
      149, 1080, 762, -1,
      1079, 1081, 1080, -1,
      1080, 1081, 1082, -1,
      1080, 1082, 1083, -1,
      1083, 1084, 1080, -1,
      1080, 1084, 1085, -1,
      1080, 1085, 1086, -1,
      352, 17, 1087, -1,
      1087, 1088, 352, -1,
      352, 1088, 1089, -1,
      352, 1089, 350, -1,
      350, 1089, 1090, -1,
      350, 1090, 821, -1,
      1091, 1092, 1093, -1,
      1093, 1092, 1094, -1,
      1093, 1094, 867, -1,
      867, 1094, 1095, -1,
      867, 1095, 16, -1,
      16, 1095, 1096, -1,
      16, 1096, 17, -1,
      17, 1096, 1097, -1,
      17, 1097, 1098, -1,
      1098, 1099, 17, -1,
      17, 1099, 1100, -1,
      17, 1100, 1087, -1,
      776, 1101, 156, -1,
      156, 1101, 1102, -1,
      156, 1102, 157, -1,
      157, 1102, 847, -1,
      1103, 1104, 1105, -1,
      1106, 1107, 1108, -1,
      1108, 1107, 1109, -1,
      1108, 1109, 1110, -1,
      1111, 1112, 1113, -1,
      1113, 1112, 1114, -1,
      1113, 1114, 1115, -1,
      1116, 1117, 1118, -1,
      1118, 1117, 1119, -1,
      1118, 1119, 1120, -1,
      1115, 1121, 1113, -1,
      1113, 1121, 1, -1,
      1113, 1, 1108, -1,
      1108, 1, 0, -1,
      1108, 0, 1106, -1,
      1105, 1104, 1122, -1,
      1122, 1104, 1123, -1,
      1122, 1123, 1124, -1,
      1110, 1125, 1108, -1,
      1108, 1125, 7, -1,
      1108, 7, 1118, -1,
      1118, 7, 6, -1,
      1118, 6, 1116, -1,
      1120, 1126, 1118, -1,
      1118, 1126, 4, -1,
      1118, 4, 1105, -1,
      1105, 4, 5, -1,
      1105, 5, 1103, -1,
      1124, 1127, 1122, -1,
      1122, 1127, 3, -1,
      1122, 3, 1113, -1,
      1113, 3, 2, -1,
      1113, 2, 1111, -1,
      1128, 763, 765, -1,
      1128, 1129, 763, -1,
      763, 1129, 1130, -1,
      763, 1130, 767, -1,
      1130, 1131, 767, -1,
      767, 1131, 1132, -1,
      767, 1132, 770, -1,
      770, 1132, 1133, -1,
      770, 1133, 773, -1,
      762, 1134, 766, -1,
      766, 1134, 1135, -1,
      766, 1135, 765, -1,
      765, 1135, 1136, -1,
      765, 1136, 1128, -1,
      1137, 1138, 1139, -1,
      1140, 1141, 1142, -1,
      1142, 1141, 1143, -1,
      1072, 1144, 780, -1,
      780, 1144, 1063, -1,
      1063, 1144, 1064, -1,
      1064, 1144, 1145, -1,
      1064, 1145, 1065, -1,
      1065, 1145, 1146, -1,
      1065, 1146, 1062, -1,
      1062, 1146, 1147, -1,
      1062, 1147, 1066, -1,
      1066, 1147, 1148, -1,
      1066, 1148, 1067, -1,
      1067, 1148, 1149, -1,
      1067, 1149, 1068, -1,
      1068, 1149, 1150, -1,
      1068, 1150, 1069, -1,
      1069, 1150, 1151, -1,
      1069, 1151, 1070, -1,
      1151, 1152, 1070, -1,
      1070, 1152, 1101, -1,
      1070, 1101, 776, -1,
      1108, 1118, 1153, -1,
      1102, 1101, 1154, -1,
      1154, 1101, 1155, -1,
      1154, 1155, 1156, -1,
      1156, 1155, 1157, -1,
      1156, 1157, 1158, -1,
      1158, 1157, 1159, -1,
      1158, 1159, 1160, -1,
      1160, 1159, 1161, -1,
      1160, 1161, 1162, -1,
      1162, 1161, 1163, -1,
      1162, 1163, 1164, -1,
      1164, 1163, 1165, -1,
      1164, 1165, 1166, -1,
      1166, 1165, 1167, -1,
      1166, 1167, 1168, -1,
      1168, 1167, 1169, -1,
      1168, 1169, 1170, -1,
      1170, 1169, 1171, -1,
      1170, 1171, 1153, -1,
      1153, 1171, 1172, -1,
      1153, 1172, 1108, -1,
      847, 1102, 1173, -1,
      1173, 1102, 1174, -1,
      1173, 1174, 850, -1,
      850, 1174, 851, -1,
      851, 1174, 1175, -1,
      851, 1175, 1176, -1,
      1176, 1175, 853, -1,
      853, 1175, 1177, -1,
      853, 1177, 1059, -1,
      1059, 1177, 1178, -1,
      1059, 1178, 1060, -1,
      1060, 1178, 1179, -1,
      1060, 1179, 1061, -1,
      1061, 1179, 1180, -1,
      1061, 1180, 858, -1,
      858, 1180, 1181, -1,
      858, 1181, 1182, -1,
      1182, 1181, 862, -1,
      862, 1181, 1183, -1,
      862, 1183, 864, -1,
      864, 1183, 1184, -1,
      864, 1184, 1185, -1,
      1185, 1184, 1093, -1,
      1185, 1093, 867, -1,
      1186, 1187, 1188, -1,
      1189, 1190, 1191, -1,
      1108, 1192, 1193, -1,
      1194, 1192, 1108, -1,
      1191, 1190, 1108, -1,
      1195, 1108, 1190, -1,
      1196, 1145, 1144, -1,
      1145, 1196, 1146, -1,
      1146, 1196, 1197, -1,
      1146, 1197, 1147, -1,
      1147, 1197, 1198, -1,
      1147, 1198, 1148, -1,
      1148, 1198, 1199, -1,
      1148, 1199, 1149, -1,
      1149, 1199, 1150, -1,
      1150, 1199, 1200, -1,
      1150, 1200, 1151, -1,
      1151, 1200, 1152, -1,
      1152, 1200, 1155, -1,
      1152, 1155, 1101, -1,
      1172, 1194, 1108, -1,
      1201, 1202, 1189, -1,
      1189, 1202, 1203, -1,
      1189, 1203, 1190, -1,
      1190, 1203, 1204, -1,
      1190, 1204, 1195, -1,
      1205, 1193, 1206, -1,
      1206, 1193, 1192, -1,
      1206, 1192, 1207, -1,
      1207, 1192, 1194, -1,
      1207, 1194, 1208, -1,
      1172, 1171, 1194, -1,
      1194, 1171, 1169, -1,
      1194, 1169, 1208, -1,
      1208, 1169, 1167, -1,
      1208, 1167, 1165, -1,
      1188, 1205, 1209, -1,
      1209, 1205, 1206, -1,
      1209, 1206, 1210, -1,
      1210, 1206, 1207, -1,
      1210, 1207, 1211, -1,
      1211, 1207, 1208, -1,
      1211, 1208, 1212, -1,
      1212, 1208, 1165, -1,
      1213, 1214, 1215, -1,
      1215, 1214, 1186, -1,
      1186, 1188, 1215, -1,
      1215, 1188, 1209, -1,
      1215, 1209, 1216, -1,
      1216, 1209, 1210, -1,
      1216, 1210, 1217, -1,
      1217, 1210, 1211, -1,
      1217, 1211, 1218, -1,
      1218, 1211, 1212, -1,
      1218, 1212, 1219, -1,
      1187, 1201, 1188, -1,
      1188, 1201, 1189, -1,
      1188, 1189, 1205, -1,
      1205, 1189, 1191, -1,
      1205, 1191, 1193, -1,
      1193, 1191, 1108, -1,
      1213, 1196, 1220, -1,
      1220, 1196, 1144, -1,
      1220, 1144, 1072, -1,
      1165, 1163, 1212, -1,
      1212, 1163, 1161, -1,
      1212, 1161, 1219, -1,
      1219, 1161, 1159, -1,
      1219, 1159, 1157, -1,
      1213, 1215, 1196, -1,
      1196, 1215, 1216, -1,
      1196, 1216, 1197, -1,
      1197, 1216, 1217, -1,
      1197, 1217, 1198, -1,
      1198, 1217, 1218, -1,
      1198, 1218, 1199, -1,
      1199, 1218, 1219, -1,
      1199, 1219, 1200, -1,
      1200, 1219, 1157, -1,
      1200, 1157, 1155, -1,
      1160, 1162, 1221, -1,
      1222, 1223, 1224, -1,
      1118, 1225, 1226, -1,
      1227, 1225, 1118, -1,
      1224, 1223, 1118, -1,
      1153, 1118, 1223, -1,
      1228, 1175, 1174, -1,
      1175, 1228, 1177, -1,
      1177, 1228, 1229, -1,
      1177, 1229, 1178, -1,
      1178, 1229, 1230, -1,
      1178, 1230, 1179, -1,
      1179, 1230, 1231, -1,
      1179, 1231, 1180, -1,
      1180, 1231, 1181, -1,
      1181, 1231, 1232, -1,
      1181, 1232, 1183, -1,
      1183, 1232, 1184, -1,
      1184, 1232, 1233, -1,
      1184, 1233, 1093, -1,
      1234, 1227, 1118, -1,
      1164, 1166, 1222, -1,
      1222, 1166, 1168, -1,
      1222, 1168, 1223, -1,
      1223, 1168, 1170, -1,
      1223, 1170, 1153, -1,
      1235, 1226, 1236, -1,
      1236, 1226, 1225, -1,
      1236, 1225, 1237, -1,
      1237, 1225, 1227, -1,
      1237, 1227, 1238, -1,
      1234, 1239, 1227, -1,
      1227, 1239, 1240, -1,
      1227, 1240, 1238, -1,
      1238, 1240, 1241, -1,
      1238, 1241, 1242, -1,
      1221, 1235, 1243, -1,
      1243, 1235, 1236, -1,
      1243, 1236, 1244, -1,
      1244, 1236, 1237, -1,
      1244, 1237, 1245, -1,
      1245, 1237, 1238, -1,
      1245, 1238, 1246, -1,
      1246, 1238, 1242, -1,
      1156, 1158, 1247, -1,
      1247, 1158, 1160, -1,
      1160, 1221, 1247, -1,
      1247, 1221, 1243, -1,
      1247, 1243, 1248, -1,
      1248, 1243, 1244, -1,
      1248, 1244, 1249, -1,
      1249, 1244, 1245, -1,
      1249, 1245, 1250, -1,
      1250, 1245, 1246, -1,
      1250, 1246, 1251, -1,
      1162, 1164, 1221, -1,
      1221, 1164, 1222, -1,
      1221, 1222, 1235, -1,
      1235, 1222, 1224, -1,
      1235, 1224, 1226, -1,
      1226, 1224, 1118, -1,
      1156, 1228, 1154, -1,
      1154, 1228, 1174, -1,
      1154, 1174, 1102, -1,
      1242, 1252, 1246, -1,
      1246, 1252, 1253, -1,
      1246, 1253, 1251, -1,
      1251, 1253, 1254, -1,
      1251, 1254, 1255, -1,
      1156, 1247, 1228, -1,
      1228, 1247, 1248, -1,
      1228, 1248, 1229, -1,
      1229, 1248, 1249, -1,
      1229, 1249, 1230, -1,
      1230, 1249, 1250, -1,
      1230, 1250, 1231, -1,
      1231, 1250, 1251, -1,
      1231, 1251, 1232, -1,
      1232, 1251, 1255, -1,
      1232, 1255, 1233, -1,
      1256, 1257, 1089, -1,
      1089, 1257, 1258, -1,
      1089, 1258, 1090, -1,
      1259, 1260, 1261, -1,
      1261, 1262, 1259, -1,
      1259, 1262, 1263, -1,
      1259, 1263, 1256, -1,
      1256, 1263, 1264, -1,
      1256, 1264, 1257, -1,
      1265, 1266, 1267, -1,
      1267, 1266, 1268, -1,
      1267, 1268, 1260, -1,
      1260, 1268, 1269, -1,
      1260, 1269, 1261, -1,
      1267, 1270, 1265, -1,
      1265, 1270, 1137, -1,
      1265, 1137, 1139, -1,
      821, 1090, 1271, -1,
      1271, 1090, 1272, -1,
      1271, 1272, 832, -1,
      832, 1272, 831, -1,
      831, 1272, 1273, -1,
      831, 1273, 1274, -1,
      1274, 1273, 827, -1,
      827, 1273, 1275, -1,
      827, 1275, 1056, -1,
      1056, 1275, 1276, -1,
      1056, 1276, 1057, -1,
      1057, 1276, 1277, -1,
      1057, 1277, 1058, -1,
      1058, 1277, 1278, -1,
      1058, 1278, 838, -1,
      838, 1278, 1279, -1,
      838, 1279, 1280, -1,
      1280, 1279, 834, -1,
      834, 1279, 1281, -1,
      834, 1281, 843, -1,
      843, 1281, 1282, -1,
      843, 1282, 1283, -1,
      1283, 1282, 1075, -1,
      1283, 1075, 845, -1,
      762, 1080, 1284, -1,
      762, 1284, 1134, -1,
      1134, 1284, 1285, -1,
      1134, 1285, 1135, -1,
      1135, 1285, 1286, -1,
      1135, 1286, 1136, -1,
      1136, 1286, 1287, -1,
      1136, 1287, 1128, -1,
      1128, 1287, 1288, -1,
      1128, 1288, 1129, -1,
      1129, 1288, 1289, -1,
      1129, 1289, 1130, -1,
      1130, 1289, 1290, -1,
      1130, 1290, 1131, -1,
      1131, 1290, 1291, -1,
      1131, 1291, 1132, -1,
      1132, 1291, 1292, -1,
      1132, 1292, 1133, -1,
      1133, 1292, 1293, -1,
      1133, 1293, 773, -1,
      773, 1293, 1294, -1,
      773, 1294, 1071, -1,
      1113, 1108, 1195, -1,
      1072, 1071, 1220, -1,
      1220, 1071, 1295, -1,
      1220, 1295, 1213, -1,
      1213, 1295, 1296, -1,
      1213, 1296, 1214, -1,
      1214, 1296, 1297, -1,
      1214, 1297, 1186, -1,
      1186, 1297, 1298, -1,
      1186, 1298, 1187, -1,
      1187, 1298, 1299, -1,
      1187, 1299, 1201, -1,
      1201, 1299, 1300, -1,
      1201, 1300, 1202, -1,
      1202, 1300, 1301, -1,
      1202, 1301, 1203, -1,
      1203, 1301, 1302, -1,
      1203, 1302, 1204, -1,
      1204, 1302, 1303, -1,
      1204, 1303, 1195, -1,
      1195, 1303, 1304, -1,
      1195, 1304, 1113, -1,
      1118, 1105, 1305, -1,
      1118, 1305, 1234, -1,
      1234, 1305, 1306, -1,
      1234, 1306, 1239, -1,
      1239, 1306, 1307, -1,
      1239, 1307, 1240, -1,
      1240, 1307, 1308, -1,
      1240, 1308, 1241, -1,
      1241, 1308, 1309, -1,
      1241, 1309, 1242, -1,
      1242, 1309, 1310, -1,
      1242, 1310, 1252, -1,
      1252, 1310, 1311, -1,
      1252, 1311, 1253, -1,
      1253, 1311, 1312, -1,
      1253, 1312, 1254, -1,
      1254, 1312, 1313, -1,
      1254, 1313, 1255, -1,
      1255, 1313, 1314, -1,
      1255, 1314, 1233, -1,
      1233, 1314, 1093, -1,
      1093, 1314, 1315, -1,
      1093, 1315, 1091, -1,
      1092, 1091, 1316, -1,
      1316, 1091, 1317, -1,
      1316, 1317, 1318, -1,
      1318, 1317, 1319, -1,
      1319, 1317, 1320, -1,
      1319, 1320, 1321, -1,
      1321, 1320, 1322, -1,
      1321, 1322, 1323, -1,
      1323, 1322, 1324, -1,
      1323, 1324, 1325, -1,
      1325, 1324, 1326, -1,
      1325, 1326, 1327, -1,
      1327, 1326, 1141, -1,
      1327, 1141, 1140, -1,
      1318, 1319, 1328, -1,
      1325, 1327, 1329, -1,
      1327, 1140, 1330, -1,
      1331, 1323, 1325, -1,
      1323, 1331, 1321, -1,
      1319, 1321, 1332, -1,
      1333, 1316, 1318, -1,
      1316, 1333, 1092, -1,
      1327, 1330, 1329, -1,
      1329, 1330, 1334, -1,
      1329, 1334, 1335, -1,
      1335, 1334, 1336, -1,
      1335, 1336, 1337, -1,
      1337, 1336, 1338, -1,
      1337, 1338, 1339, -1,
      1338, 1340, 1339, -1,
      1339, 1340, 1341, -1,
      1339, 1341, 1342, -1,
      1342, 1341, 1343, -1,
      1342, 1343, 1344, -1,
      1343, 1345, 1344, -1,
      1344, 1345, 1346, -1,
      1344, 1346, 1347, -1,
      1347, 1346, 1348, -1,
      1346, 1349, 1348, -1,
      1348, 1349, 1350, -1,
      1348, 1350, 1351, -1,
      1351, 1350, 1352, -1,
      1137, 1270, 1353, -1,
      1353, 1270, 1351, -1,
      1353, 1351, 1354, -1,
      1354, 1351, 1352, -1,
      1325, 1329, 1331, -1,
      1331, 1329, 1335, -1,
      1331, 1335, 1355, -1,
      1355, 1335, 1337, -1,
      1355, 1337, 1356, -1,
      1356, 1337, 1339, -1,
      1356, 1339, 1357, -1,
      1357, 1339, 1342, -1,
      1357, 1342, 1358, -1,
      1358, 1342, 1344, -1,
      1358, 1344, 1359, -1,
      1359, 1344, 1347, -1,
      1359, 1347, 1360, -1,
      1360, 1347, 1348, -1,
      1360, 1348, 1361, -1,
      1361, 1348, 1351, -1,
      1361, 1351, 1362, -1,
      1362, 1351, 1270, -1,
      1362, 1270, 1267, -1,
      1321, 1331, 1332, -1,
      1332, 1331, 1355, -1,
      1332, 1355, 1363, -1,
      1363, 1355, 1356, -1,
      1363, 1356, 1364, -1,
      1364, 1356, 1357, -1,
      1364, 1357, 1365, -1,
      1365, 1357, 1358, -1,
      1365, 1358, 1366, -1,
      1366, 1358, 1359, -1,
      1366, 1359, 1367, -1,
      1367, 1359, 1360, -1,
      1367, 1360, 1368, -1,
      1368, 1360, 1361, -1,
      1368, 1361, 1369, -1,
      1369, 1361, 1362, -1,
      1369, 1362, 1370, -1,
      1370, 1362, 1267, -1,
      1370, 1267, 1260, -1,
      1319, 1332, 1328, -1,
      1328, 1332, 1363, -1,
      1328, 1363, 1371, -1,
      1371, 1363, 1364, -1,
      1371, 1364, 1372, -1,
      1372, 1364, 1365, -1,
      1372, 1365, 1373, -1,
      1373, 1365, 1366, -1,
      1373, 1366, 1374, -1,
      1374, 1366, 1367, -1,
      1374, 1367, 1375, -1,
      1375, 1367, 1368, -1,
      1375, 1368, 1376, -1,
      1376, 1368, 1369, -1,
      1376, 1369, 1377, -1,
      1377, 1369, 1370, -1,
      1377, 1370, 1378, -1,
      1378, 1370, 1260, -1,
      1378, 1260, 1259, -1,
      1318, 1328, 1333, -1,
      1333, 1328, 1371, -1,
      1333, 1371, 1379, -1,
      1379, 1371, 1372, -1,
      1379, 1372, 1380, -1,
      1380, 1372, 1373, -1,
      1380, 1373, 1381, -1,
      1381, 1373, 1374, -1,
      1381, 1374, 1382, -1,
      1382, 1374, 1375, -1,
      1382, 1375, 1383, -1,
      1383, 1375, 1376, -1,
      1383, 1376, 1384, -1,
      1384, 1376, 1377, -1,
      1384, 1377, 1385, -1,
      1385, 1377, 1378, -1,
      1385, 1378, 1386, -1,
      1386, 1378, 1259, -1,
      1386, 1259, 1256, -1,
      1092, 1333, 1094, -1,
      1094, 1333, 1379, -1,
      1094, 1379, 1095, -1,
      1095, 1379, 1380, -1,
      1095, 1380, 1096, -1,
      1096, 1380, 1381, -1,
      1096, 1381, 1097, -1,
      1097, 1381, 1382, -1,
      1097, 1382, 1098, -1,
      1098, 1382, 1383, -1,
      1098, 1383, 1099, -1,
      1099, 1383, 1384, -1,
      1099, 1384, 1100, -1,
      1100, 1384, 1385, -1,
      1100, 1385, 1087, -1,
      1087, 1385, 1386, -1,
      1087, 1386, 1088, -1,
      1088, 1386, 1256, -1,
      1088, 1256, 1089, -1,
      1263, 1262, 1387, -1,
      1388, 1389, 1390, -1,
      1139, 1391, 1392, -1,
      1393, 1391, 1139, -1,
      1390, 1389, 1139, -1,
      1265, 1139, 1389, -1,
      1394, 1273, 1272, -1,
      1273, 1394, 1275, -1,
      1275, 1394, 1395, -1,
      1275, 1395, 1276, -1,
      1276, 1395, 1396, -1,
      1276, 1396, 1277, -1,
      1277, 1396, 1397, -1,
      1277, 1397, 1278, -1,
      1278, 1397, 1279, -1,
      1279, 1397, 1398, -1,
      1279, 1398, 1281, -1,
      1281, 1398, 1282, -1,
      1282, 1398, 1399, -1,
      1282, 1399, 1075, -1,
      1400, 1393, 1139, -1,
      1261, 1269, 1388, -1,
      1388, 1269, 1268, -1,
      1388, 1268, 1389, -1,
      1389, 1268, 1266, -1,
      1389, 1266, 1265, -1,
      1401, 1392, 1402, -1,
      1402, 1392, 1391, -1,
      1402, 1391, 1403, -1,
      1403, 1391, 1393, -1,
      1403, 1393, 1404, -1,
      1400, 1405, 1393, -1,
      1393, 1405, 1406, -1,
      1393, 1406, 1404, -1,
      1404, 1406, 1407, -1,
      1404, 1407, 1408, -1,
      1387, 1401, 1409, -1,
      1409, 1401, 1402, -1,
      1409, 1402, 1410, -1,
      1410, 1402, 1403, -1,
      1410, 1403, 1411, -1,
      1411, 1403, 1404, -1,
      1411, 1404, 1412, -1,
      1412, 1404, 1408, -1,
      1257, 1264, 1413, -1,
      1413, 1264, 1263, -1,
      1263, 1387, 1413, -1,
      1413, 1387, 1409, -1,
      1413, 1409, 1414, -1,
      1414, 1409, 1410, -1,
      1414, 1410, 1415, -1,
      1415, 1410, 1411, -1,
      1415, 1411, 1416, -1,
      1416, 1411, 1412, -1,
      1416, 1412, 1417, -1,
      1262, 1261, 1387, -1,
      1387, 1261, 1388, -1,
      1387, 1388, 1401, -1,
      1401, 1388, 1390, -1,
      1401, 1390, 1392, -1,
      1392, 1390, 1139, -1,
      1257, 1394, 1258, -1,
      1258, 1394, 1272, -1,
      1258, 1272, 1090, -1,
      1408, 1418, 1412, -1,
      1412, 1418, 1419, -1,
      1412, 1419, 1417, -1,
      1417, 1419, 1420, -1,
      1417, 1420, 1421, -1,
      1257, 1413, 1394, -1,
      1394, 1413, 1414, -1,
      1394, 1414, 1395, -1,
      1395, 1414, 1415, -1,
      1395, 1415, 1396, -1,
      1396, 1415, 1416, -1,
      1396, 1416, 1397, -1,
      1397, 1416, 1417, -1,
      1397, 1417, 1398, -1,
      1398, 1417, 1421, -1,
      1398, 1421, 1399, -1,
      1422, 1423, 1424, -1,
      1425, 1426, 1427, -1,
      1428, 1429, 1430, -1,
      1113, 1431, 1432, -1,
      1433, 1431, 1113, -1,
      1430, 1429, 1113, -1,
      1434, 1113, 1429, -1,
      1284, 1435, 1285, -1,
      1285, 1435, 1436, -1,
      1285, 1436, 1286, -1,
      1286, 1436, 1287, -1,
      1287, 1436, 1437, -1,
      1287, 1437, 1288, -1,
      1288, 1437, 1289, -1,
      1289, 1437, 1438, -1,
      1289, 1438, 1290, -1,
      1290, 1438, 1291, -1,
      1291, 1438, 1439, -1,
      1291, 1439, 1292, -1,
      1292, 1439, 1293, -1,
      1293, 1439, 1440, -1,
      1293, 1440, 1294, -1,
      1294, 1440, 1295, -1,
      1294, 1295, 1071, -1,
      1304, 1433, 1113, -1,
      1441, 1442, 1428, -1,
      1428, 1442, 1443, -1,
      1428, 1443, 1429, -1,
      1429, 1443, 1444, -1,
      1429, 1444, 1434, -1,
      1445, 1432, 1446, -1,
      1446, 1432, 1431, -1,
      1446, 1431, 1447, -1,
      1447, 1431, 1433, -1,
      1447, 1433, 1448, -1,
      1426, 1441, 1427, -1,
      1427, 1441, 1428, -1,
      1427, 1428, 1449, -1,
      1449, 1428, 1430, -1,
      1449, 1430, 1450, -1,
      1450, 1430, 1113, -1,
      1304, 1303, 1433, -1,
      1433, 1303, 1302, -1,
      1433, 1302, 1448, -1,
      1448, 1302, 1301, -1,
      1448, 1301, 1300, -1,
      1451, 1445, 1452, -1,
      1452, 1445, 1446, -1,
      1452, 1446, 1453, -1,
      1453, 1446, 1447, -1,
      1453, 1447, 1454, -1,
      1454, 1447, 1448, -1,
      1454, 1448, 1455, -1,
      1455, 1448, 1300, -1,
      1424, 1451, 1456, -1,
      1456, 1451, 1452, -1,
      1456, 1452, 1457, -1,
      1457, 1452, 1453, -1,
      1457, 1453, 1458, -1,
      1458, 1453, 1454, -1,
      1458, 1454, 1459, -1,
      1459, 1454, 1455, -1,
      1459, 1455, 1460, -1,
      1423, 1425, 1424, -1,
      1424, 1425, 1427, -1,
      1424, 1427, 1451, -1,
      1451, 1427, 1449, -1,
      1451, 1449, 1445, -1,
      1445, 1449, 1450, -1,
      1445, 1450, 1432, -1,
      1432, 1450, 1113, -1,
      1284, 1080, 1435, -1,
      1435, 1080, 1461, -1,
      1435, 1461, 1422, -1,
      1300, 1299, 1455, -1,
      1455, 1299, 1298, -1,
      1455, 1298, 1460, -1,
      1460, 1298, 1297, -1,
      1460, 1297, 1296, -1,
      1422, 1424, 1435, -1,
      1435, 1424, 1456, -1,
      1435, 1456, 1436, -1,
      1436, 1456, 1457, -1,
      1436, 1457, 1437, -1,
      1437, 1457, 1458, -1,
      1437, 1458, 1438, -1,
      1438, 1458, 1459, -1,
      1438, 1459, 1439, -1,
      1439, 1459, 1460, -1,
      1439, 1460, 1440, -1,
      1440, 1460, 1296, -1,
      1440, 1296, 1295, -1,
      1326, 1324, 1462, -1,
      1322, 1320, 1463, -1,
      1463, 1320, 1317, -1,
      1305, 1464, 1306, -1,
      1306, 1464, 1465, -1,
      1306, 1465, 1307, -1,
      1105, 1466, 1467, -1,
      1467, 1466, 1468, -1,
      1467, 1468, 1469, -1,
      1307, 1465, 1308, -1,
      1308, 1465, 1470, -1,
      1308, 1470, 1309, -1,
      1468, 1471, 1469, -1,
      1469, 1471, 1472, -1,
      1469, 1472, 1473, -1,
      1309, 1470, 1310, -1,
      1310, 1470, 1474, -1,
      1310, 1474, 1311, -1,
      1472, 1475, 1473, -1,
      1473, 1475, 1476, -1,
      1473, 1476, 1477, -1,
      1311, 1474, 1312, -1,
      1312, 1474, 1478, -1,
      1312, 1478, 1313, -1,
      1476, 1479, 1477, -1,
      1477, 1479, 1480, -1,
      1477, 1480, 1481, -1,
      1313, 1478, 1314, -1,
      1314, 1478, 1463, -1,
      1314, 1463, 1315, -1,
      1315, 1463, 1317, -1,
      1315, 1317, 1091, -1,
      1324, 1322, 1462, -1,
      1462, 1322, 1463, -1,
      1462, 1463, 1481, -1,
      1481, 1463, 1478, -1,
      1481, 1478, 1477, -1,
      1477, 1478, 1474, -1,
      1477, 1474, 1473, -1,
      1473, 1474, 1470, -1,
      1473, 1470, 1469, -1,
      1469, 1470, 1465, -1,
      1469, 1465, 1467, -1,
      1467, 1465, 1464, -1,
      1467, 1464, 1105, -1,
      1305, 1105, 1464, -1,
      1141, 1326, 1482, -1,
      1482, 1326, 1462, -1,
      1482, 1462, 1483, -1,
      1483, 1462, 1481, -1,
      1483, 1481, 1484, -1,
      1484, 1481, 1480, -1,
      1138, 1137, 1485, -1,
      1485, 1137, 1353, -1,
      1485, 1353, 1486, -1,
      1486, 1353, 1487, -1,
      1487, 1353, 1354, -1,
      1487, 1354, 1488, -1,
      1488, 1354, 1352, -1,
      1488, 1352, 1489, -1,
      1489, 1352, 1350, -1,
      1489, 1350, 1490, -1,
      1490, 1350, 1349, -1,
      1490, 1349, 1491, -1,
      1491, 1349, 1346, -1,
      1491, 1346, 1492, -1,
      1341, 1493, 1494, -1,
      1346, 1345, 1492, -1,
      1492, 1345, 1343, -1,
      1492, 1343, 1495, -1,
      1495, 1343, 1341, -1,
      1495, 1341, 1496, -1,
      1496, 1341, 1494, -1,
      1341, 1340, 1493, -1,
      1493, 1340, 1338, -1,
      1493, 1338, 1336, -1,
      1140, 1142, 1330, -1,
      1330, 1142, 1497, -1,
      1336, 1334, 1493, -1,
      1493, 1334, 1330, -1,
      1493, 1330, 1498, -1,
      1498, 1330, 1497, -1,
      1075, 1399, 1076, -1,
      1076, 1399, 1499, -1,
      1399, 1421, 1499, -1,
      1499, 1421, 1420, -1,
      1499, 1420, 1500, -1,
      1420, 1419, 1500, -1,
      1500, 1419, 1418, -1,
      1500, 1418, 1501, -1,
      1418, 1408, 1501, -1,
      1501, 1408, 1407, -1,
      1501, 1407, 1502, -1,
      1407, 1406, 1502, -1,
      1502, 1406, 1405, -1,
      1502, 1405, 1503, -1,
      1405, 1400, 1503, -1,
      1503, 1400, 1139, -1,
      1503, 1139, 1138, -1,
      1504, 1505, 1434, -1,
      1434, 1505, 1506, -1,
      1434, 1506, 1113, -1,
      1113, 1506, 1507, -1,
      1113, 1507, 1122, -1,
      1434, 1444, 1504, -1,
      1504, 1444, 1443, -1,
      1504, 1443, 1508, -1,
      1508, 1443, 1509, -1,
      1443, 1442, 1509, -1,
      1509, 1442, 1441, -1,
      1509, 1441, 1510, -1,
      1510, 1441, 1511, -1,
      1441, 1426, 1511, -1,
      1511, 1426, 1425, -1,
      1511, 1425, 1512, -1,
      1512, 1425, 1513, -1,
      1425, 1423, 1513, -1,
      1513, 1423, 1422, -1,
      1513, 1422, 1514, -1,
      1514, 1422, 1461, -1,
      1514, 1461, 1086, -1,
      1086, 1461, 1080, -1,
      1143, 1141, 1515, -1,
      1515, 1141, 1482, -1,
      1515, 1482, 1516, -1,
      1516, 1482, 1483, -1,
      1516, 1483, 1517, -1,
      1517, 1483, 1484, -1,
      1517, 1484, 1518, -1,
      1518, 1484, 1480, -1,
      1518, 1480, 1519, -1,
      1519, 1480, 1479, -1,
      1519, 1479, 1520, -1,
      1520, 1479, 1476, -1,
      1520, 1476, 1521, -1,
      1521, 1476, 1475, -1,
      1521, 1475, 1522, -1,
      1522, 1475, 1472, -1,
      1522, 1472, 1523, -1,
      1523, 1472, 1471, -1,
      1523, 1471, 1524, -1,
      1524, 1471, 1468, -1,
      1524, 1468, 1525, -1,
      1525, 1468, 1466, -1,
      1525, 1466, 1122, -1,
      1122, 1466, 1105, -1,
      1503, 1138, 1485, -1,
      1500, 1501, 1526, -1,
      1499, 1500, 1527, -1,
      1076, 1499, 1528, -1,
      1503, 1485, 1529, -1,
      1529, 1485, 1486, -1,
      1529, 1486, 1530, -1,
      1486, 1487, 1530, -1,
      1530, 1487, 1488, -1,
      1530, 1488, 1531, -1,
      1488, 1489, 1531, -1,
      1531, 1489, 1490, -1,
      1531, 1490, 1532, -1,
      1490, 1491, 1532, -1,
      1532, 1491, 1492, -1,
      1532, 1492, 1533, -1,
      1534, 1535, 1536, -1,
      1536, 1535, 1537, -1,
      1536, 1537, 1538, -1,
      1538, 1537, 1539, -1,
      1538, 1539, 1540, -1,
      1540, 1539, 1541, -1,
      1540, 1541, 1542, -1,
      1542, 1541, 1543, -1,
      1542, 1543, 1544, -1,
      1544, 1543, 1526, -1,
      1544, 1526, 1545, -1,
      1545, 1526, 1501, -1,
      1545, 1501, 1502, -1,
      1500, 1526, 1527, -1,
      1527, 1526, 1543, -1,
      1527, 1543, 1546, -1,
      1546, 1543, 1541, -1,
      1546, 1541, 1547, -1,
      1547, 1541, 1539, -1,
      1547, 1539, 1548, -1,
      1548, 1539, 1537, -1,
      1548, 1537, 1549, -1,
      1549, 1537, 1535, -1,
      1549, 1535, 1550, -1,
      1551, 1534, 1552, -1,
      1552, 1534, 1536, -1,
      1552, 1536, 1553, -1,
      1553, 1536, 1538, -1,
      1553, 1538, 1533, -1,
      1533, 1538, 1540, -1,
      1533, 1540, 1532, -1,
      1532, 1540, 1542, -1,
      1532, 1542, 1531, -1,
      1531, 1542, 1544, -1,
      1531, 1544, 1530, -1,
      1530, 1544, 1545, -1,
      1530, 1545, 1529, -1,
      1529, 1545, 1502, -1,
      1529, 1502, 1503, -1,
      1554, 1555, 1550, -1,
      1556, 1555, 1557, -1,
      1557, 1555, 1554, -1,
      1557, 1554, 1558, -1,
      1492, 1495, 1533, -1,
      1533, 1495, 1496, -1,
      1533, 1496, 1553, -1,
      1553, 1496, 1494, -1,
      1553, 1494, 1552, -1,
      1552, 1494, 1493, -1,
      1552, 1493, 1551, -1,
      1551, 1493, 1498, -1,
      1551, 1498, 1497, -1,
      1559, 1556, 1560, -1,
      1560, 1556, 1557, -1,
      1560, 1557, 1561, -1,
      1561, 1557, 1558, -1,
      1561, 1558, 1562, -1,
      1550, 1535, 1554, -1,
      1554, 1535, 1534, -1,
      1554, 1534, 1558, -1,
      1558, 1534, 1551, -1,
      1558, 1551, 1562, -1,
      1562, 1551, 1497, -1,
      1562, 1497, 1142, -1,
      1142, 1563, 1562, -1,
      1562, 1563, 1564, -1,
      1562, 1564, 1561, -1,
      1561, 1564, 1565, -1,
      1561, 1565, 1560, -1,
      1560, 1565, 1566, -1,
      1560, 1566, 1559, -1,
      1559, 1566, 1567, -1,
      1559, 1567, 1568, -1,
      1499, 1527, 1528, -1,
      1528, 1527, 1546, -1,
      1528, 1546, 1569, -1,
      1569, 1546, 1547, -1,
      1569, 1547, 1570, -1,
      1570, 1547, 1548, -1,
      1570, 1548, 1571, -1,
      1571, 1548, 1549, -1,
      1571, 1549, 1572, -1,
      1572, 1549, 1550, -1,
      1572, 1550, 1573, -1,
      1573, 1550, 1555, -1,
      1573, 1555, 1574, -1,
      1574, 1555, 1556, -1,
      1574, 1556, 1575, -1,
      1575, 1556, 1559, -1,
      1575, 1559, 1576, -1,
      1576, 1559, 1568, -1,
      1576, 1568, 1577, -1,
      1076, 1528, 1077, -1,
      1077, 1528, 1569, -1,
      1077, 1569, 1078, -1,
      1078, 1569, 1570, -1,
      1078, 1570, 1073, -1,
      1073, 1570, 1571, -1,
      1073, 1571, 1074, -1,
      1074, 1571, 1572, -1,
      1074, 1572, 1079, -1,
      1079, 1572, 1573, -1,
      1079, 1573, 1081, -1,
      1081, 1573, 1574, -1,
      1081, 1574, 1082, -1,
      1082, 1574, 1575, -1,
      1082, 1575, 1083, -1,
      1083, 1575, 1576, -1,
      1083, 1576, 1084, -1,
      1084, 1576, 1577, -1,
      1084, 1577, 1085, -1,
      1513, 1514, 1578, -1,
      1579, 1580, 1581, -1,
      1581, 1580, 1582, -1,
      1581, 1582, 1583, -1,
      1583, 1582, 1584, -1,
      1584, 1582, 1578, -1,
      1584, 1578, 1585, -1,
      1585, 1578, 1514, -1,
      1585, 1514, 1086, -1,
      1586, 1523, 1587, -1,
      1587, 1523, 1524, -1,
      1122, 1507, 1588, -1,
      1588, 1507, 1506, -1,
      1588, 1506, 1589, -1,
      1506, 1505, 1589, -1,
      1589, 1505, 1504, -1,
      1589, 1504, 1590, -1,
      1518, 1519, 1591, -1,
      1591, 1519, 1520, -1,
      1591, 1520, 1592, -1,
      1592, 1520, 1521, -1,
      1592, 1521, 1586, -1,
      1586, 1521, 1522, -1,
      1586, 1522, 1523, -1,
      1587, 1593, 1586, -1,
      1586, 1593, 1594, -1,
      1586, 1594, 1592, -1,
      1592, 1594, 1595, -1,
      1592, 1595, 1591, -1,
      1591, 1595, 1596, -1,
      1597, 1596, 1590, -1,
      1590, 1596, 1595, -1,
      1590, 1595, 1589, -1,
      1589, 1595, 1594, -1,
      1589, 1594, 1588, -1,
      1588, 1594, 1593, -1,
      1588, 1593, 1122, -1,
      1587, 1122, 1593, -1,
      1524, 1525, 1587, -1,
      1587, 1525, 1122, -1,
      1516, 1517, 1598, -1,
      1598, 1517, 1518, -1,
      1504, 1508, 1590, -1,
      1590, 1508, 1509, -1,
      1590, 1509, 1597, -1,
      1597, 1509, 1510, -1,
      1597, 1510, 1511, -1,
      1518, 1591, 1598, -1,
      1598, 1591, 1596, -1,
      1598, 1596, 1599, -1,
      1599, 1596, 1597, -1,
      1599, 1597, 1600, -1,
      1600, 1597, 1511, -1,
      1600, 1511, 1512, -1,
      1516, 1580, 1515, -1,
      1515, 1580, 1579, -1,
      1515, 1579, 1143, -1,
      1516, 1598, 1580, -1,
      1580, 1598, 1599, -1,
      1580, 1599, 1582, -1,
      1582, 1599, 1600, -1,
      1582, 1600, 1578, -1,
      1578, 1600, 1512, -1,
      1578, 1512, 1513, -1,
      1086, 1085, 1585, -1,
      1585, 1085, 1577, -1,
      1585, 1577, 1584, -1,
      1577, 1568, 1584, -1,
      1584, 1568, 1567, -1,
      1584, 1567, 1583, -1,
      1583, 1567, 1566, -1,
      1583, 1566, 1581, -1,
      1581, 1566, 1565, -1,
      1581, 1565, 1579, -1,
      1142, 1143, 1563, -1,
      1563, 1143, 1579, -1,
      1563, 1579, 1564, -1,
      1564, 1579, 1565, -1,
      1601, 1602, 1, -1,
      1, 1602, 0, -1,
      1603, 1604, 7, -1,
      7, 1604, 6, -1,
      1605, 1606, 4, -1,
      4, 1606, 5, -1,
      2, 3, 1607, -1,
      1607, 3, 1608, -1,
      1609, 1610, 1611, -1,
      1611, 1610, 1612, -1,
      1606, 1613, 5, -1,
      5, 1613, 1103, -1,
      1613, 1614, 1103, -1,
      1103, 1614, 1615, -1,
      1103, 1615, 1104, -1,
      1615, 1616, 1104, -1,
      1104, 1616, 1617, -1,
      1104, 1617, 1123, -1,
      1617, 1618, 1123, -1,
      1123, 1618, 1619, -1,
      1123, 1619, 1124, -1,
      1619, 1620, 1124, -1,
      1124, 1620, 1621, -1,
      1124, 1621, 1127, -1,
      1608, 3, 1622, -1,
      1622, 3, 1127, -1,
      1622, 1127, 1623, -1,
      1623, 1127, 1621, -1,
      1612, 1610, 1624, -1,
      1624, 1610, 1625, -1,
      1624, 1625, 1626, -1,
      1626, 1625, 1627, -1,
      1626, 1627, 1628, -1,
      1628, 1627, 1629, -1,
      1628, 1629, 1630, -1,
      1630, 1629, 1631, -1,
      1630, 1631, 1632, -1,
      1632, 1631, 1633, -1,
      1632, 1633, 1634, -1,
      1634, 1633, 1635, -1,
      1634, 1635, 1636, -1,
      1636, 1635, 1637, -1,
      1636, 1637, 1638, -1,
      1638, 1637, 1639, -1,
      1638, 1639, 1640, -1,
      1640, 1639, 1641, -1,
      1640, 1641, 1642, -1,
      1642, 1641, 1643, -1,
      1642, 1643, 1644, -1,
      1644, 1643, 1645, -1,
      1644, 1645, 1608, -1,
      1608, 1645, 1607, -1,
      1607, 1646, 2, -1,
      2, 1646, 1111, -1,
      1646, 1647, 1111, -1,
      1111, 1647, 1648, -1,
      1111, 1648, 1112, -1,
      1648, 1649, 1112, -1,
      1112, 1649, 1650, -1,
      1112, 1650, 1114, -1,
      1650, 1651, 1114, -1,
      1114, 1651, 1652, -1,
      1114, 1652, 1115, -1,
      1652, 1653, 1115, -1,
      1115, 1653, 1654, -1,
      1115, 1654, 1121, -1,
      1601, 1, 1655, -1,
      1655, 1, 1121, -1,
      1655, 1121, 1656, -1,
      1656, 1121, 1654, -1,
      1657, 1658, 1659, -1,
      1612, 1660, 1661, -1,
      1659, 1658, 1660, -1,
      1660, 1658, 1662, -1,
      1660, 1662, 1661, -1,
      1663, 1624, 1626, -1,
      1663, 1626, 1664, -1,
      1626, 1628, 1664, -1,
      1664, 1628, 1630, -1,
      1664, 1630, 1665, -1,
      1657, 1659, 1666, -1,
      1666, 1659, 1667, -1,
      1666, 1667, 1668, -1,
      1668, 1667, 1669, -1,
      1668, 1669, 1670, -1,
      1630, 1632, 1665, -1,
      1665, 1632, 1634, -1,
      1665, 1634, 1671, -1,
      1670, 1669, 1672, -1,
      1672, 1669, 1673, -1,
      1672, 1673, 1674, -1,
      1634, 1636, 1671, -1,
      1671, 1636, 1638, -1,
      1671, 1638, 1675, -1,
      1612, 1663, 1676, -1,
      1676, 1663, 1664, -1,
      1676, 1664, 1677, -1,
      1677, 1664, 1665, -1,
      1677, 1665, 1678, -1,
      1678, 1665, 1671, -1,
      1678, 1671, 1679, -1,
      1679, 1671, 1675, -1,
      1679, 1675, 1680, -1,
      1680, 1675, 1681, -1,
      1680, 1681, 1682, -1,
      1638, 1640, 1675, -1,
      1675, 1640, 1642, -1,
      1675, 1642, 1681, -1,
      1681, 1642, 1644, -1,
      1681, 1644, 1608, -1,
      1674, 1673, 1683, -1,
      1683, 1673, 1684, -1,
      1683, 1684, 1685, -1,
      1685, 1684, 1613, -1,
      1685, 1613, 1606, -1,
      1686, 1615, 1614, -1,
      1612, 1687, 1660, -1,
      1660, 1687, 1688, -1,
      1660, 1688, 1659, -1,
      1659, 1688, 1689, -1,
      1659, 1689, 1667, -1,
      1667, 1689, 1690, -1,
      1667, 1690, 1669, -1,
      1669, 1690, 1691, -1,
      1669, 1691, 1673, -1,
      1673, 1691, 1686, -1,
      1673, 1686, 1684, -1,
      1684, 1686, 1614, -1,
      1684, 1614, 1613, -1,
      1692, 1617, 1616, -1,
      1612, 1693, 1687, -1,
      1687, 1693, 1694, -1,
      1687, 1694, 1688, -1,
      1688, 1694, 1695, -1,
      1688, 1695, 1689, -1,
      1689, 1695, 1696, -1,
      1689, 1696, 1690, -1,
      1690, 1696, 1697, -1,
      1690, 1697, 1691, -1,
      1691, 1697, 1692, -1,
      1691, 1692, 1686, -1,
      1686, 1692, 1616, -1,
      1686, 1616, 1615, -1,
      1698, 1619, 1618, -1,
      1612, 1699, 1693, -1,
      1693, 1699, 1700, -1,
      1693, 1700, 1694, -1,
      1694, 1700, 1701, -1,
      1694, 1701, 1695, -1,
      1695, 1701, 1702, -1,
      1695, 1702, 1696, -1,
      1696, 1702, 1703, -1,
      1696, 1703, 1697, -1,
      1697, 1703, 1698, -1,
      1697, 1698, 1692, -1,
      1692, 1698, 1618, -1,
      1692, 1618, 1617, -1,
      1612, 1676, 1699, -1,
      1699, 1676, 1677, -1,
      1699, 1677, 1700, -1,
      1700, 1677, 1678, -1,
      1700, 1678, 1701, -1,
      1701, 1678, 1679, -1,
      1701, 1679, 1702, -1,
      1702, 1679, 1680, -1,
      1702, 1680, 1703, -1,
      1703, 1680, 1682, -1,
      1703, 1682, 1698, -1,
      1698, 1682, 1620, -1,
      1698, 1620, 1619, -1,
      1624, 1663, 1612, -1,
      1608, 1622, 1681, -1,
      1681, 1622, 1623, -1,
      1681, 1623, 1682, -1,
      1682, 1623, 1621, -1,
      1682, 1621, 1620, -1,
      1631, 1629, 1704, -1,
      1610, 1705, 1625, -1,
      1704, 1629, 1705, -1,
      1705, 1629, 1627, -1,
      1705, 1627, 1625, -1,
      1706, 1707, 1708, -1,
      1706, 1708, 1709, -1,
      1708, 1710, 1709, -1,
      1709, 1710, 1711, -1,
      1709, 1711, 1712, -1,
      1631, 1704, 1633, -1,
      1633, 1704, 1713, -1,
      1633, 1713, 1635, -1,
      1635, 1713, 1714, -1,
      1635, 1714, 1637, -1,
      1711, 1715, 1712, -1,
      1712, 1715, 1716, -1,
      1712, 1716, 1717, -1,
      1637, 1714, 1639, -1,
      1639, 1714, 1718, -1,
      1639, 1718, 1641, -1,
      1716, 1719, 1717, -1,
      1717, 1719, 1720, -1,
      1717, 1720, 1721, -1,
      1610, 1706, 1722, -1,
      1722, 1706, 1709, -1,
      1722, 1709, 1723, -1,
      1723, 1709, 1712, -1,
      1723, 1712, 1724, -1,
      1724, 1712, 1717, -1,
      1724, 1717, 1725, -1,
      1725, 1717, 1721, -1,
      1725, 1721, 1726, -1,
      1726, 1721, 1727, -1,
      1726, 1727, 1728, -1,
      1720, 1729, 1721, -1,
      1721, 1729, 1730, -1,
      1721, 1730, 1727, -1,
      1727, 1730, 1731, -1,
      1727, 1731, 1601, -1,
      1641, 1718, 1643, -1,
      1643, 1718, 1732, -1,
      1643, 1732, 1645, -1,
      1645, 1732, 1646, -1,
      1645, 1646, 1607, -1,
      1733, 1648, 1647, -1,
      1610, 1734, 1705, -1,
      1705, 1734, 1735, -1,
      1705, 1735, 1704, -1,
      1704, 1735, 1736, -1,
      1704, 1736, 1713, -1,
      1713, 1736, 1737, -1,
      1713, 1737, 1714, -1,
      1714, 1737, 1738, -1,
      1714, 1738, 1718, -1,
      1718, 1738, 1733, -1,
      1718, 1733, 1732, -1,
      1732, 1733, 1647, -1,
      1732, 1647, 1646, -1,
      1739, 1650, 1649, -1,
      1610, 1740, 1734, -1,
      1734, 1740, 1741, -1,
      1734, 1741, 1735, -1,
      1735, 1741, 1742, -1,
      1735, 1742, 1736, -1,
      1736, 1742, 1743, -1,
      1736, 1743, 1737, -1,
      1737, 1743, 1744, -1,
      1737, 1744, 1738, -1,
      1738, 1744, 1739, -1,
      1738, 1739, 1733, -1,
      1733, 1739, 1649, -1,
      1733, 1649, 1648, -1,
      1745, 1652, 1651, -1,
      1610, 1746, 1740, -1,
      1740, 1746, 1747, -1,
      1740, 1747, 1741, -1,
      1741, 1747, 1748, -1,
      1741, 1748, 1742, -1,
      1742, 1748, 1749, -1,
      1742, 1749, 1743, -1,
      1743, 1749, 1750, -1,
      1743, 1750, 1744, -1,
      1744, 1750, 1745, -1,
      1744, 1745, 1739, -1,
      1739, 1745, 1651, -1,
      1739, 1651, 1650, -1,
      1610, 1722, 1746, -1,
      1746, 1722, 1723, -1,
      1746, 1723, 1747, -1,
      1747, 1723, 1724, -1,
      1747, 1724, 1748, -1,
      1748, 1724, 1725, -1,
      1748, 1725, 1749, -1,
      1749, 1725, 1726, -1,
      1749, 1726, 1750, -1,
      1750, 1726, 1728, -1,
      1750, 1728, 1745, -1,
      1745, 1728, 1653, -1,
      1745, 1653, 1652, -1,
      1707, 1706, 1610, -1,
      1601, 1655, 1727, -1,
      1727, 1655, 1656, -1,
      1727, 1656, 1728, -1,
      1728, 1656, 1654, -1,
      1728, 1654, 1653, -1,
      1604, 1751, 6, -1,
      6, 1751, 1116, -1,
      1751, 1752, 1116, -1,
      1116, 1752, 1753, -1,
      1116, 1753, 1117, -1,
      1753, 1754, 1117, -1,
      1117, 1754, 1755, -1,
      1117, 1755, 1119, -1,
      1755, 1756, 1119, -1,
      1119, 1756, 1757, -1,
      1119, 1757, 1120, -1,
      1757, 1758, 1120, -1,
      1120, 1758, 1759, -1,
      1120, 1759, 1126, -1,
      1605, 4, 1760, -1,
      1760, 4, 1126, -1,
      1760, 1126, 1761, -1,
      1761, 1126, 1759, -1,
      1611, 1612, 1762, -1,
      1762, 1612, 1661, -1,
      1762, 1661, 1763, -1,
      1763, 1661, 1662, -1,
      1763, 1662, 1764, -1,
      1764, 1662, 1658, -1,
      1764, 1658, 1765, -1,
      1765, 1658, 1657, -1,
      1765, 1657, 1766, -1,
      1766, 1657, 1666, -1,
      1766, 1666, 1767, -1,
      1767, 1666, 1668, -1,
      1767, 1668, 1768, -1,
      1768, 1668, 1670, -1,
      1768, 1670, 1769, -1,
      1769, 1670, 1672, -1,
      1769, 1672, 1770, -1,
      1770, 1672, 1674, -1,
      1770, 1674, 1771, -1,
      1771, 1674, 1683, -1,
      1771, 1683, 1772, -1,
      1772, 1683, 1685, -1,
      1772, 1685, 1605, -1,
      1605, 1685, 1606, -1,
      1610, 1609, 1707, -1,
      1707, 1609, 1773, -1,
      1707, 1773, 1708, -1,
      1708, 1773, 1774, -1,
      1708, 1774, 1710, -1,
      1710, 1774, 1775, -1,
      1710, 1775, 1711, -1,
      1711, 1775, 1776, -1,
      1711, 1776, 1715, -1,
      1715, 1776, 1777, -1,
      1715, 1777, 1716, -1,
      1716, 1777, 1778, -1,
      1716, 1778, 1719, -1,
      1719, 1778, 1779, -1,
      1719, 1779, 1720, -1,
      1720, 1779, 1780, -1,
      1720, 1780, 1729, -1,
      1729, 1780, 1781, -1,
      1729, 1781, 1730, -1,
      1730, 1781, 1782, -1,
      1730, 1782, 1731, -1,
      1731, 1782, 1783, -1,
      1731, 1783, 1601, -1,
      1601, 1783, 1602, -1,
      1602, 1784, 0, -1,
      0, 1784, 1106, -1,
      1784, 1785, 1106, -1,
      1106, 1785, 1786, -1,
      1106, 1786, 1107, -1,
      1786, 1787, 1107, -1,
      1107, 1787, 1788, -1,
      1107, 1788, 1109, -1,
      1788, 1789, 1109, -1,
      1109, 1789, 1790, -1,
      1109, 1790, 1110, -1,
      1790, 1791, 1110, -1,
      1110, 1791, 1792, -1,
      1110, 1792, 1125, -1,
      1603, 7, 1793, -1,
      1793, 7, 1125, -1,
      1793, 1125, 1794, -1,
      1794, 1125, 1792, -1,
      1795, 1796, 1797, -1,
      1611, 1798, 1799, -1,
      1797, 1796, 1798, -1,
      1798, 1796, 1800, -1,
      1798, 1800, 1799, -1,
      1801, 1762, 1763, -1,
      1801, 1763, 1802, -1,
      1763, 1764, 1802, -1,
      1802, 1764, 1765, -1,
      1802, 1765, 1803, -1,
      1795, 1797, 1804, -1,
      1804, 1797, 1805, -1,
      1804, 1805, 1806, -1,
      1806, 1805, 1807, -1,
      1806, 1807, 1808, -1,
      1765, 1766, 1803, -1,
      1803, 1766, 1767, -1,
      1803, 1767, 1809, -1,
      1808, 1807, 1810, -1,
      1810, 1807, 1811, -1,
      1810, 1811, 1812, -1,
      1767, 1768, 1809, -1,
      1809, 1768, 1769, -1,
      1809, 1769, 1813, -1,
      1611, 1801, 1814, -1,
      1814, 1801, 1802, -1,
      1814, 1802, 1815, -1,
      1815, 1802, 1803, -1,
      1815, 1803, 1816, -1,
      1816, 1803, 1809, -1,
      1816, 1809, 1817, -1,
      1817, 1809, 1813, -1,
      1817, 1813, 1818, -1,
      1818, 1813, 1819, -1,
      1818, 1819, 1820, -1,
      1769, 1770, 1813, -1,
      1813, 1770, 1771, -1,
      1813, 1771, 1819, -1,
      1819, 1771, 1772, -1,
      1819, 1772, 1605, -1,
      1812, 1811, 1821, -1,
      1821, 1811, 1822, -1,
      1821, 1822, 1823, -1,
      1823, 1822, 1751, -1,
      1823, 1751, 1604, -1,
      1824, 1753, 1752, -1,
      1611, 1825, 1798, -1,
      1798, 1825, 1826, -1,
      1798, 1826, 1797, -1,
      1797, 1826, 1827, -1,
      1797, 1827, 1805, -1,
      1805, 1827, 1828, -1,
      1805, 1828, 1807, -1,
      1807, 1828, 1829, -1,
      1807, 1829, 1811, -1,
      1811, 1829, 1824, -1,
      1811, 1824, 1822, -1,
      1822, 1824, 1752, -1,
      1822, 1752, 1751, -1,
      1830, 1755, 1754, -1,
      1611, 1831, 1825, -1,
      1825, 1831, 1832, -1,
      1825, 1832, 1826, -1,
      1826, 1832, 1833, -1,
      1826, 1833, 1827, -1,
      1827, 1833, 1834, -1,
      1827, 1834, 1828, -1,
      1828, 1834, 1835, -1,
      1828, 1835, 1829, -1,
      1829, 1835, 1830, -1,
      1829, 1830, 1824, -1,
      1824, 1830, 1754, -1,
      1824, 1754, 1753, -1,
      1836, 1757, 1756, -1,
      1611, 1837, 1831, -1,
      1831, 1837, 1838, -1,
      1831, 1838, 1832, -1,
      1832, 1838, 1839, -1,
      1832, 1839, 1833, -1,
      1833, 1839, 1840, -1,
      1833, 1840, 1834, -1,
      1834, 1840, 1841, -1,
      1834, 1841, 1835, -1,
      1835, 1841, 1836, -1,
      1835, 1836, 1830, -1,
      1830, 1836, 1756, -1,
      1830, 1756, 1755, -1,
      1611, 1814, 1837, -1,
      1837, 1814, 1815, -1,
      1837, 1815, 1838, -1,
      1838, 1815, 1816, -1,
      1838, 1816, 1839, -1,
      1839, 1816, 1817, -1,
      1839, 1817, 1840, -1,
      1840, 1817, 1818, -1,
      1840, 1818, 1841, -1,
      1841, 1818, 1820, -1,
      1841, 1820, 1836, -1,
      1836, 1820, 1758, -1,
      1836, 1758, 1757, -1,
      1762, 1801, 1611, -1,
      1605, 1760, 1819, -1,
      1819, 1760, 1761, -1,
      1819, 1761, 1820, -1,
      1820, 1761, 1759, -1,
      1820, 1759, 1758, -1,
      1776, 1775, 1842, -1,
      1609, 1843, 1773, -1,
      1842, 1775, 1843, -1,
      1843, 1775, 1774, -1,
      1843, 1774, 1773, -1,
      1844, 1845, 1846, -1,
      1844, 1846, 1847, -1,
      1846, 1848, 1847, -1,
      1847, 1848, 1849, -1,
      1847, 1849, 1850, -1,
      1776, 1842, 1777, -1,
      1777, 1842, 1851, -1,
      1777, 1851, 1778, -1,
      1778, 1851, 1852, -1,
      1778, 1852, 1779, -1,
      1849, 1853, 1850, -1,
      1850, 1853, 1854, -1,
      1850, 1854, 1855, -1,
      1779, 1852, 1780, -1,
      1780, 1852, 1856, -1,
      1780, 1856, 1781, -1,
      1854, 1857, 1855, -1,
      1855, 1857, 1858, -1,
      1855, 1858, 1859, -1,
      1609, 1844, 1860, -1,
      1860, 1844, 1847, -1,
      1860, 1847, 1861, -1,
      1861, 1847, 1850, -1,
      1861, 1850, 1862, -1,
      1862, 1850, 1855, -1,
      1862, 1855, 1863, -1,
      1863, 1855, 1859, -1,
      1863, 1859, 1864, -1,
      1864, 1859, 1865, -1,
      1864, 1865, 1866, -1,
      1858, 1867, 1859, -1,
      1859, 1867, 1868, -1,
      1859, 1868, 1865, -1,
      1865, 1868, 1869, -1,
      1865, 1869, 1603, -1,
      1781, 1856, 1782, -1,
      1782, 1856, 1870, -1,
      1782, 1870, 1783, -1,
      1783, 1870, 1784, -1,
      1783, 1784, 1602, -1,
      1871, 1786, 1785, -1,
      1609, 1872, 1843, -1,
      1843, 1872, 1873, -1,
      1843, 1873, 1842, -1,
      1842, 1873, 1874, -1,
      1842, 1874, 1851, -1,
      1851, 1874, 1875, -1,
      1851, 1875, 1852, -1,
      1852, 1875, 1876, -1,
      1852, 1876, 1856, -1,
      1856, 1876, 1871, -1,
      1856, 1871, 1870, -1,
      1870, 1871, 1785, -1,
      1870, 1785, 1784, -1,
      1877, 1788, 1787, -1,
      1609, 1878, 1872, -1,
      1872, 1878, 1879, -1,
      1872, 1879, 1873, -1,
      1873, 1879, 1880, -1,
      1873, 1880, 1874, -1,
      1874, 1880, 1881, -1,
      1874, 1881, 1875, -1,
      1875, 1881, 1882, -1,
      1875, 1882, 1876, -1,
      1876, 1882, 1877, -1,
      1876, 1877, 1871, -1,
      1871, 1877, 1787, -1,
      1871, 1787, 1786, -1,
      1883, 1790, 1789, -1,
      1609, 1884, 1878, -1,
      1878, 1884, 1885, -1,
      1878, 1885, 1879, -1,
      1879, 1885, 1886, -1,
      1879, 1886, 1880, -1,
      1880, 1886, 1887, -1,
      1880, 1887, 1881, -1,
      1881, 1887, 1888, -1,
      1881, 1888, 1882, -1,
      1882, 1888, 1883, -1,
      1882, 1883, 1877, -1,
      1877, 1883, 1789, -1,
      1877, 1789, 1788, -1,
      1609, 1860, 1884, -1,
      1884, 1860, 1861, -1,
      1884, 1861, 1885, -1,
      1885, 1861, 1862, -1,
      1885, 1862, 1886, -1,
      1886, 1862, 1863, -1,
      1886, 1863, 1887, -1,
      1887, 1863, 1864, -1,
      1887, 1864, 1888, -1,
      1888, 1864, 1866, -1,
      1888, 1866, 1883, -1,
      1883, 1866, 1791, -1,
      1883, 1791, 1790, -1,
      1845, 1844, 1609, -1,
      1603, 1793, 1865, -1,
      1865, 1793, 1794, -1,
      1865, 1794, 1866, -1,
      1866, 1794, 1792, -1,
      1866, 1792, 1791, -1,
      1609, 1611, 1845, -1,
      1845, 1611, 1799, -1,
      1845, 1799, 1846, -1,
      1846, 1799, 1800, -1,
      1846, 1800, 1848, -1,
      1848, 1800, 1796, -1,
      1848, 1796, 1849, -1,
      1849, 1796, 1795, -1,
      1849, 1795, 1853, -1,
      1853, 1795, 1804, -1,
      1853, 1804, 1854, -1,
      1854, 1804, 1806, -1,
      1854, 1806, 1857, -1,
      1857, 1806, 1808, -1,
      1857, 1808, 1858, -1,
      1858, 1808, 1810, -1,
      1858, 1810, 1867, -1,
      1867, 1810, 1812, -1,
      1867, 1812, 1868, -1,
      1868, 1812, 1821, -1,
      1868, 1821, 1869, -1,
      1869, 1821, 1823, -1,
      1869, 1823, 1603, -1,
      1603, 1823, 1604, -1,
    ]
  }
}

Shape {
  appearance Appearance {
    material Material {
      diffuseColor 0.2235 0.2235 0.2235
      specularColor 0.1137 0.1137 0.1137
      ambientIntensity 0.2
      transparency 0.0000
      shininess 0.5
    }
  }
  geometry IndexedFaceSet {
    ccw TRUE
    solid FALSE
    coord DEF co Coordinate {
      point [
        0.036791 -0.018215 0.078740,
        0.032863 0.017554 0.078740,
        0.036739 0.017119 0.078740,
        0.024348 -0.012004 0.078740,
        0.031818 -0.018215 0.078740,
        0.027840 -0.017657 0.078740,
        0.023643 -0.015934 0.078740,
        0.076456 -0.017975 0.078740,
        0.056291 -0.017975 0.078740,
        0.039328 -0.017952 0.078740,
        0.043143 -0.016639 0.078740,
        0.028078 0.016932 0.078740,
        0.023643 -0.011613 0.078740,
        0.023643 0.015033 0.078740,
        0.023643 0.020315 0.078740,
        0.039686 0.016055 0.078740,
        0.042411 0.014232 0.078740,
        0.044789 0.011607 0.078740,
        0.047649 0.001290 0.078740,
        0.047250 -0.002972 0.078740,
        0.046181 -0.006358 0.078740,
        0.037420 -0.013722 0.078740,
        0.033748 -0.014134 0.078740,
        0.040289 -0.012666 0.078740,
        0.042705 -0.011037 0.078740,
        0.044553 -0.009088 0.078740,
        0.028522 -0.013554 0.078740,
        0.071175 0.021395 0.078740,
        0.046412 0.008568 0.078740,
        0.047461 0.004353 0.078740,
        0.076456 0.021395 0.078740,
        0.046310 -0.014616 0.078740,
        0.049267 -0.011503 0.078740,
        0.056291 -0.013654 0.078740,
        0.051365 -0.007759 0.078740,
        0.071175 -0.013654 0.078740,
        0.050853 0.011026 0.078740,
        0.048545 0.014706 0.078740,
        0.044991 0.018125 0.078740,
        0.041251 0.020278 0.078740,
        0.036862 0.021552 0.078740,
        0.052550 -0.003592 0.078740,
        0.052930 0.000967 0.078740,
        0.052364 0.006565 0.078740,
        0.032908 0.021875 0.078740,
        0.028195 0.021550 0.078740,
        0.033399 -0.018437 0.078740,
        0.034476 -0.018455 0.078740,
        -0.047415 -0.017975 0.078740,
        -0.042569 -0.007185 0.078740,
        -0.040311 -0.010706 0.078740,
        -0.005165 -0.017975 0.078740,
        0.015961 -0.017975 0.078740,
        0.015961 0.021395 0.078740,
        -0.004204 0.017074 0.078740,
        0.010680 0.017074 0.078740,
        0.010680 0.004111 0.078740,
        -0.037070 -0.013809 0.078740,
        -0.032959 -0.016198 0.078740,
        -0.028423 -0.017550 0.078740,
        -0.004204 0.021395 0.078740,
        -0.067580 0.021395 0.078740,
        -0.062299 0.021395 0.078740,
        -0.082944 -0.017975 0.078740,
        -0.012846 0.021395 0.078740,
        -0.003244 0.004111 0.078740,
        -0.003244 -0.000210 0.078740,
        0.010680 -0.000210 0.078740,
        0.010680 -0.013654 0.078740,
        -0.005165 -0.013654 0.078740,
        -0.012846 -0.017975 0.078740,
        -0.023552 -0.017975 0.078740,
        -0.023957 0.021395 0.078740,
        -0.029644 0.020787 0.078740,
        -0.041361 0.013175 0.078740,
        -0.043191 0.009789 0.078740,
        -0.073199 -0.006932 0.078740,
        -0.056935 -0.006932 0.078740,
        -0.077183 -0.017975 0.078740,
        -0.053177 -0.017975 0.078740,
        -0.044248 0.005910 0.078740,
        -0.044535 0.002205 0.078740,
        -0.043982 -0.003064 0.078740,
        -0.034251 0.019170 0.078740,
        -0.038536 0.016298 0.078740,
        -0.038577 0.016262 0.078740,
        -0.067580 0.021395 0.082677,
        -0.082944 -0.017975 0.082677,
        -0.077183 -0.017975 0.082677,
        -0.073199 -0.006932 0.082677,
        -0.056935 -0.006932 0.082677,
        -0.053177 -0.017975 0.082677,
        -0.047415 -0.017975 0.082677,
        -0.062299 0.021395 0.082677,
        -0.058263 -0.002611 0.082677,
        -0.071429 -0.002611 0.082677,
        -0.064137 0.013833 0.082677,
        -0.064516 0.015199 0.082677,
        -0.064767 0.016594 0.082677,
        -0.064895 0.016594 0.082677,
        -0.065152 0.015203 0.082677,
        -0.065502 0.013833 0.082677,
        -0.058263 -0.002611 0.078740,
        -0.071429 -0.002611 0.078740,
        -0.064137 0.013833 0.078740,
        -0.064516 0.015199 0.078740,
        -0.064767 0.016594 0.078740,
        -0.064895 0.016594 0.078740,
        -0.065152 0.015203 0.078740,
        -0.065502 0.013833 0.078740,
        -0.023552 -0.017975 0.082677,
        -0.012846 -0.017975 0.082677,
        -0.012846 0.021395 0.082677,
        -0.023957 0.021395 0.082677,
        -0.044535 0.002205 0.082677,
        -0.044248 0.005910 0.082677,
        -0.043191 0.009789 0.082677,
        -0.041361 0.013175 0.082677,
        -0.038577 0.016262 0.082677,
        -0.038536 0.016298 0.082677,
        -0.034251 0.019170 0.082677,
        -0.029644 0.020787 0.082677,
        -0.028423 -0.017550 0.082677,
        -0.032959 -0.016198 0.082677,
        -0.037070 -0.013809 0.082677,
        -0.040311 -0.010706 0.082677,
        -0.042569 -0.007185 0.082677,
        -0.043982 -0.003064 0.082677,
        -0.036632 0.011553 0.082677,
        -0.034720 0.013583 0.082677,
        -0.031844 0.015441 0.082677,
        -0.028594 0.016579 0.082677,
        -0.023934 0.017074 0.082677,
        -0.018128 0.017074 0.082677,
        -0.018128 -0.013654 0.082677,
        -0.023717 -0.013654 0.082677,
        -0.027870 -0.013267 0.082677,
        -0.031183 -0.012233 0.082677,
        -0.033868 -0.010639 0.082677,
        -0.036076 -0.008458 0.082677,
        -0.037737 -0.005743 0.082677,
        -0.038892 -0.002043 0.082677,
        -0.039253 0.002093 0.082677,
        -0.038919 0.006011 0.082677,
        -0.038000 0.009125 0.082677,
        -0.023934 0.017074 0.078740,
        -0.018128 0.017074 0.078740,
        -0.028594 0.016579 0.078740,
        -0.031844 0.015441 0.078740,
        -0.034720 0.013583 0.078740,
        -0.036632 0.011553 0.078740,
        -0.038000 0.009125 0.078740,
        -0.038919 0.006011 0.078740,
        -0.039253 0.002093 0.078740,
        -0.038892 -0.002043 0.078740,
        -0.037737 -0.005743 0.078740,
        -0.036076 -0.008458 0.078740,
        -0.033868 -0.010639 0.078740,
        -0.031183 -0.012233 0.078740,
        -0.027870 -0.013267 0.078740,
        -0.023717 -0.013654 0.078740,
        -0.018128 -0.013654 0.078740,
        -0.005165 -0.013654 0.082677,
        -0.005165 -0.017975 0.082677,
        0.015961 -0.017975 0.082677,
        0.015961 0.021395 0.082677,
        -0.004204 0.021395 0.082677,
        -0.004204 0.017074 0.082677,
        0.010680 0.017074 0.082677,
        0.010680 0.004111 0.082677,
        -0.003244 0.004111 0.082677,
        -0.003244 -0.000210 0.082677,
        0.010680 -0.000210 0.082677,
        0.010680 -0.013654 0.082677,
        0.023643 -0.011613 0.082677,
        0.023643 -0.015934 0.082677,
        0.027840 -0.017657 0.082677,
        0.034476 -0.018455 0.082677,
        0.033399 -0.018437 0.082677,
        0.052930 0.000967 0.082677,
        0.052550 -0.003592 0.082677,
        0.051365 -0.007759 0.082677,
        0.049267 -0.011503 0.082677,
        0.046310 -0.014616 0.082677,
        0.043143 -0.016639 0.082677,
        0.039328 -0.017952 0.082677,
        0.032908 0.021875 0.082677,
        0.036862 0.021552 0.082677,
        0.041251 0.020278 0.082677,
        0.044991 0.018125 0.082677,
        0.048545 0.014706 0.082677,
        0.050853 0.011026 0.082677,
        0.052364 0.006565 0.082677,
        0.023643 0.020315 0.082677,
        0.028195 0.021550 0.082677,
        0.023643 0.015033 0.082677,
        0.032863 0.017554 0.082677,
        0.028078 0.016932 0.082677,
        0.047649 0.001290 0.082677,
        0.047461 0.004353 0.082677,
        0.046412 0.008568 0.082677,
        0.044789 0.011607 0.082677,
        0.042411 0.014232 0.082677,
        0.039686 0.016055 0.082677,
        0.036739 0.017119 0.082677,
        0.033748 -0.014134 0.082677,
        0.037420 -0.013722 0.082677,
        0.040289 -0.012666 0.082677,
        0.042705 -0.011037 0.082677,
        0.044553 -0.009088 0.082677,
        0.046181 -0.006358 0.082677,
        0.047250 -0.002972 0.082677,
        0.024348 -0.012004 0.082677,
        0.028522 -0.013554 0.082677,
        0.056291 -0.013654 0.082677,
        0.056291 -0.017975 0.082677,
        0.076456 -0.017975 0.082677,
        0.076456 0.021395 0.082677,
        0.071175 0.021395 0.082677,
        0.071175 -0.013654 0.082677,
      ]
    }
    coordIndex [
      86, 87, 61, -1,
      61, 87, 63, -1,
      87, 88, 63, -1,
      63, 88, 78, -1,
      88, 89, 78, -1,
      78, 89, 76, -1,
      89, 90, 76, -1,
      76, 90, 77, -1,
      90, 91, 77, -1,
      77, 91, 79, -1,
      91, 92, 79, -1,
      79, 92, 48, -1,
      92, 93, 48, -1,
      48, 93, 62, -1,
      93, 86, 62, -1,
      62, 86, 61, -1,
      94, 90, 95, -1,
      95, 90, 89, -1,
      96, 93, 94, -1,
      94, 93, 92, -1,
      94, 92, 90, -1,
      90, 92, 91, -1,
      96, 97, 93, -1,
      93, 97, 98, -1,
      93, 98, 86, -1,
      86, 98, 99, -1,
      86, 99, 100, -1,
      100, 101, 86, -1,
      86, 101, 95, -1,
      86, 95, 87, -1,
      87, 95, 89, -1,
      87, 89, 88, -1,
      94, 95, 102, -1,
      102, 95, 103, -1,
      96, 94, 104, -1,
      104, 94, 102, -1,
      96, 104, 105, -1,
      96, 105, 97, -1,
      97, 105, 106, -1,
      97, 106, 98, -1,
      99, 98, 107, -1,
      107, 98, 106, -1,
      99, 107, 108, -1,
      99, 108, 100, -1,
      100, 108, 109, -1,
      100, 109, 101, -1,
      95, 101, 103, -1,
      103, 101, 109, -1,
      110, 111, 71, -1,
      71, 111, 70, -1,
      111, 112, 70, -1,
      70, 112, 64, -1,
      112, 113, 64, -1,
      64, 113, 72, -1,
      114, 81, 80, -1,
      114, 80, 115, -1,
      115, 80, 75, -1,
      115, 75, 116, -1,
      116, 75, 74, -1,
      116, 74, 117, -1,
      117, 74, 85, -1,
      117, 85, 118, -1,
      118, 85, 84, -1,
      118, 84, 119, -1,
      119, 84, 83, -1,
      119, 83, 120, -1,
      120, 83, 73, -1,
      120, 73, 121, -1,
      121, 73, 72, -1,
      121, 72, 113, -1,
      110, 71, 59, -1,
      110, 59, 122, -1,
      122, 59, 58, -1,
      122, 58, 123, -1,
      123, 58, 57, -1,
      123, 57, 124, -1,
      124, 57, 50, -1,
      124, 50, 125, -1,
      125, 50, 49, -1,
      125, 49, 126, -1,
      126, 49, 82, -1,
      126, 82, 127, -1,
      127, 82, 81, -1,
      127, 81, 114, -1,
      116, 117, 128, -1,
      128, 117, 118, -1,
      128, 118, 129, -1,
      129, 118, 119, -1,
      129, 119, 130, -1,
      130, 119, 120, -1,
      130, 120, 131, -1,
      131, 120, 121, -1,
      131, 121, 132, -1,
      132, 121, 113, -1,
      132, 113, 133, -1,
      133, 113, 112, -1,
      133, 112, 134, -1,
      134, 112, 111, -1,
      134, 111, 135, -1,
      135, 111, 110, -1,
      135, 110, 136, -1,
      136, 110, 122, -1,
      136, 122, 137, -1,
      137, 122, 123, -1,
      137, 123, 138, -1,
      138, 123, 124, -1,
      138, 124, 139, -1,
      139, 124, 125, -1,
      139, 125, 140, -1,
      140, 125, 126, -1,
      140, 126, 141, -1,
      141, 126, 127, -1,
      141, 127, 142, -1,
      142, 127, 114, -1,
      142, 114, 143, -1,
      143, 114, 115, -1,
      143, 115, 144, -1,
      144, 115, 116, -1,
      144, 116, 128, -1,
      132, 133, 145, -1,
      145, 133, 146, -1,
      132, 145, 147, -1,
      132, 147, 131, -1,
      131, 147, 148, -1,
      131, 148, 130, -1,
      130, 148, 149, -1,
      130, 149, 129, -1,
      129, 149, 150, -1,
      129, 150, 128, -1,
      128, 150, 151, -1,
      128, 151, 144, -1,
      144, 151, 152, -1,
      144, 152, 143, -1,
      143, 152, 153, -1,
      143, 153, 142, -1,
      142, 153, 154, -1,
      142, 154, 141, -1,
      141, 154, 155, -1,
      141, 155, 140, -1,
      140, 155, 156, -1,
      140, 156, 139, -1,
      139, 156, 157, -1,
      139, 157, 138, -1,
      138, 157, 158, -1,
      138, 158, 137, -1,
      137, 158, 159, -1,
      137, 159, 136, -1,
      136, 159, 160, -1,
      136, 160, 135, -1,
      134, 135, 161, -1,
      161, 135, 160, -1,
      133, 134, 146, -1,
      146, 134, 161, -1,
      162, 163, 69, -1,
      69, 163, 51, -1,
      163, 164, 51, -1,
      51, 164, 52, -1,
      164, 165, 52, -1,
      52, 165, 53, -1,
      165, 166, 53, -1,
      53, 166, 60, -1,
      166, 167, 60, -1,
      60, 167, 54, -1,
      167, 168, 54, -1,
      54, 168, 55, -1,
      168, 169, 55, -1,
      55, 169, 56, -1,
      169, 170, 56, -1,
      56, 170, 65, -1,
      170, 171, 65, -1,
      65, 171, 66, -1,
      171, 172, 66, -1,
      66, 172, 67, -1,
      172, 173, 67, -1,
      67, 173, 68, -1,
      173, 162, 68, -1,
      68, 162, 69, -1,
      164, 163, 162, -1,
      162, 173, 164, -1,
      164, 173, 172, -1,
      164, 172, 165, -1,
      167, 166, 168, -1,
      168, 166, 165, -1,
      168, 165, 169, -1,
      169, 165, 172, -1,
      169, 172, 170, -1,
      170, 172, 171, -1,
      174, 175, 12, -1,
      12, 175, 6, -1,
      6, 175, 176, -1,
      177, 47, 46, -1,
      177, 46, 178, -1,
      178, 46, 4, -1,
      178, 4, 176, -1,
      176, 4, 5, -1,
      176, 5, 6, -1,
      179, 42, 41, -1,
      179, 41, 180, -1,
      180, 41, 34, -1,
      180, 34, 181, -1,
      181, 34, 32, -1,
      181, 32, 182, -1,
      182, 32, 31, -1,
      182, 31, 183, -1,
      183, 31, 10, -1,
      183, 10, 184, -1,
      184, 10, 9, -1,
      184, 9, 185, -1,
      185, 9, 177, -1,
      177, 9, 0, -1,
      177, 0, 47, -1,
      186, 44, 40, -1,
      186, 40, 187, -1,
      187, 40, 39, -1,
      187, 39, 188, -1,
      188, 39, 38, -1,
      188, 38, 189, -1,
      189, 38, 37, -1,
      189, 37, 190, -1,
      190, 37, 36, -1,
      190, 36, 191, -1,
      191, 36, 43, -1,
      191, 43, 192, -1,
      192, 43, 42, -1,
      192, 42, 179, -1,
      193, 14, 45, -1,
      193, 45, 194, -1,
      194, 45, 44, -1,
      194, 44, 186, -1,
      193, 195, 14, -1,
      14, 195, 13, -1,
      196, 1, 11, -1,
      196, 11, 197, -1,
      197, 11, 13, -1,
      197, 13, 195, -1,
      198, 18, 29, -1,
      198, 29, 199, -1,
      199, 29, 28, -1,
      199, 28, 200, -1,
      200, 28, 17, -1,
      200, 17, 201, -1,
      201, 17, 16, -1,
      201, 16, 202, -1,
      202, 16, 15, -1,
      202, 15, 203, -1,
      203, 15, 2, -1,
      203, 2, 204, -1,
      204, 2, 1, -1,
      204, 1, 196, -1,
      205, 22, 21, -1,
      205, 21, 206, -1,
      206, 21, 23, -1,
      206, 23, 207, -1,
      207, 23, 24, -1,
      207, 24, 208, -1,
      208, 24, 25, -1,
      208, 25, 209, -1,
      209, 25, 20, -1,
      209, 20, 210, -1,
      210, 20, 19, -1,
      210, 19, 211, -1,
      211, 19, 18, -1,
      211, 18, 198, -1,
      174, 12, 3, -1,
      174, 3, 212, -1,
      212, 3, 26, -1,
      212, 26, 213, -1,
      213, 26, 22, -1,
      213, 22, 205, -1,
      206, 177, 205, -1,
      205, 177, 178, -1,
      205, 178, 213, -1,
      213, 178, 176, -1,
      213, 176, 212, -1,
      212, 176, 175, -1,
      212, 175, 174, -1,
      195, 193, 197, -1,
      197, 193, 194, -1,
      197, 194, 196, -1,
      196, 194, 186, -1,
      196, 186, 204, -1,
      204, 186, 187, -1,
      204, 187, 203, -1,
      203, 187, 188, -1,
      203, 188, 202, -1,
      202, 188, 189, -1,
      202, 189, 201, -1,
      201, 189, 190, -1,
      201, 190, 200, -1,
      200, 190, 191, -1,
      200, 191, 199, -1,
      199, 191, 192, -1,
      199, 192, 198, -1,
      198, 192, 179, -1,
      198, 179, 211, -1,
      211, 179, 180, -1,
      211, 180, 210, -1,
      210, 180, 181, -1,
      210, 181, 209, -1,
      209, 181, 182, -1,
      209, 182, 208, -1,
      208, 182, 183, -1,
      208, 183, 207, -1,
      207, 183, 184, -1,
      207, 184, 206, -1,
      206, 184, 185, -1,
      206, 185, 177, -1,
      214, 215, 33, -1,
      33, 215, 8, -1,
      215, 216, 8, -1,
      8, 216, 7, -1,
      216, 217, 7, -1,
      7, 217, 30, -1,
      217, 218, 30, -1,
      30, 218, 27, -1,
      218, 219, 27, -1,
      27, 219, 35, -1,
      219, 214, 35, -1,
      35, 214, 33, -1,
      218, 217, 219, -1,
      219, 217, 216, -1,
      219, 216, 214, -1,
      214, 216, 215, -1,
    ]
  }
}

Shape {
  appearance Appearance {
    material Material {
      diffuseColor 1.0000 1.0000 1.0000
      specularColor 0.3020 0.3020 0.3020
      ambientIntensity 0.2
      transparency 0.0000
      shininess 0.5
    }
  }
  geometry IndexedFaceSet {
    ccw TRUE
    solid FALSE
    coord DEF co Coordinate {
      point [
        -0.058263 -0.002611 0.078740,
        -0.071429 -0.002611 0.078740,
        -0.064137 0.013833 0.078740,
        -0.064516 0.015199 0.078740,
        -0.064767 0.016594 0.078740,
        -0.064895 0.016594 0.078740,
        -0.065152 0.015203 0.078740,
        -0.065502 0.013833 0.078740,
        -0.023934 0.017074 0.078740,
        -0.018128 0.017074 0.078740,
        -0.028594 0.016579 0.078740,
        -0.031844 0.015441 0.078740,
        -0.034720 0.013583 0.078740,
        -0.036632 0.011553 0.078740,
        -0.038000 0.009125 0.078740,
        -0.038919 0.006011 0.078740,
        -0.039253 0.002093 0.078740,
        -0.038892 -0.002043 0.078740,
        -0.037737 -0.005743 0.078740,
        -0.036076 -0.008458 0.078740,
        -0.033868 -0.010639 0.078740,
        -0.031183 -0.012233 0.078740,
        -0.027870 -0.013267 0.078740,
        -0.023717 -0.013654 0.078740,
        -0.018128 -0.013654 0.078740,
      ]
    }
    coordIndex [
      0, 1, 2, -1,
      2, 1, 7, -1,
      2, 7, 3, -1,
      3, 7, 6, -1,
      3, 6, 4, -1,
      4, 6, 5, -1,
      9, 24, 8, -1,
      8, 24, 23, -1,
      8, 23, 22, -1,
      16, 15, 8, -1,
      8, 15, 14, -1,
      8, 14, 10, -1,
      22, 21, 8, -1,
      8, 21, 20, -1,
      8, 20, 19, -1,
      19, 18, 8, -1,
      8, 18, 17, -1,
      8, 17, 16, -1,
      13, 12, 14, -1,
      14, 12, 11, -1,
      14, 11, 10, -1,
    ]
  }
}

Shape {
  appearance Appearance {
    material Material {
      diffuseColor 0.8510 0.8510 0.8510
      specularColor 0.4235 0.4235 0.4235
      ambientIntensity 0.2
      transparency 0.0000
      shininess 0.5
    }
  }
  geometry IndexedFaceSet {
    ccw TRUE
    solid FALSE
    coord DEF co Coordinate {
      point [
        0.629921 -0.433071 0.059055,
        0.629921 -0.433071 0.295276,
        0.629921 -0.433071 0.354331,
        -0.629921 -0.433071 0.059055,
        -0.629921 -0.433071 0.295276,
        -0.629921 -0.433071 0.354331,
        0.629921 0.433071 0.059055,
        0.629921 0.433071 0.295276,
        0.629921 0.433071 0.354331,
        -0.629921 0.433071 0.059055,
        -0.629921 0.433071 0.295276,
        -0.629921 0.433071 0.354331,
        -0.629921 -0.433071 0.051100,
        -0.629921 0.433071 0.051100,
        -0.376247 0.433071 0.051100,
        -0.376247 -0.433071 0.051100,
        -0.376247 0.433071 -0.007955,
        -0.376247 -0.433071 -0.007955,
        -0.645206 -0.433071 0.352319,
        -0.688976 -0.433071 0.295276,
        -0.686964 -0.433071 0.310560,
        -0.681065 -0.433071 0.324803,
        -0.659449 -0.433071 0.346419,
        -0.671680 -0.433071 0.337034,
        -0.688976 0.433071 0.295276,
        -0.686964 0.433071 0.310560,
        -0.681065 0.433071 0.324803,
        -0.671680 0.433071 0.337034,
        -0.659449 0.433071 0.346419,
        -0.645206 0.433071 0.352319,
        -0.688976 -0.433071 0.051100,
        -0.688976 0.433071 0.051100,
        -0.686964 -0.433071 0.035816,
        -0.681065 -0.433071 0.021573,
        -0.671680 -0.433071 0.009342,
        -0.659449 -0.433071 -0.000043,
        -0.645206 -0.433071 -0.005943,
        -0.629921 -0.433071 -0.007955,
        -0.629921 0.433071 -0.007955,
        -0.645206 0.433071 -0.005943,
        -0.659449 0.433071 -0.000043,
        -0.671680 0.433071 0.009342,
        -0.681065 0.433071 0.021573,
        -0.686964 0.433071 0.035816,
        0.629921 0.433071 0.051100,
        0.629921 -0.433071 0.051100,
        0.376247 -0.433071 0.051100,
        0.376247 0.433071 0.051100,
        0.376247 -0.433071 -0.007955,
        0.376247 0.433071 -0.007955,
        0.688976 -0.433071 0.295276,
        0.688976 0.433071 0.295276,
        0.686964 0.433071 0.310560,
        0.686964 -0.433071 0.310560,
        0.681065 0.433071 0.324803,
        0.681065 -0.433071 0.324803,
        0.671680 0.433071 0.337034,
        0.671680 -0.433071 0.337034,
        0.659449 0.433071 0.346419,
        0.659449 -0.433071 0.346419,
        0.645206 0.433071 0.352319,
        0.645206 -0.433071 0.352319,
        0.688976 0.433071 0.051100,
        0.688976 -0.433071 0.051100,
        0.629921 -0.433071 -0.007955,
        0.629921 0.433071 -0.007955,
        0.645206 0.433071 -0.005943,
        0.645206 -0.433071 -0.005943,
        0.659449 0.433071 -0.000043,
        0.659449 -0.433071 -0.000043,
        0.671680 0.433071 0.009342,
        0.671680 -0.433071 0.009342,
        0.681065 0.433071 0.021573,
        0.681065 -0.433071 0.021573,
        0.686964 0.433071 0.035816,
        0.686964 -0.433071 0.035816,
      ]
    }
    coordIndex [
      12, 13, 3, -1,
      3, 13, 9, -1,
      14, 15, 16, -1,
      16, 15, 17, -1,
      4, 5, 18, -1,
      19, 4, 20, -1,
      20, 4, 21, -1,
      18, 22, 4, -1,
      4, 22, 23, -1,
      4, 23, 21, -1,
      24, 19, 20, -1,
      24, 20, 25, -1,
      25, 20, 21, -1,
      25, 21, 26, -1,
      26, 21, 23, -1,
      26, 23, 27, -1,
      27, 23, 22, -1,
      27, 22, 28, -1,
      28, 22, 18, -1,
      28, 18, 29, -1,
      29, 18, 5, -1,
      29, 5, 11, -1,
      24, 25, 10, -1,
      10, 25, 26, -1,
      10, 26, 27, -1,
      27, 28, 10, -1,
      10, 28, 29, -1,
      10, 29, 11, -1,
      4, 19, 3, -1,
      3, 19, 30, -1,
      3, 30, 12, -1,
      30, 19, 31, -1,
      31, 19, 24, -1,
      13, 31, 9, -1,
      9, 31, 24, -1,
      9, 24, 10, -1,
      30, 32, 12, -1,
      12, 32, 33, -1,
      12, 33, 34, -1,
      34, 35, 12, -1,
      12, 35, 36, -1,
      12, 36, 37, -1,
      38, 37, 36, -1,
      38, 36, 39, -1,
      39, 36, 35, -1,
      39, 35, 40, -1,
      40, 35, 34, -1,
      40, 34, 41, -1,
      41, 34, 33, -1,
      41, 33, 42, -1,
      42, 33, 32, -1,
      42, 32, 43, -1,
      43, 32, 30, -1,
      43, 30, 31, -1,
      38, 39, 13, -1,
      13, 39, 40, -1,
      13, 40, 41, -1,
      41, 42, 13, -1,
      13, 42, 43, -1,
      13, 43, 31, -1,
      14, 13, 15, -1,
      15, 13, 12, -1,
      15, 12, 17, -1,
      17, 12, 37, -1,
      17, 37, 16, -1,
      16, 37, 38, -1,
      38, 13, 16, -1,
      16, 13, 14, -1,
      44, 45, 6, -1,
      6, 45, 0, -1,
      46, 47, 48, -1,
      48, 47, 49, -1,
      50, 51, 52, -1,
      50, 52, 53, -1,
      53, 52, 54, -1,
      53, 54, 55, -1,
      55, 54, 56, -1,
      55, 56, 57, -1,
      57, 56, 58, -1,
      57, 58, 59, -1,
      59, 58, 60, -1,
      59, 60, 61, -1,
      61, 60, 8, -1,
      61, 8, 2, -1,
      50, 53, 1, -1,
      1, 53, 55, -1,
      1, 55, 57, -1,
      57, 59, 1, -1,
      1, 59, 61, -1,
      1, 61, 2, -1,
      8, 60, 7, -1,
      7, 60, 58, -1,
      7, 58, 56, -1,
      56, 54, 7, -1,
      7, 54, 52, -1,
      7, 52, 51, -1,
      62, 51, 63, -1,
      63, 51, 50, -1,
      45, 63, 0, -1,
      0, 63, 50, -1,
      0, 50, 1, -1,
      7, 51, 6, -1,
      6, 51, 62, -1,
      6, 62, 44, -1,
      64, 65, 66, -1,
      64, 66, 67, -1,
      67, 66, 68, -1,
      67, 68, 69, -1,
      69, 68, 70, -1,
      69, 70, 71, -1,
      71, 70, 72, -1,
      71, 72, 73, -1,
      73, 72, 74, -1,
      73, 74, 75, -1,
      75, 74, 62, -1,
      75, 62, 63, -1,
      64, 67, 45, -1,
      45, 67, 69, -1,
      45, 69, 71, -1,
      71, 73, 45, -1,
      45, 73, 75, -1,
      45, 75, 63, -1,
      66, 65, 44, -1,
      44, 62, 74, -1,
      66, 44, 68, -1,
      74, 72, 44, -1,
      44, 72, 70, -1,
      44, 70, 68, -1,
      49, 65, 48, -1,
      48, 65, 64, -1,
      48, 64, 46, -1,
      46, 64, 45, -1,
      46, 45, 47, -1,
      47, 45, 44, -1,
      44, 65, 47, -1,
      47, 65, 49, -1,
    ]
  }
}
