#VRML V2.0 utf8

Shape {
  appearance Appearance {
    material Material {
      diffuseColor 0.2235 0.2235 0.2235
      specularColor 0.1137 0.1137 0.1137
      ambientIntensity 0.2
      transparency 0.0000
      shininess 0.5
    }
  }
  geometry IndexedFaceSet {
    ccw TRUE
    solid FALSE
    coord DEF co Coordinate {
      point [
        0.787402 0.787402 0.003937,
        0.787402 0.541339 0.003937,
        0.633858 0.541339 0.003937,
        0.633858 0.246063 0.003937,
        0.787402 0.246063 0.003937,
        0.787402 0.147638 0.003937,
        0.551181 -0.551181 0.003937,
        0.551181 0.551181 0.003937,
        0.633858 0.049213 0.003937,
        0.633858 0.147638 0.003937,
        0.541339 0.787402 0.003937,
        -0.787402 0.787402 0.003937,
        -0.541339 0.787402 0.003937,
        -0.541339 0.633858 0.003937,
        -0.551181 0.551181 0.003937,
        -0.442913 0.633858 0.003937,
        0.787402 0.049213 0.003937,
        0.787402 -0.049213 0.003937,
        0.633858 -0.049213 0.003937,
        0.633858 -0.147638 0.003937,
        -0.246063 0.633858 0.003937,
        -0.246063 0.787402 0.003937,
        -0.147638 0.787402 0.003937,
        0.787402 -0.147638 0.003937,
        0.787402 -0.246063 0.003937,
        0.633858 -0.246063 0.003937,
        0.633858 -0.344488 0.003937,
        -0.147638 0.633858 0.003937,
        -0.049213 0.633858 0.003937,
        0.787402 -0.787402 0.003937,
        0.541339 -0.787402 0.003937,
        0.541339 -0.633858 0.003937,
        -0.344488 0.633858 0.003937,
        -0.344488 0.787402 0.003937,
        -0.442913 0.787402 0.003937,
        -0.433071 -0.551181 0.003937,
        0.442913 -0.633858 0.003937,
        0.787402 -0.344488 0.003937,
        0.787402 -0.442913 0.003937,
        0.633858 -0.442913 0.003937,
        0.633858 -0.541339 0.003937,
        0.787402 -0.541339 0.003937,
        0.147638 0.633858 0.003937,
        0.147638 0.787402 0.003937,
        0.246063 0.787402 0.003937,
        0.246063 -0.633858 0.003937,
        0.246063 -0.787402 0.003937,
        0.147638 -0.787402 0.003937,
        0.147638 -0.633858 0.003937,
        0.049213 -0.633858 0.003937,
        0.246063 0.633858 0.003937,
        0.049213 0.633858 0.003937,
        0.049213 0.787402 0.003937,
        -0.049213 0.787402 0.003937,
        0.344488 -0.633858 0.003937,
        0.344488 -0.787402 0.003937,
        0.442913 -0.787402 0.003937,
        0.344488 0.787402 0.003937,
        0.442913 0.787402 0.003937,
        0.344488 0.633858 0.003937,
        0.442913 0.633858 0.003937,
        -0.147638 -0.633858 0.003937,
        -0.147638 -0.787402 0.003937,
        -0.246063 -0.787402 0.003937,
        0.633858 0.442913 0.003937,
        0.541339 0.633858 0.003937,
        -0.246063 -0.633858 0.003937,
        -0.049213 -0.633858 0.003937,
        -0.049213 -0.787402 0.003937,
        0.049213 -0.787402 0.003937,
        0.787402 0.442913 0.003937,
        0.787402 0.344488 0.003937,
        0.633858 0.344488 0.003937,
        -0.442913 -0.787402 0.003937,
        -0.442913 -0.633858 0.003937,
        -0.344488 -0.787402 0.003937,
        -0.344488 -0.633858 0.003937,
        -0.541339 -0.633858 0.003937,
        -0.541339 -0.787402 0.003937,
        -0.633858 -0.541339 0.003937,
        -0.787402 -0.787402 0.003937,
        -0.787402 -0.541339 0.003937,
        -0.633858 -0.442913 0.003937,
        -0.551181 -0.433071 0.003937,
        -0.787402 -0.246063 0.003937,
        -0.787402 -0.147638 0.003937,
        -0.633858 -0.246063 0.003937,
        -0.633858 -0.147638 0.003937,
        -0.787402 -0.442913 0.003937,
        -0.787402 -0.344488 0.003937,
        -0.633858 -0.344488 0.003937,
        -0.633858 -0.049213 0.003937,
        -0.633858 0.147638 0.003937,
        -0.787402 0.147638 0.003937,
        -0.787402 0.246063 0.003937,
        -0.633858 0.246063 0.003937,
        -0.633858 0.344488 0.003937,
        -0.633858 0.049213 0.003937,
        -0.787402 0.049213 0.003937,
        -0.787402 -0.049213 0.003937,
        -0.787402 0.541339 0.003937,
        -0.633858 0.541339 0.003937,
        -0.633858 0.442913 0.003937,
        -0.787402 0.442913 0.003937,
        -0.787402 0.344488 0.003937,
        0.787402 0.246063 0.059055,
        0.787402 0.344488 0.059055,
        0.787402 0.787402 0.358268,
        0.787402 -0.147638 0.059055,
        0.787402 -0.049213 0.059055,
        0.787402 0.147638 0.059055,
        0.787402 -0.787402 0.358268,
        0.787402 -0.246063 0.059055,
        0.787402 0.541339 0.059055,
        0.787402 0.442913 0.059055,
        0.787402 -0.541339 0.059055,
        0.787402 -0.442913 0.059055,
        0.787402 -0.344488 0.059055,
        0.787402 0.049213 0.059055,
        -0.246063 0.787402 0.059055,
        -0.344488 0.787402 0.059055,
        -0.787402 0.787402 0.358268,
        -0.147638 0.787402 0.059055,
        0.541339 0.787402 0.059055,
        0.442913 0.787402 0.059055,
        -0.541339 0.787402 0.059055,
        -0.442913 0.787402 0.059055,
        0.246063 0.787402 0.059055,
        0.147638 0.787402 0.059055,
        0.049213 0.787402 0.059055,
        0.344488 0.787402 0.059055,
        -0.049213 0.787402 0.059055,
        -0.787402 -0.246063 0.059055,
        -0.787402 -0.344488 0.059055,
        -0.787402 -0.787402 0.358268,
        -0.787402 -0.147638 0.059055,
        -0.787402 0.541339 0.059055,
        -0.787402 0.442913 0.059055,
        -0.787402 0.147638 0.059055,
        -0.787402 0.049213 0.059055,
        -0.787402 0.246063 0.059055,
        -0.787402 -0.541339 0.059055,
        -0.787402 -0.442913 0.059055,
        -0.787402 0.344488 0.059055,
        -0.787402 -0.049213 0.059055,
      ]
    }
    coordIndex [
      0, 1, 2, -1,
      3, 4, 5, -1,
      6, 7, 8, -1,
      8, 7, 9, -1,
      0, 2, 10, -1,
      11, 12, 13, -1,
      11, 13, 14, -1,
      14, 13, 15, -1,
      14, 15, 7, -1,
      16, 17, 8, -1,
      8, 17, 18, -1,
      8, 18, 6, -1,
      6, 18, 19, -1,
      20, 21, 22, -1,
      23, 24, 19, -1,
      19, 24, 25, -1,
      19, 25, 6, -1,
      6, 25, 26, -1,
      27, 28, 7, -1,
      29, 30, 31, -1,
      22, 27, 20, -1,
      20, 27, 7, -1,
      20, 7, 32, -1,
      32, 7, 15, -1,
      32, 15, 33, -1,
      33, 15, 34, -1,
      35, 6, 36, -1,
      36, 6, 31, -1,
      37, 38, 26, -1,
      26, 38, 39, -1,
      26, 39, 6, -1,
      6, 39, 40, -1,
      6, 40, 31, -1,
      31, 40, 41, -1,
      31, 41, 29, -1,
      42, 43, 44, -1,
      45, 46, 47, -1,
      48, 49, 35, -1,
      44, 50, 42, -1,
      42, 50, 7, -1,
      42, 7, 51, -1,
      51, 7, 28, -1,
      51, 28, 52, -1,
      52, 28, 53, -1,
      47, 48, 45, -1,
      45, 48, 35, -1,
      45, 35, 54, -1,
      54, 35, 36, -1,
      54, 36, 55, -1,
      55, 36, 56, -1,
      57, 58, 59, -1,
      59, 58, 60, -1,
      61, 62, 63, -1,
      7, 2, 64, -1,
      50, 59, 7, -1,
      7, 59, 60, -1,
      7, 60, 2, -1,
      2, 60, 65, -1,
      2, 65, 10, -1,
      63, 66, 61, -1,
      61, 66, 35, -1,
      61, 35, 67, -1,
      67, 35, 49, -1,
      67, 49, 68, -1,
      68, 49, 69, -1,
      70, 71, 64, -1,
      64, 71, 72, -1,
      64, 72, 7, -1,
      7, 72, 3, -1,
      7, 3, 9, -1,
      9, 3, 5, -1,
      73, 74, 75, -1,
      75, 74, 76, -1,
      77, 78, 79, -1,
      79, 78, 80, -1,
      79, 80, 81, -1,
      79, 82, 77, -1,
      77, 82, 83, -1,
      77, 83, 74, -1,
      74, 83, 35, -1,
      74, 35, 76, -1,
      76, 35, 66, -1,
      84, 85, 86, -1,
      86, 85, 87, -1,
      88, 89, 82, -1,
      82, 89, 90, -1,
      82, 90, 83, -1,
      83, 90, 86, -1,
      83, 86, 14, -1,
      14, 86, 87, -1,
      14, 87, 91, -1,
      92, 93, 94, -1,
      95, 96, 14, -1,
      94, 95, 92, -1,
      92, 95, 14, -1,
      92, 14, 97, -1,
      97, 14, 91, -1,
      97, 91, 98, -1,
      98, 91, 99, -1,
      100, 11, 101, -1,
      101, 11, 14, -1,
      101, 14, 102, -1,
      102, 14, 96, -1,
      102, 96, 103, -1,
      103, 96, 104, -1,
      105, 106, 107, -1,
      108, 109, 107, -1,
      110, 5, 4, -1,
      111, 29, 41, -1,
      112, 24, 23, -1,
      1, 0, 113, -1,
      113, 0, 107, -1,
      113, 107, 114, -1,
      114, 107, 106, -1,
      114, 106, 70, -1,
      70, 106, 71, -1,
      41, 115, 111, -1,
      111, 115, 116, -1,
      111, 116, 107, -1,
      23, 108, 112, -1,
      112, 108, 107, -1,
      112, 107, 117, -1,
      117, 107, 116, -1,
      117, 116, 37, -1,
      37, 116, 38, -1,
      4, 105, 110, -1,
      110, 105, 107, -1,
      110, 107, 118, -1,
      118, 107, 109, -1,
      118, 109, 16, -1,
      16, 109, 17, -1,
      107, 0, 10, -1,
      119, 120, 121, -1,
      122, 22, 21, -1,
      10, 123, 107, -1,
      107, 123, 124, -1,
      107, 124, 121, -1,
      12, 11, 125, -1,
      125, 11, 121, -1,
      125, 121, 126, -1,
      126, 121, 120, -1,
      126, 120, 34, -1,
      34, 120, 33, -1,
      127, 44, 43, -1,
      128, 129, 121, -1,
      43, 128, 127, -1,
      127, 128, 121, -1,
      127, 121, 130, -1,
      130, 121, 124, -1,
      130, 124, 57, -1,
      57, 124, 58, -1,
      21, 119, 122, -1,
      122, 119, 121, -1,
      122, 121, 131, -1,
      131, 121, 129, -1,
      131, 129, 53, -1,
      53, 129, 52, -1,
      132, 133, 134, -1,
      121, 11, 100, -1,
      135, 85, 84, -1,
      100, 136, 121, -1,
      121, 136, 137, -1,
      121, 137, 134, -1,
      138, 139, 134, -1,
      140, 94, 93, -1,
      81, 80, 141, -1,
      141, 80, 134, -1,
      141, 134, 142, -1,
      142, 134, 133, -1,
      142, 133, 88, -1,
      88, 133, 89, -1,
      93, 138, 140, -1,
      140, 138, 134, -1,
      140, 134, 143, -1,
      143, 134, 137, -1,
      143, 137, 104, -1,
      104, 137, 103, -1,
      84, 132, 135, -1,
      135, 132, 134, -1,
      135, 134, 144, -1,
      144, 134, 139, -1,
      144, 139, 99, -1,
      99, 139, 98, -1,
    ]
  }
}

Shape {
  appearance Appearance {
    material Material {
      diffuseColor 0.8510 0.8510 0.8510
      specularColor 0.4235 0.4235 0.4235
      ambientIntensity 0.2
      transparency 0.0000
      shininess 0.5
    }
  }
  geometry IndexedFaceSet {
    ccw TRUE
    solid FALSE
    coord DEF co Coordinate {
      point [
        -0.012243 -0.551181 0.000000,
        -0.433071 -0.551181 0.000000,
        -0.012243 -0.029721 0.000000,
        -0.551181 -0.433071 0.000000,
        -0.551181 -0.029721 0.000000,
        -0.006481 -0.029361 0.000000,
        -0.006481 -0.022880 0.000000,
        -0.012243 0.551181 0.000000,
        -0.005041 0.023212 0.000000,
        0.017284 0.023212 0.000000,
        0.017284 0.003767 0.000000,
        0.025206 -0.029361 0.000000,
        0.025206 0.029694 0.000000,
        0.036730 -0.019819 0.000000,
        0.036730 -0.026300 0.000000,
        0.043024 -0.028885 0.000000,
        0.048992 -0.029721 0.000000,
        0.017284 -0.002715 0.000000,
        0.017284 -0.022880 0.000000,
        -0.003601 -0.002715 0.000000,
        -0.003601 0.003767 0.000000,
        0.065980 -0.027357 0.000000,
        0.085702 -0.029361 0.000000,
        0.060256 -0.029327 0.000000,
        0.056452 -0.029721 0.000000,
        0.551181 -0.029721 0.000000,
        0.115950 -0.029361 0.000000,
        0.551181 0.551181 0.000000,
        0.115950 0.029694 0.000000,
        0.108028 0.029694 0.000000,
        -0.005041 0.029694 0.000000,
        0.056374 0.023279 0.000000,
        0.060794 0.021684 0.000000,
        0.037788 -0.020405 0.000000,
        0.064882 0.018950 0.000000,
        0.068448 0.015013 0.000000,
        0.072739 -0.000464 0.000000,
        0.072141 -0.006857 0.000000,
        0.070536 -0.011937 0.000000,
        0.057395 -0.022982 0.000000,
        0.051887 -0.023600 0.000000,
        0.061698 -0.021398 0.000000,
        0.065322 -0.018955 0.000000,
        0.068094 -0.016031 0.000000,
        0.044048 -0.022730 0.000000,
        0.070883 0.010453 0.000000,
        0.072457 0.004131 0.000000,
        0.068751 0.024788 0.000000,
        0.074083 0.019661 0.000000,
        0.077544 0.014139 0.000000,
        0.070730 -0.024323 0.000000,
        0.075166 -0.019653 0.000000,
        0.085702 -0.022880 0.000000,
        0.078312 -0.014038 0.000000,
        0.108028 -0.022880 0.000000,
        0.080090 -0.007787 0.000000,
        0.080661 -0.000948 0.000000,
        0.079811 0.007448 0.000000,
        0.063142 0.028017 0.000000,
        0.056558 0.029930 0.000000,
        0.050627 0.030414 0.000000,
        0.043557 0.029926 0.000000,
        0.036730 0.028073 0.000000,
        0.036730 0.020151 0.000000,
        0.043381 0.023000 0.000000,
        0.050559 0.023932 0.000000,
        0.051364 -0.030054 0.000000,
        0.551181 -0.551181 0.000000,
        0.052979 -0.030081 0.000000,
        -0.069858 -0.029361 0.000000,
        -0.062588 -0.013176 0.000000,
        -0.059201 -0.018458 0.000000,
        -0.114509 -0.029361 0.000000,
        -0.123152 -0.029361 0.000000,
        -0.100106 0.029694 0.000000,
        -0.551181 0.551181 0.000000,
        -0.092183 0.029694 0.000000,
        -0.054341 -0.023112 0.000000,
        -0.048174 -0.026695 0.000000,
        -0.041370 -0.028724 0.000000,
        -0.034063 -0.029361 0.000000,
        -0.018005 -0.029361 0.000000,
        -0.018005 0.029694 0.000000,
        -0.034670 0.029694 0.000000,
        -0.056601 0.021994 0.000000,
        -0.060777 0.017363 0.000000,
        -0.063522 0.012284 0.000000,
        -0.043202 0.028782 0.000000,
        -0.050111 0.026356 0.000000,
        -0.056539 0.022048 0.000000,
        -0.078500 -0.029361 0.000000,
        -0.084138 -0.012797 0.000000,
        -0.108534 -0.012797 0.000000,
        -0.065107 0.006466 0.000000,
        -0.065537 0.000909 0.000000,
        -0.064708 -0.006994 0.000000,
      ]
    }
    coordIndex [
      0, 1, 2, -1,
      2, 1, 3, -1,
      2, 3, 4, -1,
      5, 2, 6, -1,
      6, 2, 7, -1,
      8, 9, 10, -1,
      11, 12, 13, -1,
      13, 14, 11, -1,
      11, 14, 15, -1,
      11, 15, 16, -1,
      17, 18, 19, -1,
      19, 18, 6, -1,
      19, 6, 20, -1,
      21, 22, 23, -1,
      23, 22, 24, -1,
      25, 26, 27, -1,
      27, 26, 28, -1,
      27, 28, 7, -1,
      7, 28, 29, -1,
      10, 20, 8, -1,
      8, 20, 6, -1,
      8, 6, 30, -1,
      30, 6, 7, -1,
      30, 7, 12, -1,
      31, 32, 33, -1,
      33, 32, 34, -1,
      33, 34, 35, -1,
      36, 37, 33, -1,
      33, 37, 38, -1,
      39, 40, 41, -1,
      41, 40, 42, -1,
      38, 43, 33, -1,
      33, 43, 42, -1,
      33, 42, 44, -1,
      44, 42, 40, -1,
      35, 45, 33, -1,
      33, 45, 46, -1,
      33, 46, 36, -1,
      47, 7, 48, -1,
      48, 7, 29, -1,
      48, 29, 49, -1,
      21, 50, 22, -1,
      22, 50, 51, -1,
      22, 51, 52, -1,
      52, 51, 53, -1,
      52, 53, 54, -1,
      53, 55, 54, -1,
      54, 55, 56, -1,
      54, 56, 29, -1,
      29, 56, 57, -1,
      29, 57, 49, -1,
      47, 58, 7, -1,
      7, 58, 59, -1,
      7, 59, 60, -1,
      60, 61, 7, -1,
      7, 61, 62, -1,
      7, 62, 12, -1,
      12, 62, 63, -1,
      12, 63, 13, -1,
      13, 63, 64, -1,
      13, 64, 33, -1,
      33, 64, 65, -1,
      33, 65, 31, -1,
      5, 11, 2, -1,
      2, 11, 16, -1,
      2, 16, 0, -1,
      0, 16, 66, -1,
      0, 66, 67, -1,
      67, 66, 68, -1,
      67, 68, 25, -1,
      25, 68, 24, -1,
      25, 24, 26, -1,
      26, 24, 22, -1,
      69, 70, 71, -1,
      72, 2, 73, -1,
      73, 2, 4, -1,
      73, 4, 74, -1,
      74, 4, 75, -1,
      74, 75, 76, -1,
      76, 75, 7, -1,
      71, 77, 69, -1,
      69, 77, 78, -1,
      69, 78, 79, -1,
      80, 81, 2, -1,
      2, 81, 82, -1,
      2, 82, 7, -1,
      7, 82, 83, -1,
      84, 85, 76, -1,
      76, 85, 86, -1,
      83, 87, 7, -1,
      7, 87, 88, -1,
      7, 88, 76, -1,
      76, 88, 89, -1,
      76, 89, 84, -1,
      79, 80, 69, -1,
      69, 80, 2, -1,
      69, 2, 90, -1,
      90, 2, 72, -1,
      90, 72, 91, -1,
      91, 72, 92, -1,
      86, 93, 76, -1,
      76, 93, 94, -1,
      76, 94, 69, -1,
      69, 94, 95, -1,
      69, 95, 70, -1,
    ]
  }
}

Shape {
  appearance Appearance {
    material Material {
      diffuseColor 0.2235 0.2235 0.2235
      specularColor 0.1137 0.1137 0.1137
      ambientIntensity 0.2
      transparency 0.0000
      shininess 0.5
    }
  }
  geometry IndexedFaceSet {
    ccw TRUE
    solid FALSE
    coord DEF co Coordinate {
      point [
        0.787402 -0.787402 0.003937,
        0.541339 -0.787402 0.003937,
        0.246063 -0.787402 0.003937,
        0.147638 -0.787402 0.003937,
        0.344488 -0.787402 0.003937,
        0.442913 -0.787402 0.003937,
        -0.147638 -0.787402 0.003937,
        -0.246063 -0.787402 0.003937,
        -0.049213 -0.787402 0.003937,
        0.049213 -0.787402 0.003937,
        -0.442913 -0.787402 0.003937,
        -0.344488 -0.787402 0.003937,
        -0.541339 -0.787402 0.003937,
        -0.787402 -0.787402 0.003937,
        0.787402 0.787402 0.358268,
        0.787402 -0.787402 0.358268,
        -0.787402 0.787402 0.358268,
        -0.787402 -0.787402 0.358268,
        0.541339 -0.787402 0.059055,
        0.344488 -0.787402 0.059055,
        0.208854 -0.787402 0.358268,
        0.152439 -0.787402 0.358268,
        0.442913 -0.787402 0.059055,
        -0.442913 -0.787402 0.059055,
        -0.344488 -0.787402 0.059055,
        0.573147 -0.787402 0.358268,
        0.282672 -0.787402 0.358268,
        -0.246063 -0.787402 0.059055,
        -0.027607 -0.787402 0.358268,
        -0.541339 -0.787402 0.059055,
        -0.460558 -0.787402 0.358268,
        -0.268269 -0.787402 0.358268,
        -0.092424 -0.787402 0.358268,
        -0.205252 -0.787402 0.358268,
        -0.049213 -0.787402 0.059055,
        0.049213 -0.787402 0.059055,
        0.147638 -0.787402 0.059055,
        -0.147638 -0.787402 0.059055,
        0.246063 -0.787402 0.059055,
        0.787402 -0.723425 0.358268,
        0.263448 0.019367 0.358268,
        0.263906 0.023580 0.358268,
        0.208854 0.023580 0.358268,
        -0.268269 -0.030434 0.358268,
        -0.261667 -0.030434 0.358268,
        -0.261667 0.023580 0.358268,
        -0.111354 -0.024163 0.358268,
        -0.115675 -0.030434 0.358268,
        -0.092424 -0.030434 0.358268,
        -0.189313 -0.031533 0.358268,
        -0.189965 -0.030434 0.358268,
        -0.205252 -0.030434 0.358268,
        0.358892 -0.024432 0.358268,
        0.344488 -0.024432 0.358268,
        0.344488 -0.030434 0.358268,
        0.332485 -0.024432 0.358268,
        0.286873 -0.024432 0.358268,
        0.282672 -0.030434 0.358268,
        0.286873 -0.014192 0.358268,
        0.282672 0.023580 0.358268,
        0.313830 0.021152 0.358268,
        0.315271 0.023580 0.358268,
        0.282672 0.787402 0.358268,
        0.331660 0.051187 0.358268,
        0.573147 0.787402 0.358268,
        0.344488 0.051187 0.358268,
        0.573147 0.023580 0.358268,
        0.344488 0.023580 0.358268,
        0.344488 -0.013630 0.358268,
        0.358892 -0.013630 0.358268,
        0.573147 -0.030434 0.358268,
        0.573147 -0.310733 0.358268,
        0.344488 -0.047238 0.358268,
        0.282672 -0.310733 0.358268,
        0.332485 -0.047238 0.358268,
        0.332485 -0.030434 0.358268,
        0.061216 -0.030434 0.358268,
        0.061216 0.023580 0.358268,
        0.042262 0.013436 0.358268,
        0.039931 0.007103 0.358268,
        0.035920 0.001224 0.358268,
        0.030051 -0.003992 0.358268,
        0.043151 0.023580 0.358268,
        0.043169 0.023456 0.358268,
        0.043211 0.021723 0.358268,
        0.022814 -0.007775 0.358268,
        0.014987 -0.009698 0.358268,
        -0.004801 -0.030434 0.358268,
        0.007765 -0.010029 0.358268,
        -0.004801 -0.010029 0.358268,
        -0.027607 0.787402 0.358268,
        0.061216 0.051187 0.358268,
        0.078020 0.051187 0.358268,
        0.009828 0.051187 0.358268,
        0.019419 0.050381 0.358268,
        0.042016 0.031305 0.358268,
        0.039844 0.036828 0.358268,
        0.026918 0.048187 0.358268,
        0.032706 0.044938 0.358268,
        0.036304 0.041758 0.358268,
        -0.018005 0.051187 0.358268,
        -0.027607 0.023580 0.358268,
        -0.018005 0.023580 0.358268,
        -0.027607 -0.030434 0.358268,
        -0.018005 -0.030434 0.358268,
        0.152439 -0.310733 0.358268,
        0.141636 -0.047238 0.358268,
        0.125976 -0.047238 0.358268,
        0.074419 -0.047238 0.358268,
        0.061216 -0.047238 0.358268,
        -0.027607 -0.310733 0.358268,
        -0.018005 -0.047238 0.358268,
        -0.004801 -0.047238 0.358268,
        -0.121628 -0.037587 0.358268,
        -0.125057 -0.040318 0.358268,
        -0.097225 -0.060442 0.358268,
        -0.118249 -0.060442 0.358268,
        -0.205252 -0.310733 0.358268,
        -0.092424 -0.310733 0.358268,
        -0.118493 -0.034522 0.358268,
        -0.152889 -0.048439 0.358268,
        -0.164942 -0.047162 0.358268,
        -0.174191 -0.043981 0.358268,
        -0.182243 -0.038853 0.358268,
        -0.137022 -0.046226 0.358268,
        -0.144874 -0.047911 0.358268,
        -0.109014 0.023580 0.358268,
        -0.106323 0.012996 0.358268,
        -0.092424 0.023580 0.358268,
        -0.105627 0.003137 0.358268,
        -0.107488 -0.013542 0.358268,
        -0.139410 0.051085 0.358268,
        -0.130105 0.047774 0.358268,
        -0.092424 0.787402 0.358268,
        -0.197905 0.015034 0.358268,
        -0.195178 0.023580 0.358268,
        -0.205252 0.023580 0.358268,
        -0.194272 0.026419 0.358268,
        -0.205252 0.787402 0.358268,
        -0.188675 0.035640 0.358268,
        -0.181033 0.043237 0.358268,
        -0.121547 0.042019 0.358268,
        -0.114244 0.033798 0.358268,
        -0.109113 0.023970 0.358268,
        -0.171942 0.048554 0.358268,
        -0.161976 0.051467 0.358268,
        -0.151295 0.052387 0.358268,
        -0.194765 -0.022345 0.358268,
        -0.198093 -0.011709 0.358268,
        -0.199251 0.000811 0.358268,
        -0.274870 0.051187 0.358268,
        -0.268269 0.787402 0.358268,
        -0.288074 0.051187 0.358268,
        -0.460558 0.787402 0.358268,
        -0.315860 -0.030434 0.358268,
        -0.315692 -0.029519 0.358268,
        -0.317577 -0.029591 0.358268,
        -0.318813 -0.025257 0.358268,
        -0.314349 -0.025126 0.358268,
        -0.335983 0.023580 0.358268,
        -0.297579 0.023580 0.358268,
        -0.345689 0.051187 0.358268,
        -0.317434 -0.030434 0.358268,
        -0.316825 -0.034035 0.358268,
        -0.316525 -0.034035 0.358268,
        -0.360092 0.051187 0.358268,
        -0.460558 0.023580 0.358268,
        -0.349992 0.023580 0.358268,
        -0.460558 -0.030434 0.358268,
        -0.330231 -0.030434 0.358268,
        -0.268269 0.023580 0.358268,
        -0.284634 0.023580 0.358268,
        -0.303736 -0.030434 0.358268,
        -0.248464 0.040384 0.358268,
        -0.248464 0.023580 0.358268,
        -0.211254 0.040384 0.358268,
        -0.211254 0.051187 0.358268,
        -0.261667 0.051187 0.358268,
        -0.324083 -0.047238 0.358268,
        -0.460558 -0.310733 0.358268,
        -0.309679 -0.047238 0.358268,
        -0.268269 -0.310733 0.358268,
        -0.248464 -0.030434 0.358268,
        -0.248464 -0.047238 0.358268,
        -0.261667 -0.047238 0.358268,
        -0.248464 0.006776 0.358268,
        -0.213655 0.006776 0.358268,
        -0.213655 -0.004027 0.358268,
        -0.248464 -0.004027 0.358268,
        -0.074419 0.040384 0.358268,
        -0.074419 0.023580 0.358268,
        -0.037209 0.040384 0.358268,
        -0.037209 0.051187 0.358268,
        -0.087622 0.051187 0.358268,
        -0.087622 0.023580 0.358268,
        -0.087622 -0.030434 0.358268,
        -0.074419 -0.030434 0.358268,
        -0.074419 -0.047238 0.358268,
        -0.087622 -0.047238 0.358268,
        -0.074419 -0.004027 0.358268,
        -0.039610 -0.004027 0.358268,
        -0.039610 0.006776 0.358268,
        -0.074419 0.006776 0.358268,
        0.128808 -0.030434 0.358268,
        0.129070 -0.030434 0.358268,
        0.126913 -0.027001 0.358268,
        0.128542 -0.023300 0.358268,
        0.124851 -0.023663 0.358268,
        0.095293 0.023580 0.358268,
        0.152439 0.787402 0.358268,
        0.128433 0.051187 0.358268,
        0.128433 0.023580 0.358268,
        0.128433 -0.016143 0.358268,
        0.074419 -0.030434 0.358268,
        0.115359 -0.030434 0.358268,
        0.074419 0.021817 0.358268,
        0.081232 0.023580 0.358268,
        0.074404 0.023580 0.358268,
        0.074419 0.035583 0.358268,
        0.074025 0.035583 0.358268,
        0.075911 0.032300 0.358268,
        0.074362 0.028705 0.358268,
        0.077701 0.029169 0.358268,
        0.141636 0.051187 0.358268,
        0.141636 0.023580 0.358268,
        0.152439 0.023580 0.358268,
        0.141636 -0.030434 0.358268,
        0.152439 -0.030434 0.358268,
        0.224531 -0.019598 0.358268,
        0.220542 -0.025811 0.358268,
        0.208854 -0.030434 0.358268,
        0.218989 -0.030434 0.358268,
        0.232593 -0.011569 0.358268,
        0.242912 -0.003766 0.358268,
        0.243981 -0.003014 0.358268,
        0.257773 0.008584 0.358268,
        0.261515 0.013991 0.358268,
        0.208854 -0.310733 0.358268,
        0.278471 -0.047238 0.358268,
        0.278471 -0.036435 0.358268,
        0.230607 -0.031802 0.358268,
        0.230159 -0.036435 0.358268,
        0.217256 -0.047238 0.358268,
        0.217256 -0.042362 0.358268,
        0.218102 -0.033078 0.358268,
        0.268392 0.003513 0.358268,
        0.258999 -0.005403 0.358268,
        0.254071 -0.009016 0.358268,
        0.238709 -0.020261 0.358268,
        0.233966 -0.024945 0.358268,
        0.231796 -0.028285 0.358268,
        0.231070 -0.030434 0.358268,
        0.231003 0.037618 0.358268,
        0.224193 0.032821 0.358268,
        0.220857 0.029619 0.358268,
        0.254685 0.051600 0.358268,
        0.261313 0.049485 0.358268,
        0.267275 0.045786 0.358268,
        0.208854 0.787402 0.358268,
        0.220857 0.041659 0.358268,
        0.227576 0.047296 0.358268,
        0.276070 0.026018 0.358268,
        0.275810 0.023580 0.358268,
        0.275102 0.016972 0.358268,
        0.272348 0.009450 0.358268,
        0.264068 0.025061 0.358268,
        0.263626 0.029327 0.358268,
        0.262502 0.032592 0.358268,
        0.255439 0.039496 0.358268,
        0.250810 0.041045 0.358268,
        0.245125 0.041585 0.358268,
        0.237743 0.040494 0.358268,
        0.234236 0.050550 0.358268,
        0.242004 0.052191 0.358268,
        0.246326 0.052387 0.358268,
        0.271251 0.041696 0.358268,
        0.273926 0.037130 0.358268,
        0.275543 0.031888 0.358268,
        0.260761 0.035347 0.358268,
        0.258481 0.037577 0.358268,
        0.573147 -0.723425 0.358268,
        0.282672 -0.723425 0.358268,
        0.208854 -0.723425 0.358268,
        0.152439 -0.723425 0.358268,
        -0.027607 -0.723425 0.358268,
        -0.092424 -0.723425 0.358268,
        -0.205252 -0.723425 0.358268,
        -0.268269 -0.723425 0.358268,
        -0.460558 -0.723425 0.358268,
        -0.787402 -0.723425 0.358268,
        -0.562700 -0.597499 0.358268,
        -0.561024 -0.610236 0.358268,
        -0.562700 -0.622973 0.358268,
        -0.645035 -0.645035 0.358268,
        -0.652856 -0.634843 0.358268,
        -0.567617 -0.634843 0.358268,
        -0.575438 -0.645035 0.358268,
        -0.585630 -0.652856 0.358268,
        -0.634843 -0.652856 0.358268,
        -0.597499 -0.657772 0.358268,
        -0.610236 -0.659449 0.358268,
        -0.622973 -0.657772 0.358268,
        -0.657772 -0.622973 0.358268,
        -0.659449 -0.610236 0.358268,
        -0.787402 -0.310733 0.358268,
        -0.657772 -0.597499 0.358268,
        -0.652856 -0.585630 0.358268,
        -0.645035 -0.575438 0.358268,
        -0.634843 -0.567617 0.358268,
        -0.622973 -0.562700 0.358268,
        -0.585630 -0.567617 0.358268,
        -0.575438 -0.575438 0.358268,
        -0.567617 -0.585630 0.358268,
        -0.610236 -0.561024 0.358268,
        -0.597499 -0.562700 0.358268,
        0.163242 -0.004027 0.358268,
        0.163242 -0.013630 0.358268,
        0.200451 -0.013630 0.358268,
        0.200451 -0.004027 0.358268,
        -0.787402 -0.030434 0.358268,
        -0.787402 0.023580 0.358268,
        0.787402 -0.310733 0.358268,
        0.787402 -0.030434 0.358268,
        0.787402 0.023580 0.358268,
      ]
    }
    coordIndex [
      18, 1, 0, -1,
      19, 4, 5, -1,
      20, 21, 22, -1,
      10, 11, 23, -1,
      23, 11, 24, -1,
      0, 15, 18, -1,
      18, 15, 25, -1,
      18, 25, 22, -1,
      22, 25, 26, -1,
      22, 26, 20, -1,
      27, 21, 28, -1,
      13, 12, 17, -1,
      17, 12, 29, -1,
      17, 29, 30, -1,
      30, 29, 23, -1,
      30, 23, 31, -1,
      27, 28, 24, -1,
      24, 28, 32, -1,
      24, 32, 23, -1,
      23, 32, 33, -1,
      23, 33, 31, -1,
      34, 8, 9, -1,
      35, 36, 21, -1,
      9, 35, 34, -1,
      34, 35, 21, -1,
      34, 21, 37, -1,
      37, 21, 27, -1,
      37, 27, 6, -1,
      6, 27, 7, -1,
      3, 2, 36, -1,
      36, 2, 38, -1,
      36, 38, 21, -1,
      21, 38, 19, -1,
      21, 19, 22, -1,
      22, 19, 5, -1,
      25, 15, 39, -1,
      40, 41, 42, -1,
      43, 44, 45, -1,
      46, 47, 48, -1,
      49, 50, 51, -1,
      52, 53, 54, -1,
      55, 56, 57, -1,
      57, 56, 58, -1,
      57, 58, 59, -1,
      58, 60, 59, -1,
      59, 60, 61, -1,
      59, 61, 62, -1,
      62, 61, 63, -1,
      62, 63, 64, -1,
      64, 63, 65, -1,
      64, 65, 66, -1,
      67, 68, 69, -1,
      65, 67, 66, -1,
      66, 67, 69, -1,
      66, 69, 70, -1,
      69, 52, 70, -1,
      70, 52, 54, -1,
      70, 54, 71, -1,
      71, 54, 72, -1,
      71, 72, 73, -1,
      73, 72, 74, -1,
      73, 74, 57, -1,
      57, 74, 75, -1,
      57, 75, 55, -1,
      76, 77, 78, -1,
      78, 79, 76, -1,
      76, 79, 80, -1,
      76, 80, 81, -1,
      82, 83, 77, -1,
      77, 83, 84, -1,
      77, 84, 78, -1,
      85, 86, 87, -1,
      87, 86, 88, -1,
      87, 88, 89, -1,
      90, 91, 92, -1,
      93, 94, 90, -1,
      82, 77, 95, -1,
      95, 77, 91, -1,
      95, 91, 96, -1,
      94, 97, 90, -1,
      90, 97, 98, -1,
      90, 98, 91, -1,
      91, 98, 99, -1,
      91, 99, 96, -1,
      93, 90, 100, -1,
      100, 90, 101, -1,
      100, 101, 102, -1,
      102, 101, 103, -1,
      102, 103, 104, -1,
      105, 106, 107, -1,
      108, 109, 110, -1,
      111, 110, 112, -1,
      112, 110, 109, -1,
      112, 109, 87, -1,
      87, 109, 76, -1,
      87, 76, 85, -1,
      85, 76, 81, -1,
      113, 114, 115, -1,
      116, 117, 115, -1,
      115, 117, 118, -1,
      115, 118, 48, -1,
      48, 47, 115, -1,
      115, 47, 119, -1,
      115, 119, 113, -1,
      120, 121, 117, -1,
      117, 121, 122, -1,
      117, 122, 123, -1,
      116, 124, 117, -1,
      117, 124, 125, -1,
      117, 125, 120, -1,
      126, 127, 128, -1,
      128, 127, 129, -1,
      128, 129, 48, -1,
      48, 129, 130, -1,
      48, 130, 46, -1,
      131, 132, 133, -1,
      134, 135, 136, -1,
      136, 135, 137, -1,
      136, 137, 138, -1,
      138, 137, 139, -1,
      138, 139, 140, -1,
      132, 141, 133, -1,
      133, 141, 142, -1,
      133, 142, 128, -1,
      128, 142, 143, -1,
      128, 143, 126, -1,
      140, 144, 138, -1,
      138, 144, 145, -1,
      138, 145, 133, -1,
      133, 145, 146, -1,
      133, 146, 131, -1,
      50, 147, 51, -1,
      51, 147, 148, -1,
      51, 148, 149, -1,
      150, 151, 152, -1,
      152, 151, 153, -1,
      154, 155, 156, -1,
      156, 155, 157, -1,
      157, 155, 158, -1,
      157, 158, 159, -1,
      159, 158, 160, -1,
      159, 160, 161, -1,
      156, 162, 154, -1,
      154, 162, 163, -1,
      154, 163, 164, -1,
      160, 152, 161, -1,
      161, 152, 153, -1,
      161, 153, 165, -1,
      165, 153, 166, -1,
      165, 166, 167, -1,
      167, 166, 168, -1,
      167, 168, 169, -1,
      170, 171, 172, -1,
      173, 174, 175, -1,
      175, 174, 136, -1,
      175, 136, 176, -1,
      176, 136, 138, -1,
      176, 138, 177, -1,
      177, 138, 151, -1,
      177, 151, 170, -1,
      170, 151, 150, -1,
      170, 150, 171, -1,
      169, 168, 178, -1,
      178, 168, 179, -1,
      178, 179, 180, -1,
      180, 179, 181, -1,
      180, 181, 172, -1,
      172, 181, 43, -1,
      172, 43, 170, -1,
      170, 43, 45, -1,
      170, 45, 177, -1,
      51, 182, 183, -1,
      44, 43, 184, -1,
      184, 43, 181, -1,
      184, 181, 183, -1,
      183, 181, 117, -1,
      183, 117, 51, -1,
      51, 117, 123, -1,
      51, 123, 49, -1,
      174, 185, 136, -1,
      136, 185, 186, -1,
      136, 186, 187, -1,
      188, 182, 187, -1,
      187, 182, 51, -1,
      187, 51, 136, -1,
      136, 51, 149, -1,
      136, 149, 134, -1,
      189, 190, 191, -1,
      191, 190, 101, -1,
      191, 101, 192, -1,
      192, 101, 90, -1,
      192, 90, 193, -1,
      90, 133, 193, -1,
      193, 133, 128, -1,
      193, 128, 194, -1,
      194, 128, 48, -1,
      194, 48, 195, -1,
      103, 196, 197, -1,
      195, 48, 198, -1,
      198, 48, 118, -1,
      198, 118, 197, -1,
      197, 118, 110, -1,
      197, 110, 103, -1,
      103, 110, 111, -1,
      103, 111, 104, -1,
      199, 196, 200, -1,
      200, 196, 103, -1,
      200, 103, 201, -1,
      201, 103, 101, -1,
      201, 101, 202, -1,
      202, 101, 190, -1,
      203, 204, 205, -1,
      205, 204, 206, -1,
      205, 206, 207, -1,
      207, 206, 208, -1,
      209, 90, 210, -1,
      210, 90, 92, -1,
      210, 92, 211, -1,
      211, 92, 208, -1,
      211, 208, 212, -1,
      212, 208, 206, -1,
      110, 105, 108, -1,
      108, 105, 107, -1,
      108, 107, 213, -1,
      213, 107, 214, -1,
      213, 214, 215, -1,
      215, 214, 216, -1,
      215, 216, 217, -1,
      218, 219, 220, -1,
      220, 219, 221, -1,
      217, 216, 221, -1,
      221, 216, 222, -1,
      221, 222, 220, -1,
      223, 224, 225, -1,
      225, 224, 226, -1,
      225, 226, 227, -1,
      228, 42, 229, -1,
      229, 42, 230, -1,
      229, 230, 231, -1,
      228, 232, 42, -1,
      42, 232, 233, -1,
      42, 233, 234, -1,
      234, 235, 42, -1,
      42, 235, 236, -1,
      42, 236, 40, -1,
      237, 73, 238, -1,
      238, 73, 57, -1,
      238, 57, 239, -1,
      239, 57, 240, -1,
      239, 240, 241, -1,
      242, 243, 230, -1,
      230, 243, 244, -1,
      230, 244, 231, -1,
      57, 245, 246, -1,
      246, 247, 57, -1,
      57, 247, 248, -1,
      57, 248, 249, -1,
      249, 250, 57, -1,
      57, 250, 251, -1,
      57, 251, 240, -1,
      252, 253, 41, -1,
      41, 253, 254, -1,
      41, 254, 42, -1,
      255, 256, 62, -1,
      62, 256, 257, -1,
      258, 259, 260, -1,
      261, 262, 59, -1,
      59, 262, 263, -1,
      59, 263, 57, -1,
      57, 263, 264, -1,
      57, 264, 245, -1,
      41, 265, 252, -1,
      252, 265, 266, -1,
      252, 266, 267, -1,
      268, 269, 252, -1,
      252, 269, 270, -1,
      252, 270, 271, -1,
      260, 272, 258, -1,
      258, 272, 273, -1,
      258, 273, 62, -1,
      62, 273, 274, -1,
      62, 274, 255, -1,
      257, 275, 62, -1,
      62, 275, 276, -1,
      62, 276, 59, -1,
      59, 276, 277, -1,
      59, 277, 261, -1,
      267, 278, 252, -1,
      252, 278, 279, -1,
      252, 279, 268, -1,
      25, 280, 26, -1,
      26, 280, 281, -1,
      26, 281, 20, -1,
      20, 281, 282, -1,
      20, 282, 21, -1,
      21, 282, 283, -1,
      21, 283, 28, -1,
      28, 283, 284, -1,
      28, 284, 32, -1,
      32, 284, 285, -1,
      32, 285, 33, -1,
      33, 285, 286, -1,
      33, 286, 31, -1,
      31, 286, 287, -1,
      31, 287, 30, -1,
      30, 287, 288, -1,
      30, 288, 17, -1,
      17, 288, 289, -1,
      290, 291, 288, -1,
      288, 291, 292, -1,
      293, 294, 289, -1,
      292, 295, 288, -1,
      288, 295, 296, -1,
      288, 296, 297, -1,
      293, 289, 298, -1,
      297, 299, 288, -1,
      288, 299, 300, -1,
      288, 300, 289, -1,
      289, 300, 301, -1,
      289, 301, 298, -1,
      294, 302, 289, -1,
      289, 302, 303, -1,
      289, 303, 304, -1,
      304, 303, 305, -1,
      304, 305, 306, -1,
      306, 307, 304, -1,
      304, 307, 308, -1,
      304, 308, 309, -1,
      310, 311, 179, -1,
      179, 311, 312, -1,
      309, 313, 179, -1,
      179, 313, 314, -1,
      179, 314, 310, -1,
      280, 71, 281, -1,
      281, 71, 73, -1,
      281, 73, 282, -1,
      282, 73, 237, -1,
      282, 237, 283, -1,
      283, 237, 105, -1,
      283, 105, 284, -1,
      284, 105, 110, -1,
      284, 110, 285, -1,
      285, 110, 118, -1,
      285, 118, 286, -1,
      286, 118, 117, -1,
      286, 117, 287, -1,
      287, 117, 181, -1,
      287, 181, 288, -1,
      288, 181, 179, -1,
      288, 179, 290, -1,
      290, 179, 312, -1,
      238, 242, 237, -1,
      237, 242, 230, -1,
      237, 230, 105, -1,
      105, 230, 227, -1,
      105, 227, 106, -1,
      106, 227, 226, -1,
      315, 225, 316, -1,
      316, 225, 227, -1,
      316, 227, 317, -1,
      317, 227, 230, -1,
      317, 230, 318, -1,
      318, 230, 42, -1,
      318, 42, 315, -1,
      315, 42, 225, -1,
      309, 179, 304, -1,
      304, 179, 168, -1,
      304, 168, 319, -1,
      319, 168, 166, -1,
      319, 166, 320, -1,
      320, 166, 153, -1,
      320, 153, 16, -1,
      254, 259, 42, -1,
      42, 259, 258, -1,
      42, 258, 225, -1,
      225, 258, 209, -1,
      225, 209, 223, -1,
      223, 209, 210, -1,
      25, 39, 280, -1,
      280, 39, 321, -1,
      280, 321, 71, -1,
      71, 321, 322, -1,
      71, 322, 70, -1,
      70, 322, 323, -1,
      70, 323, 66, -1,
      66, 323, 14, -1,
      66, 14, 64, -1,
    ]
  }
}

Shape {
  appearance Appearance {
    material Material {
      diffuseColor 0.6471 0.6471 0.6471
      specularColor 0.3216 0.3216 0.3216
      ambientIntensity 0.2
      transparency 0.0000
      shininess 0.5
    }
  }
  geometry IndexedFaceSet {
    ccw TRUE
    solid FALSE
    coord DEF co Coordinate {
      point [
        0.263448 0.019367 0.358268,
        0.263906 0.023580 0.358268,
        -0.261667 -0.030434 0.358268,
        -0.261667 0.023580 0.358268,
        -0.111354 -0.024163 0.358268,
        -0.115675 -0.030434 0.358268,
        -0.189313 -0.031533 0.358268,
        -0.189965 -0.030434 0.358268,
        0.358892 -0.024432 0.358268,
        0.344488 -0.024432 0.358268,
        0.344488 -0.030434 0.358268,
        0.332485 -0.024432 0.358268,
        0.286873 -0.024432 0.358268,
        0.286873 -0.014192 0.358268,
        0.313830 0.021152 0.358268,
        0.315271 0.023580 0.358268,
        0.331660 0.051187 0.358268,
        0.344488 0.051187 0.358268,
        0.344488 0.023580 0.358268,
        0.344488 -0.013630 0.358268,
        0.358892 -0.013630 0.358268,
        0.344488 -0.047238 0.358268,
        0.332485 -0.047238 0.358268,
        0.332485 -0.030434 0.358268,
        0.061216 -0.030434 0.358268,
        0.061216 0.023580 0.358268,
        0.042262 0.013436 0.358268,
        0.039931 0.007103 0.358268,
        0.035920 0.001224 0.358268,
        0.030051 -0.003992 0.358268,
        0.043151 0.023580 0.358268,
        0.043169 0.023456 0.358268,
        0.043211 0.021723 0.358268,
        0.022814 -0.007775 0.358268,
        0.014987 -0.009698 0.358268,
        -0.004801 -0.030434 0.358268,
        0.007765 -0.010029 0.358268,
        -0.004801 -0.010029 0.358268,
        0.061216 0.051187 0.358268,
        0.078020 0.051187 0.358268,
        0.009828 0.051187 0.358268,
        0.019419 0.050381 0.358268,
        0.042016 0.031305 0.358268,
        0.039844 0.036828 0.358268,
        0.026918 0.048187 0.358268,
        0.032706 0.044938 0.358268,
        0.036304 0.041758 0.358268,
        -0.018005 0.051187 0.358268,
        -0.018005 0.023580 0.358268,
        -0.018005 -0.030434 0.358268,
        0.141636 -0.047238 0.358268,
        0.125976 -0.047238 0.358268,
        0.074419 -0.047238 0.358268,
        0.061216 -0.047238 0.358268,
        -0.018005 -0.047238 0.358268,
        -0.004801 -0.047238 0.358268,
        -0.121628 -0.037587 0.358268,
        -0.125057 -0.040318 0.358268,
        -0.097225 -0.060442 0.358268,
        -0.118249 -0.060442 0.358268,
        -0.118493 -0.034522 0.358268,
        -0.152889 -0.048439 0.358268,
        -0.164942 -0.047162 0.358268,
        -0.174191 -0.043981 0.358268,
        -0.182243 -0.038853 0.358268,
        -0.137022 -0.046226 0.358268,
        -0.144874 -0.047911 0.358268,
        -0.109014 0.023580 0.358268,
        -0.106323 0.012996 0.358268,
        -0.105627 0.003137 0.358268,
        -0.107488 -0.013542 0.358268,
        -0.139410 0.051085 0.358268,
        -0.130105 0.047774 0.358268,
        -0.197905 0.015034 0.358268,
        -0.195178 0.023580 0.358268,
        -0.194272 0.026419 0.358268,
        -0.188675 0.035640 0.358268,
        -0.181033 0.043237 0.358268,
        -0.121547 0.042019 0.358268,
        -0.114244 0.033798 0.358268,
        -0.109113 0.023970 0.358268,
        -0.171942 0.048554 0.358268,
        -0.161976 0.051467 0.358268,
        -0.151295 0.052387 0.358268,
        -0.194765 -0.022345 0.358268,
        -0.198093 -0.011709 0.358268,
        -0.199251 0.000811 0.358268,
        -0.274870 0.051187 0.358268,
        -0.288074 0.051187 0.358268,
        -0.315860 -0.030434 0.358268,
        -0.315692 -0.029519 0.358268,
        -0.317577 -0.029591 0.358268,
        -0.318813 -0.025257 0.358268,
        -0.314349 -0.025126 0.358268,
        -0.335983 0.023580 0.358268,
        -0.297579 0.023580 0.358268,
        -0.345689 0.051187 0.358268,
        -0.317434 -0.030434 0.358268,
        -0.316825 -0.034035 0.358268,
        -0.316525 -0.034035 0.358268,
        -0.360092 0.051187 0.358268,
        -0.349992 0.023580 0.358268,
        -0.330231 -0.030434 0.358268,
        -0.284634 0.023580 0.358268,
        -0.303736 -0.030434 0.358268,
        -0.248464 0.040384 0.358268,
        -0.248464 0.023580 0.358268,
        -0.211254 0.040384 0.358268,
        -0.211254 0.051187 0.358268,
        -0.261667 0.051187 0.358268,
        -0.324083 -0.047238 0.358268,
        -0.309679 -0.047238 0.358268,
        -0.248464 -0.030434 0.358268,
        -0.248464 -0.047238 0.358268,
        -0.261667 -0.047238 0.358268,
        -0.248464 0.006776 0.358268,
        -0.213655 0.006776 0.358268,
        -0.213655 -0.004027 0.358268,
        -0.248464 -0.004027 0.358268,
        -0.074419 0.040384 0.358268,
        -0.074419 0.023580 0.358268,
        -0.037209 0.040384 0.358268,
        -0.037209 0.051187 0.358268,
        -0.087622 0.051187 0.358268,
        -0.087622 0.023580 0.358268,
        -0.087622 -0.030434 0.358268,
        -0.074419 -0.030434 0.358268,
        -0.074419 -0.047238 0.358268,
        -0.087622 -0.047238 0.358268,
        -0.074419 -0.004027 0.358268,
        -0.039610 -0.004027 0.358268,
        -0.039610 0.006776 0.358268,
        -0.074419 0.006776 0.358268,
        0.128808 -0.030434 0.358268,
        0.129070 -0.030434 0.358268,
        0.126913 -0.027001 0.358268,
        0.128542 -0.023300 0.358268,
        0.124851 -0.023663 0.358268,
        0.095293 0.023580 0.358268,
        0.128433 0.051187 0.358268,
        0.128433 0.023580 0.358268,
        0.128433 -0.016143 0.358268,
        0.074419 -0.030434 0.358268,
        0.115359 -0.030434 0.358268,
        0.074419 0.021817 0.358268,
        0.081232 0.023580 0.358268,
        0.074404 0.023580 0.358268,
        0.074419 0.035583 0.358268,
        0.074025 0.035583 0.358268,
        0.075911 0.032300 0.358268,
        0.074362 0.028705 0.358268,
        0.077701 0.029169 0.358268,
        0.141636 0.051187 0.358268,
        0.141636 0.023580 0.358268,
        0.141636 -0.030434 0.358268,
        0.224531 -0.019598 0.358268,
        0.220542 -0.025811 0.358268,
        0.218989 -0.030434 0.358268,
        0.232593 -0.011569 0.358268,
        0.242912 -0.003766 0.358268,
        0.243981 -0.003014 0.358268,
        0.257773 0.008584 0.358268,
        0.261515 0.013991 0.358268,
        0.278471 -0.047238 0.358268,
        0.278471 -0.036435 0.358268,
        0.230607 -0.031802 0.358268,
        0.230159 -0.036435 0.358268,
        0.217256 -0.047238 0.358268,
        0.217256 -0.042362 0.358268,
        0.218102 -0.033078 0.358268,
        0.268392 0.003513 0.358268,
        0.258999 -0.005403 0.358268,
        0.254071 -0.009016 0.358268,
        0.238709 -0.020261 0.358268,
        0.233966 -0.024945 0.358268,
        0.231796 -0.028285 0.358268,
        0.231070 -0.030434 0.358268,
        0.231003 0.037618 0.358268,
        0.224193 0.032821 0.358268,
        0.220857 0.029619 0.358268,
        0.254685 0.051600 0.358268,
        0.261313 0.049485 0.358268,
        0.267275 0.045786 0.358268,
        0.220857 0.041659 0.358268,
        0.227576 0.047296 0.358268,
        0.276070 0.026018 0.358268,
        0.275810 0.023580 0.358268,
        0.275102 0.016972 0.358268,
        0.272348 0.009450 0.358268,
        0.264068 0.025061 0.358268,
        0.263626 0.029327 0.358268,
        0.262502 0.032592 0.358268,
        0.255439 0.039496 0.358268,
        0.250810 0.041045 0.358268,
        0.245125 0.041585 0.358268,
        0.237743 0.040494 0.358268,
        0.234236 0.050550 0.358268,
        0.242004 0.052191 0.358268,
        0.246326 0.052387 0.358268,
        0.271251 0.041696 0.358268,
        0.273926 0.037130 0.358268,
        0.275543 0.031888 0.358268,
        0.260761 0.035347 0.358268,
        0.258481 0.037577 0.358268,
        -0.562700 -0.597499 0.358268,
        -0.561024 -0.610236 0.358268,
        -0.562700 -0.622973 0.358268,
        -0.645035 -0.645035 0.358268,
        -0.652856 -0.634843 0.358268,
        -0.567617 -0.634843 0.358268,
        -0.575438 -0.645035 0.358268,
        -0.585630 -0.652856 0.358268,
        -0.634843 -0.652856 0.358268,
        -0.597499 -0.657772 0.358268,
        -0.610236 -0.659449 0.358268,
        -0.622973 -0.657772 0.358268,
        -0.657772 -0.622973 0.358268,
        -0.659449 -0.610236 0.358268,
        -0.657772 -0.597499 0.358268,
        -0.652856 -0.585630 0.358268,
        -0.645035 -0.575438 0.358268,
        -0.634843 -0.567617 0.358268,
        -0.622973 -0.562700 0.358268,
        -0.585630 -0.567617 0.358268,
        -0.575438 -0.575438 0.358268,
        -0.567617 -0.585630 0.358268,
        -0.610236 -0.561024 0.358268,
        -0.597499 -0.562700 0.358268,
        0.163242 -0.004027 0.358268,
        0.163242 -0.013630 0.358268,
        0.200451 -0.013630 0.358268,
        0.200451 -0.004027 0.358268,
        -0.288074 0.051187 0.354331,
        -0.274870 0.051187 0.354331,
        -0.309679 -0.047238 0.354331,
        -0.324083 -0.047238 0.354331,
        -0.360092 0.051187 0.354331,
        -0.345689 0.051187 0.354331,
        -0.318813 -0.025257 0.354331,
        -0.317577 -0.029591 0.354331,
        -0.316825 -0.034035 0.354331,
        -0.316525 -0.034035 0.354331,
        -0.315692 -0.029519 0.354331,
        -0.314349 -0.025126 0.354331,
        -0.211254 0.051187 0.354331,
        -0.211254 0.040384 0.354331,
        -0.248464 0.040384 0.354331,
        -0.248464 0.006776 0.354331,
        -0.213655 0.006776 0.354331,
        -0.213655 -0.004027 0.354331,
        -0.248464 -0.004027 0.354331,
        -0.248464 -0.047238 0.354331,
        -0.261667 -0.047238 0.354331,
        -0.261667 0.051187 0.354331,
        -0.199251 0.000811 0.354331,
        -0.198093 -0.011709 0.354331,
        -0.194765 -0.022345 0.354331,
        -0.189313 -0.031533 0.354331,
        -0.182243 -0.038853 0.354331,
        -0.174191 -0.043981 0.354331,
        -0.164942 -0.047162 0.354331,
        -0.152889 -0.048439 0.354331,
        -0.197905 0.015034 0.354331,
        -0.151295 0.052387 0.354331,
        -0.161976 0.051467 0.354331,
        -0.171942 0.048554 0.354331,
        -0.181033 0.043237 0.354331,
        -0.188675 0.035640 0.354331,
        -0.194272 0.026419 0.354331,
        -0.105627 0.003137 0.354331,
        -0.106323 0.012996 0.354331,
        -0.109113 0.023970 0.354331,
        -0.114244 0.033798 0.354331,
        -0.121547 0.042019 0.354331,
        -0.130105 0.047774 0.354331,
        -0.139410 0.051085 0.354331,
        -0.118493 -0.034522 0.354331,
        -0.111354 -0.024163 0.354331,
        -0.107488 -0.013542 0.354331,
        -0.125057 -0.040318 0.354331,
        -0.121628 -0.037587 0.354331,
        -0.097225 -0.060442 0.354331,
        -0.118249 -0.060442 0.354331,
        -0.137022 -0.046226 0.354331,
        -0.144874 -0.047911 0.354331,
        -0.123031 -0.019821 0.354331,
        -0.126904 -0.026070 0.354331,
        -0.119967 -0.010462 0.354331,
        -0.118830 0.001693 0.354331,
        -0.119804 0.013326 0.354331,
        -0.122314 0.022207 0.354331,
        -0.126422 0.029586 0.354331,
        -0.131241 0.034707 0.354331,
        -0.136718 0.038304 0.354331,
        -0.143219 0.040614 0.354331,
        -0.152026 0.041585 0.354331,
        -0.160826 0.040542 0.354331,
        -0.167435 0.038031 0.354331,
        -0.173336 0.033969 0.354331,
        -0.179009 0.027526 0.354331,
        -0.183027 0.019826 0.354331,
        -0.185655 0.008913 0.354331,
        -0.186048 0.001881 0.354331,
        -0.184990 -0.009445 0.354331,
        -0.182167 -0.018414 0.354331,
        -0.177981 -0.025444 0.354331,
        -0.172653 -0.030971 0.354331,
        -0.166862 -0.034648 0.354331,
        -0.160061 -0.036928 0.354331,
        -0.152852 -0.037636 0.354331,
        -0.144009 -0.036711 0.354331,
        -0.137185 -0.034381 0.354331,
        -0.131454 -0.030724 0.354331,
        -0.186048 0.001881 0.358268,
        -0.185655 0.008913 0.358268,
        -0.183027 0.019826 0.358268,
        -0.179009 0.027526 0.358268,
        -0.173336 0.033969 0.358268,
        -0.167435 0.038031 0.358268,
        -0.160826 0.040542 0.358268,
        -0.152026 0.041585 0.358268,
        -0.143219 0.040614 0.358268,
        -0.136718 0.038304 0.358268,
        -0.131241 0.034707 0.358268,
        -0.126422 0.029586 0.358268,
        -0.122314 0.022207 0.358268,
        -0.119804 0.013326 0.358268,
        -0.118830 0.001693 0.358268,
        -0.119967 -0.010462 0.358268,
        -0.123031 -0.019821 0.358268,
        -0.126904 -0.026070 0.358268,
        -0.131454 -0.030724 0.358268,
        -0.137185 -0.034381 0.358268,
        -0.144009 -0.036711 0.358268,
        -0.152852 -0.037636 0.358268,
        -0.160061 -0.036928 0.358268,
        -0.166862 -0.034648 0.358268,
        -0.172653 -0.030971 0.358268,
        -0.177981 -0.025444 0.358268,
        -0.182167 -0.018414 0.358268,
        -0.184990 -0.009445 0.358268,
        -0.037209 0.051187 0.354331,
        -0.037209 0.040384 0.354331,
        -0.074419 0.040384 0.354331,
        -0.074419 0.006776 0.354331,
        -0.039610 0.006776 0.354331,
        -0.039610 -0.004027 0.354331,
        -0.074419 -0.004027 0.354331,
        -0.074419 -0.047238 0.354331,
        -0.087622 -0.047238 0.354331,
        -0.087622 0.051187 0.354331,
        0.007765 -0.010029 0.354331,
        -0.004801 -0.010029 0.354331,
        -0.004801 -0.047238 0.354331,
        -0.018005 -0.047238 0.354331,
        -0.018005 0.051187 0.354331,
        0.009828 0.051187 0.354331,
        0.043211 0.021723 0.354331,
        0.043169 0.023456 0.354331,
        0.042016 0.031305 0.354331,
        0.039844 0.036828 0.354331,
        0.036304 0.041758 0.354331,
        0.032706 0.044938 0.354331,
        0.026918 0.048187 0.354331,
        0.019419 0.050381 0.354331,
        0.014987 -0.009698 0.354331,
        0.022814 -0.007775 0.354331,
        0.030051 -0.003992 0.354331,
        0.035920 0.001224 0.354331,
        0.039931 0.007103 0.354331,
        0.042262 0.013436 0.354331,
        -0.004801 0.040384 0.354331,
        0.007933 0.040384 0.354331,
        0.010306 0.040325 0.354331,
        0.017569 0.039191 0.354331,
        0.022014 0.037337 0.354331,
        0.024402 0.035681 0.354331,
        0.026612 0.033298 0.354331,
        0.028384 0.030187 0.354331,
        0.029586 0.026201 0.354331,
        0.030008 0.021217 0.354331,
        0.029999 0.020798 0.354331,
        0.029283 0.014853 0.354331,
        0.027870 0.011007 0.354331,
        0.025589 0.007588 0.354331,
        0.022424 0.004769 0.354331,
        0.018520 0.002698 0.354331,
        0.013392 0.001307 0.354331,
        0.006733 0.000774 0.354331,
        -0.004801 0.000774 0.354331,
        0.007933 0.040384 0.358268,
        -0.004801 0.040384 0.358268,
        0.010306 0.040325 0.358268,
        0.017569 0.039191 0.358268,
        0.022014 0.037337 0.358268,
        0.024402 0.035681 0.358268,
        0.026612 0.033298 0.358268,
        0.028384 0.030187 0.358268,
        0.029586 0.026201 0.358268,
        0.030008 0.021217 0.358268,
        0.029999 0.020798 0.358268,
        0.029283 0.014853 0.358268,
        0.027870 0.011007 0.358268,
        0.025589 0.007588 0.358268,
        0.022424 0.004769 0.358268,
        0.018520 0.002698 0.358268,
        0.013392 0.001307 0.358268,
        0.006733 0.000774 0.358268,
        -0.004801 0.000774 0.358268,
        0.141636 -0.047238 0.354331,
        0.141636 0.051187 0.354331,
        0.125976 -0.047238 0.354331,
        0.077701 0.029169 0.354331,
        0.074419 0.035583 0.354331,
        0.075911 0.032300 0.354331,
        0.074025 0.035583 0.354331,
        0.074362 0.028705 0.354331,
        0.074419 0.021817 0.354331,
        0.074419 -0.047238 0.354331,
        0.061216 -0.047238 0.354331,
        0.061216 0.051187 0.354331,
        0.078020 0.051187 0.354331,
        0.124851 -0.023663 0.354331,
        0.128808 -0.030434 0.354331,
        0.126913 -0.027001 0.354331,
        0.129070 -0.030434 0.354331,
        0.128433 -0.016143 0.354331,
        0.128542 -0.023300 0.354331,
        0.128433 0.051187 0.354331,
        0.200451 -0.004027 0.354331,
        0.200451 -0.013630 0.354331,
        0.163242 -0.013630 0.354331,
        0.163242 -0.004027 0.354331,
        0.264068 0.025061 0.354331,
        0.263448 0.019367 0.354331,
        0.261515 0.013991 0.354331,
        0.257773 0.008584 0.354331,
        0.243981 -0.003014 0.354331,
        0.245125 0.041585 0.354331,
        0.250810 0.041045 0.354331,
        0.255439 0.039496 0.354331,
        0.258481 0.037577 0.354331,
        0.260761 0.035347 0.354331,
        0.262502 0.032592 0.354331,
        0.263626 0.029327 0.354331,
        0.220857 0.029619 0.354331,
        0.224193 0.032821 0.354331,
        0.231003 0.037618 0.354331,
        0.237743 0.040494 0.354331,
        0.220857 0.041659 0.354331,
        0.246326 0.052387 0.354331,
        0.242004 0.052191 0.354331,
        0.234236 0.050550 0.354331,
        0.227576 0.047296 0.354331,
        0.276070 0.026018 0.354331,
        0.275543 0.031888 0.354331,
        0.273926 0.037130 0.354331,
        0.271251 0.041696 0.354331,
        0.267275 0.045786 0.354331,
        0.261313 0.049485 0.354331,
        0.254685 0.051600 0.354331,
        0.254071 -0.009016 0.354331,
        0.258999 -0.005403 0.354331,
        0.268392 0.003513 0.354331,
        0.272348 0.009450 0.354331,
        0.275102 0.016972 0.354331,
        0.230159 -0.036435 0.354331,
        0.230607 -0.031802 0.354331,
        0.231796 -0.028285 0.354331,
        0.233966 -0.024945 0.354331,
        0.238709 -0.020261 0.354331,
        0.278471 -0.036435 0.354331,
        0.278471 -0.047238 0.354331,
        0.217256 -0.047238 0.354331,
        0.217256 -0.042362 0.354331,
        0.224531 -0.019598 0.354331,
        0.232593 -0.011569 0.354331,
        0.242912 -0.003766 0.354331,
        0.218102 -0.033078 0.354331,
        0.220542 -0.025811 0.354331,
        0.331660 0.051187 0.354331,
        0.344488 0.051187 0.354331,
        0.344488 -0.013630 0.354331,
        0.358892 -0.013630 0.354331,
        0.358892 -0.024432 0.354331,
        0.344488 -0.024432 0.354331,
        0.344488 -0.047238 0.354331,
        0.332485 -0.047238 0.354331,
        0.332485 -0.024432 0.354331,
        0.286873 -0.024432 0.354331,
        0.286873 -0.014192 0.354331,
        0.313830 0.021152 0.354331,
        0.332485 0.033126 0.354331,
        0.332485 -0.013630 0.354331,
        0.317687 0.009045 0.354331,
        0.300808 -0.013630 0.354331,
        0.300808 -0.013630 0.358268,
        0.317687 0.009045 0.358268,
        0.332485 0.033126 0.358268,
        0.332485 -0.013630 0.358268,
        -0.561024 -0.610236 0.354331,
        -0.562700 -0.597499 0.354331,
        -0.567617 -0.585630 0.354331,
        -0.575438 -0.575438 0.354331,
        -0.585630 -0.567617 0.354331,
        -0.597499 -0.562700 0.354331,
        -0.610236 -0.561024 0.354331,
        -0.622973 -0.562700 0.354331,
        -0.634843 -0.567617 0.354331,
        -0.645035 -0.575438 0.354331,
        -0.652856 -0.585630 0.354331,
        -0.657772 -0.597499 0.354331,
        -0.659449 -0.610236 0.354331,
        -0.657772 -0.622973 0.354331,
        -0.652856 -0.634843 0.354331,
        -0.645035 -0.645035 0.354331,
        -0.634843 -0.652856 0.354331,
        -0.622973 -0.657772 0.354331,
        -0.610236 -0.659449 0.354331,
        -0.597499 -0.657772 0.354331,
        -0.585630 -0.652856 0.354331,
        -0.575438 -0.645035 0.354331,
        -0.567617 -0.634843 0.354331,
        -0.562700 -0.622973 0.354331,
        -0.610236 -0.610236 0.354331,
      ]
    }
    coordIndex [
      232, 233, 88, -1,
      88, 233, 87, -1,
      111, 104, 234, -1,
      234, 104, 103, -1,
      234, 103, 233, -1,
      233, 103, 87, -1,
      234, 235, 111, -1,
      111, 235, 110, -1,
      102, 110, 235, -1,
      102, 235, 101, -1,
      101, 235, 236, -1,
      101, 236, 100, -1,
      236, 237, 100, -1,
      100, 237, 96, -1,
      96, 237, 94, -1,
      94, 237, 238, -1,
      94, 238, 92, -1,
      92, 238, 239, -1,
      240, 98, 97, -1,
      240, 97, 239, -1,
      239, 97, 91, -1,
      239, 91, 92, -1,
      240, 241, 98, -1,
      98, 241, 99, -1,
      99, 241, 89, -1,
      89, 241, 242, -1,
      89, 242, 90, -1,
      90, 242, 243, -1,
      90, 243, 93, -1,
      93, 243, 95, -1,
      95, 243, 232, -1,
      95, 232, 88, -1,
      237, 236, 238, -1,
      238, 236, 235, -1,
      238, 235, 239, -1,
      233, 232, 234, -1,
      234, 232, 243, -1,
      243, 242, 234, -1,
      234, 242, 241, -1,
      234, 241, 235, -1,
      235, 241, 240, -1,
      235, 240, 239, -1,
      244, 245, 108, -1,
      108, 245, 107, -1,
      245, 246, 107, -1,
      107, 246, 105, -1,
      105, 246, 106, -1,
      106, 246, 247, -1,
      106, 247, 115, -1,
      247, 248, 115, -1,
      115, 248, 116, -1,
      248, 249, 116, -1,
      116, 249, 117, -1,
      249, 250, 117, -1,
      117, 250, 118, -1,
      118, 250, 112, -1,
      112, 250, 251, -1,
      112, 251, 113, -1,
      251, 252, 113, -1,
      113, 252, 114, -1,
      2, 114, 252, -1,
      2, 252, 3, -1,
      3, 252, 253, -1,
      3, 253, 109, -1,
      253, 244, 109, -1,
      109, 244, 108, -1,
      253, 252, 250, -1,
      250, 252, 251, -1,
      245, 244, 246, -1,
      246, 244, 253, -1,
      246, 253, 247, -1,
      247, 253, 250, -1,
      247, 250, 248, -1,
      248, 250, 249, -1,
      254, 86, 85, -1,
      254, 85, 255, -1,
      255, 85, 84, -1,
      255, 84, 256, -1,
      256, 84, 7, -1,
      256, 7, 257, -1,
      7, 6, 257, -1,
      257, 6, 64, -1,
      257, 64, 258, -1,
      258, 64, 63, -1,
      258, 63, 259, -1,
      259, 63, 62, -1,
      259, 62, 260, -1,
      260, 62, 61, -1,
      260, 61, 261, -1,
      86, 254, 262, -1,
      263, 83, 82, -1,
      263, 82, 264, -1,
      264, 82, 81, -1,
      264, 81, 265, -1,
      265, 81, 77, -1,
      265, 77, 266, -1,
      266, 77, 76, -1,
      266, 76, 267, -1,
      267, 76, 75, -1,
      267, 75, 268, -1,
      268, 75, 74, -1,
      268, 74, 262, -1,
      262, 74, 73, -1,
      262, 73, 86, -1,
      269, 69, 68, -1,
      269, 68, 270, -1,
      270, 68, 67, -1,
      270, 67, 271, -1,
      67, 80, 271, -1,
      271, 80, 79, -1,
      271, 79, 272, -1,
      272, 79, 78, -1,
      272, 78, 273, -1,
      273, 78, 72, -1,
      273, 72, 274, -1,
      274, 72, 71, -1,
      274, 71, 275, -1,
      275, 71, 83, -1,
      275, 83, 263, -1,
      276, 60, 5, -1,
      276, 5, 277, -1,
      5, 4, 277, -1,
      277, 4, 70, -1,
      277, 70, 278, -1,
      278, 70, 69, -1,
      278, 69, 269, -1,
      279, 57, 56, -1,
      279, 56, 280, -1,
      280, 56, 60, -1,
      280, 60, 276, -1,
      279, 281, 57, -1,
      57, 281, 58, -1,
      281, 282, 58, -1,
      58, 282, 59, -1,
      282, 283, 59, -1,
      59, 283, 65, -1,
      261, 61, 66, -1,
      261, 66, 284, -1,
      284, 66, 65, -1,
      284, 65, 283, -1,
      282, 281, 283, -1,
      283, 281, 279, -1,
      283, 279, 284, -1,
      279, 285, 286, -1,
      285, 279, 287, -1,
      287, 279, 280, -1,
      287, 280, 276, -1,
      276, 277, 287, -1,
      287, 277, 278, -1,
      287, 278, 288, -1,
      288, 278, 269, -1,
      288, 269, 289, -1,
      289, 269, 270, -1,
      289, 270, 290, -1,
      290, 270, 271, -1,
      290, 271, 291, -1,
      291, 271, 272, -1,
      291, 272, 292, -1,
      292, 272, 273, -1,
      292, 273, 293, -1,
      293, 273, 274, -1,
      293, 274, 294, -1,
      294, 274, 275, -1,
      294, 275, 295, -1,
      295, 275, 263, -1,
      295, 263, 296, -1,
      296, 263, 264, -1,
      296, 264, 297, -1,
      297, 264, 265, -1,
      297, 265, 298, -1,
      298, 265, 266, -1,
      298, 266, 299, -1,
      299, 266, 267, -1,
      299, 267, 300, -1,
      300, 267, 268, -1,
      300, 268, 301, -1,
      301, 268, 262, -1,
      301, 262, 302, -1,
      302, 262, 254, -1,
      302, 254, 303, -1,
      303, 254, 255, -1,
      303, 255, 304, -1,
      304, 255, 256, -1,
      304, 256, 305, -1,
      305, 256, 257, -1,
      305, 257, 306, -1,
      306, 257, 258, -1,
      306, 258, 307, -1,
      307, 258, 259, -1,
      307, 259, 308, -1,
      308, 259, 260, -1,
      308, 260, 309, -1,
      309, 260, 261, -1,
      309, 261, 310, -1,
      310, 261, 284, -1,
      310, 284, 311, -1,
      311, 284, 279, -1,
      311, 279, 312, -1,
      312, 279, 286, -1,
      302, 313, 314, -1,
      302, 314, 301, -1,
      301, 314, 315, -1,
      301, 315, 300, -1,
      300, 315, 316, -1,
      300, 316, 299, -1,
      299, 316, 317, -1,
      299, 317, 298, -1,
      298, 317, 318, -1,
      298, 318, 297, -1,
      297, 318, 319, -1,
      297, 319, 296, -1,
      296, 319, 320, -1,
      296, 320, 295, -1,
      295, 320, 321, -1,
      295, 321, 294, -1,
      294, 321, 322, -1,
      294, 322, 293, -1,
      293, 322, 323, -1,
      293, 323, 292, -1,
      292, 323, 324, -1,
      292, 324, 291, -1,
      291, 324, 325, -1,
      291, 325, 290, -1,
      290, 325, 326, -1,
      290, 326, 289, -1,
      289, 326, 327, -1,
      289, 327, 288, -1,
      288, 327, 328, -1,
      288, 328, 287, -1,
      287, 328, 329, -1,
      287, 329, 285, -1,
      285, 329, 330, -1,
      285, 330, 286, -1,
      286, 330, 331, -1,
      286, 331, 312, -1,
      312, 331, 332, -1,
      312, 332, 311, -1,
      311, 332, 333, -1,
      311, 333, 310, -1,
      310, 333, 334, -1,
      310, 334, 309, -1,
      309, 334, 335, -1,
      309, 335, 308, -1,
      308, 335, 336, -1,
      308, 336, 307, -1,
      307, 336, 337, -1,
      307, 337, 306, -1,
      306, 337, 338, -1,
      306, 338, 305, -1,
      305, 338, 339, -1,
      305, 339, 304, -1,
      304, 339, 340, -1,
      304, 340, 303, -1,
      303, 340, 313, -1,
      303, 313, 302, -1,
      341, 342, 122, -1,
      122, 342, 121, -1,
      342, 343, 121, -1,
      121, 343, 119, -1,
      119, 343, 120, -1,
      120, 343, 344, -1,
      120, 344, 132, -1,
      344, 345, 132, -1,
      132, 345, 131, -1,
      345, 346, 131, -1,
      131, 346, 130, -1,
      346, 347, 130, -1,
      130, 347, 129, -1,
      129, 347, 126, -1,
      126, 347, 348, -1,
      126, 348, 127, -1,
      348, 349, 127, -1,
      127, 349, 128, -1,
      125, 128, 349, -1,
      125, 349, 124, -1,
      124, 349, 350, -1,
      124, 350, 123, -1,
      350, 341, 123, -1,
      123, 341, 122, -1,
      350, 349, 347, -1,
      347, 349, 348, -1,
      342, 341, 343, -1,
      343, 341, 350, -1,
      343, 350, 344, -1,
      344, 350, 347, -1,
      344, 347, 345, -1,
      345, 347, 346, -1,
      351, 352, 36, -1,
      36, 352, 37, -1,
      37, 352, 35, -1,
      35, 352, 353, -1,
      35, 353, 55, -1,
      353, 354, 55, -1,
      55, 354, 54, -1,
      49, 54, 354, -1,
      49, 354, 48, -1,
      48, 354, 355, -1,
      48, 355, 47, -1,
      355, 356, 47, -1,
      47, 356, 40, -1,
      357, 32, 31, -1,
      357, 31, 358, -1,
      358, 31, 30, -1,
      358, 30, 359, -1,
      30, 42, 359, -1,
      359, 42, 43, -1,
      359, 43, 360, -1,
      360, 43, 46, -1,
      360, 46, 361, -1,
      361, 46, 45, -1,
      361, 45, 362, -1,
      362, 45, 44, -1,
      362, 44, 363, -1,
      363, 44, 41, -1,
      363, 41, 364, -1,
      364, 41, 40, -1,
      364, 40, 356, -1,
      351, 36, 34, -1,
      351, 34, 365, -1,
      365, 34, 33, -1,
      365, 33, 366, -1,
      366, 33, 29, -1,
      366, 29, 367, -1,
      367, 29, 28, -1,
      367, 28, 368, -1,
      368, 28, 27, -1,
      368, 27, 369, -1,
      369, 27, 26, -1,
      369, 26, 370, -1,
      370, 26, 32, -1,
      370, 32, 357, -1,
      355, 354, 352, -1,
      352, 354, 353, -1,
      371, 372, 356, -1,
      356, 372, 373, -1,
      356, 373, 364, -1,
      364, 373, 374, -1,
      364, 374, 363, -1,
      363, 374, 375, -1,
      363, 375, 362, -1,
      362, 375, 376, -1,
      362, 376, 361, -1,
      361, 376, 377, -1,
      361, 377, 360, -1,
      360, 377, 378, -1,
      360, 378, 359, -1,
      359, 378, 379, -1,
      359, 379, 358, -1,
      358, 379, 380, -1,
      358, 380, 357, -1,
      357, 380, 381, -1,
      357, 381, 370, -1,
      370, 381, 382, -1,
      370, 382, 369, -1,
      369, 382, 383, -1,
      369, 383, 368, -1,
      368, 383, 384, -1,
      368, 384, 367, -1,
      367, 384, 385, -1,
      367, 385, 366, -1,
      366, 385, 386, -1,
      366, 386, 365, -1,
      365, 386, 387, -1,
      365, 387, 351, -1,
      351, 387, 388, -1,
      351, 388, 352, -1,
      352, 388, 389, -1,
      352, 389, 355, -1,
      355, 389, 371, -1,
      355, 371, 356, -1,
      372, 371, 390, -1,
      390, 371, 391, -1,
      372, 390, 392, -1,
      372, 392, 373, -1,
      373, 392, 393, -1,
      373, 393, 374, -1,
      374, 393, 394, -1,
      374, 394, 375, -1,
      375, 394, 395, -1,
      375, 395, 376, -1,
      376, 395, 396, -1,
      376, 396, 377, -1,
      377, 396, 397, -1,
      377, 397, 378, -1,
      378, 397, 398, -1,
      378, 398, 379, -1,
      379, 398, 399, -1,
      379, 399, 380, -1,
      380, 399, 400, -1,
      380, 400, 381, -1,
      381, 400, 401, -1,
      381, 401, 382, -1,
      382, 401, 402, -1,
      382, 402, 383, -1,
      383, 402, 403, -1,
      383, 403, 384, -1,
      384, 403, 404, -1,
      384, 404, 385, -1,
      385, 404, 405, -1,
      385, 405, 386, -1,
      386, 405, 406, -1,
      386, 406, 387, -1,
      387, 406, 407, -1,
      387, 407, 388, -1,
      389, 388, 408, -1,
      408, 388, 407, -1,
      371, 389, 391, -1,
      391, 389, 408, -1,
      50, 154, 409, -1,
      409, 154, 153, -1,
      409, 153, 410, -1,
      410, 153, 152, -1,
      409, 411, 50, -1,
      50, 411, 51, -1,
      151, 145, 412, -1,
      412, 145, 143, -1,
      412, 143, 411, -1,
      411, 143, 51, -1,
      413, 147, 149, -1,
      413, 149, 414, -1,
      414, 149, 151, -1,
      414, 151, 412, -1,
      413, 415, 147, -1,
      147, 415, 148, -1,
      148, 415, 416, -1,
      417, 144, 146, -1,
      417, 146, 416, -1,
      416, 146, 150, -1,
      416, 150, 148, -1,
      144, 417, 142, -1,
      142, 417, 418, -1,
      142, 418, 52, -1,
      418, 419, 52, -1,
      52, 419, 53, -1,
      24, 53, 419, -1,
      24, 419, 25, -1,
      25, 419, 420, -1,
      25, 420, 38, -1,
      420, 421, 38, -1,
      38, 421, 39, -1,
      39, 421, 138, -1,
      138, 421, 422, -1,
      138, 422, 137, -1,
      423, 133, 135, -1,
      423, 135, 424, -1,
      424, 135, 137, -1,
      424, 137, 422, -1,
      423, 425, 133, -1,
      133, 425, 134, -1,
      426, 141, 136, -1,
      426, 136, 427, -1,
      427, 136, 134, -1,
      427, 134, 425, -1,
      141, 426, 140, -1,
      140, 426, 428, -1,
      140, 428, 139, -1,
      428, 410, 139, -1,
      139, 410, 152, -1,
      410, 428, 409, -1,
      409, 428, 426, -1,
      419, 418, 420, -1,
      420, 418, 417, -1,
      417, 416, 420, -1,
      420, 416, 415, -1,
      420, 415, 421, -1,
      421, 415, 413, -1,
      426, 427, 409, -1,
      409, 427, 425, -1,
      409, 425, 411, -1,
      411, 425, 423, -1,
      423, 424, 411, -1,
      411, 424, 422, -1,
      411, 422, 412, -1,
      412, 422, 421, -1,
      412, 421, 414, -1,
      414, 421, 413, -1,
      429, 430, 231, -1,
      231, 430, 230, -1,
      430, 431, 230, -1,
      230, 431, 229, -1,
      431, 432, 229, -1,
      229, 432, 228, -1,
      432, 429, 228, -1,
      228, 429, 231, -1,
      432, 431, 429, -1,
      429, 431, 430, -1,
      433, 189, 1, -1,
      433, 1, 434, -1,
      1, 0, 434, -1,
      434, 0, 162, -1,
      434, 162, 435, -1,
      435, 162, 161, -1,
      435, 161, 436, -1,
      436, 161, 160, -1,
      436, 160, 437, -1,
      438, 194, 193, -1,
      438, 193, 439, -1,
      439, 193, 192, -1,
      439, 192, 440, -1,
      440, 192, 203, -1,
      440, 203, 441, -1,
      441, 203, 202, -1,
      441, 202, 442, -1,
      442, 202, 191, -1,
      442, 191, 443, -1,
      443, 191, 190, -1,
      443, 190, 444, -1,
      444, 190, 189, -1,
      444, 189, 433, -1,
      445, 179, 178, -1,
      445, 178, 446, -1,
      446, 178, 177, -1,
      446, 177, 447, -1,
      447, 177, 195, -1,
      447, 195, 448, -1,
      448, 195, 194, -1,
      448, 194, 438, -1,
      445, 449, 179, -1,
      179, 449, 183, -1,
      450, 198, 197, -1,
      450, 197, 451, -1,
      451, 197, 196, -1,
      451, 196, 452, -1,
      452, 196, 184, -1,
      452, 184, 453, -1,
      453, 184, 183, -1,
      453, 183, 449, -1,
      454, 185, 201, -1,
      454, 201, 455, -1,
      455, 201, 200, -1,
      455, 200, 456, -1,
      456, 200, 199, -1,
      456, 199, 457, -1,
      457, 199, 182, -1,
      457, 182, 458, -1,
      458, 182, 181, -1,
      458, 181, 459, -1,
      459, 181, 180, -1,
      459, 180, 460, -1,
      460, 180, 198, -1,
      460, 198, 450, -1,
      461, 172, 171, -1,
      461, 171, 462, -1,
      462, 171, 170, -1,
      462, 170, 463, -1,
      463, 170, 188, -1,
      463, 188, 464, -1,
      464, 188, 187, -1,
      464, 187, 465, -1,
      465, 187, 454, -1,
      454, 187, 186, -1,
      454, 186, 185, -1,
      466, 166, 165, -1,
      466, 165, 467, -1,
      467, 165, 176, -1,
      467, 176, 468, -1,
      176, 175, 468, -1,
      468, 175, 174, -1,
      468, 174, 469, -1,
      469, 174, 173, -1,
      469, 173, 470, -1,
      470, 173, 172, -1,
      470, 172, 461, -1,
      466, 471, 166, -1,
      166, 471, 164, -1,
      471, 472, 164, -1,
      164, 472, 163, -1,
      472, 473, 163, -1,
      163, 473, 167, -1,
      473, 474, 167, -1,
      167, 474, 168, -1,
      156, 475, 155, -1,
      155, 475, 476, -1,
      155, 476, 158, -1,
      158, 476, 477, -1,
      158, 477, 159, -1,
      159, 477, 437, -1,
      159, 437, 160, -1,
      157, 478, 156, -1,
      156, 478, 479, -1,
      156, 479, 475, -1,
      157, 169, 478, -1,
      478, 169, 168, -1,
      478, 168, 474, -1,
      472, 471, 473, -1,
      473, 471, 466, -1,
      438, 451, 448, -1,
      448, 451, 452, -1,
      448, 452, 447, -1,
      447, 452, 453, -1,
      447, 453, 446, -1,
      446, 453, 449, -1,
      446, 449, 445, -1,
      436, 437, 461, -1,
      461, 437, 477, -1,
      461, 477, 470, -1,
      470, 477, 476, -1,
      470, 476, 469, -1,
      469, 476, 475, -1,
      469, 475, 468, -1,
      468, 475, 479, -1,
      468, 479, 467, -1,
      467, 479, 478, -1,
      467, 478, 466, -1,
      466, 478, 474, -1,
      466, 474, 473, -1,
      461, 462, 436, -1,
      436, 462, 463, -1,
      436, 463, 435, -1,
      435, 463, 464, -1,
      435, 464, 434, -1,
      434, 464, 465, -1,
      434, 465, 433, -1,
      433, 465, 454, -1,
      433, 454, 444, -1,
      444, 454, 455, -1,
      444, 455, 443, -1,
      443, 455, 456, -1,
      443, 456, 442, -1,
      442, 456, 457, -1,
      442, 457, 441, -1,
      441, 457, 458, -1,
      441, 458, 440, -1,
      440, 458, 459, -1,
      440, 459, 439, -1,
      439, 459, 460, -1,
      439, 460, 438, -1,
      438, 460, 450, -1,
      438, 450, 451, -1,
      480, 481, 16, -1,
      16, 481, 17, -1,
      17, 481, 18, -1,
      18, 481, 482, -1,
      18, 482, 19, -1,
      482, 483, 19, -1,
      19, 483, 20, -1,
      483, 484, 20, -1,
      20, 484, 8, -1,
      484, 485, 8, -1,
      8, 485, 9, -1,
      486, 21, 485, -1,
      485, 21, 10, -1,
      485, 10, 9, -1,
      486, 487, 21, -1,
      21, 487, 22, -1,
      22, 487, 23, -1,
      23, 487, 488, -1,
      23, 488, 11, -1,
      488, 489, 11, -1,
      11, 489, 12, -1,
      489, 490, 12, -1,
      12, 490, 13, -1,
      480, 16, 491, -1,
      491, 16, 15, -1,
      15, 14, 491, -1,
      491, 14, 13, -1,
      491, 13, 490, -1,
      492, 493, 482, -1,
      487, 486, 488, -1,
      488, 486, 485, -1,
      482, 481, 492, -1,
      492, 481, 480, -1,
      492, 480, 494, -1,
      494, 480, 491, -1,
      494, 491, 495, -1,
      484, 483, 485, -1,
      485, 483, 482, -1,
      485, 482, 488, -1,
      488, 482, 493, -1,
      488, 493, 489, -1,
      489, 493, 495, -1,
      489, 495, 490, -1,
      490, 495, 491, -1,
      495, 496, 497, -1,
      495, 497, 494, -1,
      494, 497, 498, -1,
      494, 498, 492, -1,
      493, 492, 499, -1,
      499, 492, 498, -1,
      495, 493, 496, -1,
      496, 493, 499, -1,
      500, 205, 501, -1,
      501, 205, 204, -1,
      501, 204, 502, -1,
      502, 204, 225, -1,
      502, 225, 503, -1,
      503, 225, 224, -1,
      503, 224, 504, -1,
      504, 224, 223, -1,
      504, 223, 505, -1,
      505, 223, 227, -1,
      505, 227, 506, -1,
      506, 227, 226, -1,
      506, 226, 507, -1,
      507, 226, 222, -1,
      507, 222, 508, -1,
      508, 222, 221, -1,
      508, 221, 509, -1,
      509, 221, 220, -1,
      509, 220, 510, -1,
      510, 220, 219, -1,
      510, 219, 511, -1,
      511, 219, 218, -1,
      511, 218, 512, -1,
      512, 218, 217, -1,
      512, 217, 513, -1,
      513, 217, 216, -1,
      513, 216, 514, -1,
      514, 216, 208, -1,
      514, 208, 515, -1,
      515, 208, 207, -1,
      515, 207, 516, -1,
      516, 207, 212, -1,
      516, 212, 517, -1,
      517, 212, 215, -1,
      517, 215, 518, -1,
      518, 215, 214, -1,
      518, 214, 519, -1,
      519, 214, 213, -1,
      519, 213, 520, -1,
      520, 213, 211, -1,
      520, 211, 521, -1,
      521, 211, 210, -1,
      521, 210, 522, -1,
      522, 210, 209, -1,
      522, 209, 523, -1,
      523, 209, 206, -1,
      523, 206, 500, -1,
      500, 206, 205, -1,
      522, 523, 524, -1,
      524, 523, 500, -1,
      524, 500, 501, -1,
      519, 520, 524, -1,
      524, 520, 521, -1,
      524, 521, 522, -1,
      516, 517, 524, -1,
      524, 517, 518, -1,
      524, 518, 519, -1,
      513, 514, 524, -1,
      524, 514, 515, -1,
      524, 515, 516, -1,
      510, 511, 524, -1,
      524, 511, 512, -1,
      524, 512, 513, -1,
      507, 508, 524, -1,
      524, 508, 509, -1,
      524, 509, 510, -1,
      504, 505, 524, -1,
      524, 505, 506, -1,
      524, 506, 507, -1,
      501, 502, 524, -1,
      524, 502, 503, -1,
      524, 503, 504, -1,
    ]
  }
}

Shape {
  appearance Appearance {
    material Material {
      diffuseColor 0.2235 0.2235 0.2235
      specularColor 0.1137 0.1137 0.1137
      ambientIntensity 0.2
      transparency 0.0000
      shininess 0.5
    }
  }
  geometry IndexedFaceSet {
    ccw TRUE
    solid FALSE
    coord DEF co Coordinate {
      point [
        -0.186048 0.001881 0.358268,
        -0.185655 0.008913 0.358268,
        -0.183027 0.019826 0.358268,
        -0.179009 0.027526 0.358268,
        -0.173336 0.033969 0.358268,
        -0.167435 0.038031 0.358268,
        -0.160826 0.040542 0.358268,
        -0.152026 0.041585 0.358268,
        -0.143219 0.040614 0.358268,
        -0.136718 0.038304 0.358268,
        -0.131241 0.034707 0.358268,
        -0.126422 0.029586 0.358268,
        -0.122314 0.022207 0.358268,
        -0.119804 0.013326 0.358268,
        -0.118830 0.001693 0.358268,
        -0.119967 -0.010462 0.358268,
        -0.123031 -0.019821 0.358268,
        -0.126904 -0.026070 0.358268,
        -0.131454 -0.030724 0.358268,
        -0.137185 -0.034381 0.358268,
        -0.144009 -0.036711 0.358268,
        -0.152852 -0.037636 0.358268,
        -0.160061 -0.036928 0.358268,
        -0.166862 -0.034648 0.358268,
        -0.172653 -0.030971 0.358268,
        -0.177981 -0.025444 0.358268,
        -0.182167 -0.018414 0.358268,
        -0.184990 -0.009445 0.358268,
        0.007933 0.040384 0.358268,
        -0.004801 0.040384 0.358268,
        0.010306 0.040325 0.358268,
        0.017569 0.039191 0.358268,
        0.022014 0.037337 0.358268,
        0.024402 0.035681 0.358268,
        0.026612 0.033298 0.358268,
        0.028384 0.030187 0.358268,
        0.029586 0.026201 0.358268,
        0.030008 0.021217 0.358268,
        0.029999 0.020798 0.358268,
        0.029283 0.014853 0.358268,
        0.027870 0.011007 0.358268,
        0.025589 0.007588 0.358268,
        0.022424 0.004769 0.358268,
        0.018520 0.002698 0.358268,
        0.013392 0.001307 0.358268,
        0.006733 0.000774 0.358268,
        -0.004801 0.000774 0.358268,
        0.300808 -0.013630 0.358268,
        0.317687 0.009045 0.358268,
        0.332485 0.033126 0.358268,
        0.332485 -0.013630 0.358268,
      ]
    }
    coordIndex [
      0, 14, 1, -1,
      1, 14, 13, -1,
      18, 17, 0, -1,
      18, 0, 19, -1,
      17, 16, 0, -1,
      0, 16, 15, -1,
      0, 15, 14, -1,
      5, 1, 6, -1,
      6, 1, 7, -1,
      26, 25, 22, -1,
      22, 25, 24, -1,
      22, 24, 23, -1,
      26, 22, 27, -1,
      27, 22, 21, -1,
      27, 21, 0, -1,
      0, 21, 20, -1,
      0, 20, 19, -1,
      5, 4, 1, -1,
      1, 4, 3, -1,
      1, 3, 2, -1,
      13, 12, 1, -1,
      1, 12, 11, -1,
      1, 11, 10, -1,
      10, 9, 1, -1,
      1, 9, 8, -1,
      1, 8, 7, -1,
      29, 46, 28, -1,
      28, 46, 45, -1,
      45, 44, 28, -1,
      28, 44, 43, -1,
      28, 43, 42, -1,
      39, 38, 28, -1,
      28, 38, 37, -1,
      28, 37, 30, -1,
      30, 37, 36, -1,
      30, 36, 31, -1,
      31, 36, 32, -1,
      42, 41, 28, -1,
      28, 41, 40, -1,
      28, 40, 39, -1,
      32, 36, 33, -1,
      33, 36, 35, -1,
      33, 35, 34, -1,
      47, 50, 48, -1,
      48, 50, 49, -1,
    ]
  }
}

Shape {
  appearance Appearance {
    material Material {
      diffuseColor 0.8510 0.8510 0.8510
      specularColor 0.4235 0.4235 0.4235
      ambientIntensity 0.2
      transparency 0.0000
      shininess 0.5
    }
  }
  geometry IndexedFaceSet {
    ccw TRUE
    solid FALSE
    coord DEF co Coordinate {
      point [
        0.551181 -0.551181 0.003937,
        0.551181 0.551181 0.003937,
        -0.551181 0.551181 0.003937,
        0.541339 -0.787402 0.003937,
        0.541339 -0.633858 0.003937,
        -0.433071 -0.551181 0.003937,
        0.442913 -0.633858 0.003937,
        0.246063 -0.633858 0.003937,
        0.246063 -0.787402 0.003937,
        0.147638 -0.787402 0.003937,
        0.147638 -0.633858 0.003937,
        0.049213 -0.633858 0.003937,
        0.344488 -0.633858 0.003937,
        0.344488 -0.787402 0.003937,
        0.442913 -0.787402 0.003937,
        -0.147638 -0.633858 0.003937,
        -0.147638 -0.787402 0.003937,
        -0.246063 -0.787402 0.003937,
        -0.246063 -0.633858 0.003937,
        -0.049213 -0.633858 0.003937,
        -0.049213 -0.787402 0.003937,
        0.049213 -0.787402 0.003937,
        -0.442913 -0.787402 0.003937,
        -0.442913 -0.633858 0.003937,
        -0.344488 -0.787402 0.003937,
        -0.344488 -0.633858 0.003937,
        -0.541339 -0.633858 0.003937,
        -0.541339 -0.787402 0.003937,
        -0.551181 -0.433071 0.003937,
        -0.012243 -0.551181 0.000000,
        -0.433071 -0.551181 0.000000,
        -0.551181 -0.433071 0.000000,
        -0.551181 -0.029721 0.000000,
        -0.012243 0.551181 0.000000,
        0.551181 -0.029721 0.000000,
        0.551181 0.551181 0.000000,
        0.551181 -0.551181 0.000000,
        -0.551181 0.551181 0.000000,
        0.541339 -0.787402 0.059055,
        0.344488 -0.787402 0.059055,
        0.442913 -0.787402 0.059055,
        -0.442913 -0.787402 0.059055,
        -0.344488 -0.787402 0.059055,
        -0.246063 -0.787402 0.059055,
        -0.541339 -0.787402 0.059055,
        -0.049213 -0.787402 0.059055,
        0.049213 -0.787402 0.059055,
        0.147638 -0.787402 0.059055,
        -0.147638 -0.787402 0.059055,
        0.246063 -0.787402 0.059055,
        -0.541339 -0.791339 0.059055,
        -0.442913 -0.791339 0.059055,
        -0.541339 -0.633858 0.000000,
        -0.541339 -0.791339 0.000000,
        -0.442913 -0.791339 0.000000,
        -0.442913 -0.633858 0.000000,
        -0.344488 -0.791339 0.059055,
        -0.246063 -0.791339 0.059055,
        -0.344488 -0.633858 0.000000,
        -0.344488 -0.791339 0.000000,
        -0.246063 -0.791339 0.000000,
        -0.246063 -0.633858 0.000000,
        -0.147638 -0.791339 0.059055,
        -0.049213 -0.791339 0.059055,
        -0.147638 -0.633858 0.000000,
        -0.147638 -0.791339 0.000000,
        -0.049213 -0.791339 0.000000,
        -0.049213 -0.633858 0.000000,
        0.049213 -0.791339 0.059055,
        0.147638 -0.791339 0.059055,
        0.049213 -0.633858 0.000000,
        0.049213 -0.791339 0.000000,
        0.147638 -0.791339 0.000000,
        0.147638 -0.633858 0.000000,
        0.246063 -0.791339 0.059055,
        0.344488 -0.791339 0.059055,
        0.246063 -0.633858 0.000000,
        0.246063 -0.791339 0.000000,
        0.344488 -0.791339 0.000000,
        0.344488 -0.633858 0.000000,
        0.442913 -0.791339 0.059055,
        0.541339 -0.791339 0.059055,
        0.442913 -0.633858 0.000000,
        0.442913 -0.791339 0.000000,
        0.541339 -0.791339 0.000000,
        0.541339 -0.633858 0.000000,
      ]
    }
    coordIndex [
      44, 50, 41, -1,
      41, 50, 51, -1,
      26, 52, 27, -1,
      27, 52, 53, -1,
      27, 53, 44, -1,
      44, 53, 50, -1,
      41, 51, 22, -1,
      22, 51, 54, -1,
      22, 54, 23, -1,
      23, 54, 55, -1,
      51, 50, 54, -1,
      54, 50, 53, -1,
      55, 52, 23, -1,
      23, 52, 26, -1,
      55, 54, 52, -1,
      52, 54, 53, -1,
      42, 56, 43, -1,
      43, 56, 57, -1,
      25, 58, 24, -1,
      24, 58, 59, -1,
      24, 59, 42, -1,
      42, 59, 56, -1,
      43, 57, 17, -1,
      17, 57, 60, -1,
      17, 60, 18, -1,
      18, 60, 61, -1,
      57, 56, 60, -1,
      60, 56, 59, -1,
      61, 58, 18, -1,
      18, 58, 25, -1,
      61, 60, 58, -1,
      58, 60, 59, -1,
      48, 62, 45, -1,
      45, 62, 63, -1,
      15, 64, 16, -1,
      16, 64, 65, -1,
      16, 65, 48, -1,
      48, 65, 62, -1,
      45, 63, 20, -1,
      20, 63, 66, -1,
      20, 66, 19, -1,
      19, 66, 67, -1,
      63, 62, 66, -1,
      66, 62, 65, -1,
      67, 64, 19, -1,
      19, 64, 15, -1,
      67, 66, 64, -1,
      64, 66, 65, -1,
      46, 68, 47, -1,
      47, 68, 69, -1,
      11, 70, 21, -1,
      21, 70, 71, -1,
      21, 71, 46, -1,
      46, 71, 68, -1,
      47, 69, 9, -1,
      9, 69, 72, -1,
      9, 72, 10, -1,
      10, 72, 73, -1,
      69, 68, 72, -1,
      72, 68, 71, -1,
      73, 70, 10, -1,
      10, 70, 11, -1,
      73, 72, 70, -1,
      70, 72, 71, -1,
      49, 74, 39, -1,
      39, 74, 75, -1,
      7, 76, 8, -1,
      8, 76, 77, -1,
      8, 77, 49, -1,
      49, 77, 74, -1,
      39, 75, 13, -1,
      13, 75, 78, -1,
      13, 78, 12, -1,
      12, 78, 79, -1,
      75, 74, 78, -1,
      78, 74, 77, -1,
      79, 76, 12, -1,
      12, 76, 7, -1,
      79, 78, 76, -1,
      76, 78, 77, -1,
      40, 80, 38, -1,
      38, 80, 81, -1,
      6, 82, 14, -1,
      14, 82, 83, -1,
      14, 83, 40, -1,
      40, 83, 80, -1,
      38, 81, 3, -1,
      3, 81, 84, -1,
      3, 84, 4, -1,
      4, 84, 85, -1,
      81, 80, 84, -1,
      84, 80, 83, -1,
      85, 82, 4, -1,
      4, 82, 6, -1,
      85, 84, 82, -1,
      82, 84, 83, -1,
      31, 28, 32, -1,
      32, 28, 2, -1,
      32, 2, 37, -1,
      31, 30, 28, -1,
      28, 30, 5, -1,
      36, 0, 29, -1,
      29, 0, 5, -1,
      29, 5, 30, -1,
      35, 1, 34, -1,
      34, 1, 0, -1,
      34, 0, 36, -1,
      37, 2, 33, -1,
      33, 2, 1, -1,
      33, 1, 35, -1,
    ]
  }
}

Shape {
  appearance Appearance {
    material Material {
      diffuseColor 0.6471 0.6471 0.6471
      specularColor 0.3216 0.3216 0.3216
      ambientIntensity 0.2
      transparency 0.0000
      shininess 0.5
    }
  }
  geometry IndexedFaceSet {
    ccw TRUE
    solid FALSE
    coord DEF co Coordinate {
      point [
        -0.006481 -0.029361 0.000000,
        -0.006481 -0.022880 0.000000,
        -0.005041 0.023212 0.000000,
        0.017284 0.023212 0.000000,
        0.017284 0.003767 0.000000,
        0.025206 -0.029361 0.000000,
        0.025206 0.029694 0.000000,
        0.036730 -0.019819 0.000000,
        0.036730 -0.026300 0.000000,
        0.043024 -0.028885 0.000000,
        0.048992 -0.029721 0.000000,
        0.017284 -0.002715 0.000000,
        0.017284 -0.022880 0.000000,
        -0.003601 -0.002715 0.000000,
        -0.003601 0.003767 0.000000,
        0.065980 -0.027357 0.000000,
        0.085702 -0.029361 0.000000,
        0.060256 -0.029327 0.000000,
        0.056452 -0.029721 0.000000,
        0.115950 -0.029361 0.000000,
        0.115950 0.029694 0.000000,
        0.108028 0.029694 0.000000,
        -0.005041 0.029694 0.000000,
        0.056374 0.023279 0.000000,
        0.060794 0.021684 0.000000,
        0.037788 -0.020405 0.000000,
        0.064882 0.018950 0.000000,
        0.068448 0.015013 0.000000,
        0.072739 -0.000464 0.000000,
        0.072141 -0.006857 0.000000,
        0.070536 -0.011937 0.000000,
        0.057395 -0.022982 0.000000,
        0.051887 -0.023600 0.000000,
        0.061698 -0.021398 0.000000,
        0.065322 -0.018955 0.000000,
        0.068094 -0.016031 0.000000,
        0.044048 -0.022730 0.000000,
        0.070883 0.010453 0.000000,
        0.072457 0.004131 0.000000,
        0.068751 0.024788 0.000000,
        0.074083 0.019661 0.000000,
        0.077544 0.014139 0.000000,
        0.070730 -0.024323 0.000000,
        0.075166 -0.019653 0.000000,
        0.085702 -0.022880 0.000000,
        0.078312 -0.014038 0.000000,
        0.108028 -0.022880 0.000000,
        0.080090 -0.007787 0.000000,
        0.080661 -0.000948 0.000000,
        0.079811 0.007448 0.000000,
        0.063142 0.028017 0.000000,
        0.056558 0.029930 0.000000,
        0.050627 0.030414 0.000000,
        0.043557 0.029926 0.000000,
        0.036730 0.028073 0.000000,
        0.036730 0.020151 0.000000,
        0.043381 0.023000 0.000000,
        0.050559 0.023932 0.000000,
        0.051364 -0.030054 0.000000,
        0.052979 -0.030081 0.000000,
        -0.069858 -0.029361 0.000000,
        -0.062588 -0.013176 0.000000,
        -0.059201 -0.018458 0.000000,
        -0.114509 -0.029361 0.000000,
        -0.123152 -0.029361 0.000000,
        -0.100106 0.029694 0.000000,
        -0.092183 0.029694 0.000000,
        -0.054341 -0.023112 0.000000,
        -0.048174 -0.026695 0.000000,
        -0.041370 -0.028724 0.000000,
        -0.034063 -0.029361 0.000000,
        -0.018005 -0.029361 0.000000,
        -0.018005 0.029694 0.000000,
        -0.034670 0.029694 0.000000,
        -0.056601 0.021994 0.000000,
        -0.060777 0.017363 0.000000,
        -0.063522 0.012284 0.000000,
        -0.043202 0.028782 0.000000,
        -0.050111 0.026356 0.000000,
        -0.056539 0.022048 0.000000,
        -0.078500 -0.029361 0.000000,
        -0.084138 -0.012797 0.000000,
        -0.108534 -0.012797 0.000000,
        -0.065107 0.006466 0.000000,
        -0.065537 0.000909 0.000000,
        -0.064708 -0.006994 0.000000,
        -0.086130 -0.006315 0.003937,
        -0.084138 -0.012797 0.003937,
        -0.105878 -0.006315 0.003937,
        -0.108534 -0.012797 0.003937,
        -0.094941 0.018351 0.003937,
        -0.092183 0.029694 0.003937,
        -0.069858 -0.029361 0.003937,
        -0.078500 -0.029361 0.003937,
        -0.095509 0.020399 0.003937,
        -0.095886 0.022492 0.003937,
        -0.100106 0.029694 0.003937,
        -0.096077 0.022492 0.003937,
        -0.096463 0.020406 0.003937,
        -0.096989 0.018351 0.003937,
        -0.123152 -0.029361 0.003937,
        -0.114509 -0.029361 0.003937,
        -0.105878 -0.006315 0.000000,
        -0.086130 -0.006315 0.000000,
        -0.096989 0.018351 0.000000,
        -0.096463 0.020406 -0.000000,
        -0.096077 0.022492 0.000000,
        -0.095886 0.022492 0.000000,
        -0.095509 0.020399 -0.000000,
        -0.094941 0.018351 0.000000,
        -0.063522 0.012284 0.003937,
        -0.060777 0.017363 0.003937,
        -0.053683 0.014931 0.003937,
        -0.056601 0.021994 0.003937,
        -0.050815 0.017976 0.003937,
        -0.056539 0.022048 0.003937,
        -0.046501 0.020763 0.003937,
        -0.050111 0.026356 0.003937,
        -0.041626 0.022469 0.003937,
        -0.043202 0.028782 0.003937,
        -0.034636 0.023212 0.003937,
        -0.034670 0.029694 0.003937,
        -0.025927 0.023212 0.003937,
        -0.018005 0.029694 0.003937,
        -0.025927 -0.022880 0.003937,
        -0.018005 -0.029361 0.003937,
        -0.034310 -0.022880 0.003937,
        -0.034063 -0.029361 0.003937,
        -0.040541 -0.022300 0.003937,
        -0.041370 -0.028724 0.003937,
        -0.045510 -0.020748 0.003937,
        -0.048174 -0.026695 0.003937,
        -0.049537 -0.018357 0.003937,
        -0.054341 -0.023112 0.003937,
        -0.052850 -0.015085 0.003937,
        -0.059201 -0.018458 0.003937,
        -0.055341 -0.011014 0.003937,
        -0.062588 -0.013176 0.003937,
        -0.057072 -0.005463 0.003937,
        -0.064708 -0.006994 0.003937,
        -0.057615 0.000740 0.003937,
        -0.065537 0.000909 0.003937,
        -0.057113 0.006618 0.003937,
        -0.065107 0.006466 0.003937,
        -0.055735 0.011289 0.003937,
        -0.025927 0.023212 0.000000,
        -0.034636 0.023212 0.000000,
        -0.025927 -0.022880 0.000000,
        -0.034310 -0.022880 0.000000,
        -0.040541 -0.022300 0.000000,
        -0.045510 -0.020748 0.000000,
        -0.049537 -0.018357 0.000000,
        -0.052850 -0.015085 0.000000,
        -0.055341 -0.011014 0.000000,
        -0.057072 -0.005463 -0.000000,
        -0.057615 0.000740 -0.000000,
        -0.057113 0.006618 0.000000,
        -0.055735 0.011289 0.000000,
        -0.053683 0.014931 -0.000000,
        -0.050815 0.017976 -0.000000,
        -0.046501 0.020763 0.000000,
        -0.041626 0.022469 0.000000,
        -0.006481 -0.029361 0.003937,
        -0.006481 -0.022880 0.003937,
        0.017284 -0.022880 0.003937,
        0.017284 -0.002715 0.003937,
        -0.003601 -0.002715 0.003937,
        -0.003601 0.003767 0.003937,
        0.017284 0.003767 0.003937,
        0.017284 0.023212 0.003937,
        -0.005041 0.023212 0.003937,
        -0.005041 0.029694 0.003937,
        0.025206 0.029694 0.003937,
        0.025206 -0.029361 0.003937,
        0.036730 -0.026300 0.003937,
        0.036730 -0.019819 0.003937,
        0.051887 -0.023600 0.003937,
        0.044048 -0.022730 0.003937,
        0.037788 -0.020405 0.003937,
        0.072739 -0.000464 0.003937,
        0.072141 -0.006857 0.003937,
        0.070536 -0.011937 0.003937,
        0.068094 -0.016031 0.003937,
        0.065322 -0.018955 0.003937,
        0.061698 -0.021398 0.003937,
        0.057395 -0.022982 0.003937,
        0.050559 0.023932 0.003937,
        0.056374 0.023279 0.003937,
        0.060794 0.021684 0.003937,
        0.064882 0.018950 0.003937,
        0.068448 0.015013 0.003937,
        0.070883 0.010453 0.003937,
        0.072457 0.004131 0.003937,
        0.036730 0.020151 0.003937,
        0.043381 0.023000 0.003937,
        0.036730 0.028073 0.003937,
        0.050627 0.030414 0.003937,
        0.043557 0.029926 0.003937,
        0.080661 -0.000948 0.003937,
        0.079811 0.007448 0.003937,
        0.077544 0.014139 0.003937,
        0.074083 0.019661 0.003937,
        0.068751 0.024788 0.003937,
        0.063142 0.028017 0.003937,
        0.056558 0.029930 0.003937,
        0.052979 -0.030081 0.003937,
        0.060256 -0.029327 0.003937,
        0.065980 -0.027357 0.003937,
        0.070730 -0.024323 0.003937,
        0.075166 -0.019653 0.003937,
        0.078312 -0.014038 0.003937,
        0.080090 -0.007787 0.003937,
        0.043024 -0.028885 0.003937,
        0.051364 -0.030054 0.003937,
        0.085702 -0.029361 0.003937,
        0.085702 -0.022880 0.003937,
        0.108028 -0.022880 0.003937,
        0.108028 0.029694 0.003937,
        0.115950 0.029694 0.003937,
        0.115950 -0.029361 0.003937,
      ]
    }
    coordIndex [
      86, 87, 88, -1,
      88, 87, 89, -1,
      90, 91, 86, -1,
      86, 91, 92, -1,
      86, 92, 87, -1,
      87, 92, 93, -1,
      90, 94, 91, -1,
      91, 94, 95, -1,
      91, 95, 96, -1,
      96, 95, 97, -1,
      96, 97, 98, -1,
      98, 99, 96, -1,
      96, 99, 88, -1,
      96, 88, 100, -1,
      100, 88, 89, -1,
      100, 89, 101, -1,
      64, 65, 100, -1,
      100, 65, 96, -1,
      65, 66, 96, -1,
      96, 66, 91, -1,
      66, 60, 91, -1,
      91, 60, 92, -1,
      60, 80, 92, -1,
      92, 80, 93, -1,
      80, 81, 93, -1,
      93, 81, 87, -1,
      81, 82, 87, -1,
      87, 82, 89, -1,
      82, 63, 89, -1,
      89, 63, 101, -1,
      63, 64, 101, -1,
      101, 64, 100, -1,
      102, 103, 88, -1,
      88, 103, 86, -1,
      104, 102, 99, -1,
      99, 102, 88, -1,
      104, 99, 98, -1,
      104, 98, 105, -1,
      105, 98, 97, -1,
      105, 97, 106, -1,
      107, 106, 95, -1,
      95, 106, 97, -1,
      107, 95, 94, -1,
      107, 94, 108, -1,
      108, 94, 90, -1,
      108, 90, 109, -1,
      103, 109, 86, -1,
      86, 109, 90, -1,
      110, 111, 112, -1,
      112, 111, 113, -1,
      112, 113, 114, -1,
      114, 113, 115, -1,
      114, 115, 116, -1,
      116, 115, 117, -1,
      116, 117, 118, -1,
      118, 117, 119, -1,
      118, 119, 120, -1,
      120, 119, 121, -1,
      120, 121, 122, -1,
      122, 121, 123, -1,
      122, 123, 124, -1,
      124, 123, 125, -1,
      124, 125, 126, -1,
      126, 125, 127, -1,
      126, 127, 128, -1,
      128, 127, 129, -1,
      128, 129, 130, -1,
      130, 129, 131, -1,
      130, 131, 132, -1,
      132, 131, 133, -1,
      132, 133, 134, -1,
      134, 133, 135, -1,
      134, 135, 136, -1,
      136, 135, 137, -1,
      136, 137, 138, -1,
      138, 137, 139, -1,
      138, 139, 140, -1,
      140, 139, 141, -1,
      140, 141, 142, -1,
      142, 141, 143, -1,
      142, 143, 144, -1,
      144, 143, 110, -1,
      144, 110, 112, -1,
      71, 70, 125, -1,
      125, 70, 127, -1,
      84, 141, 139, -1,
      84, 139, 85, -1,
      85, 139, 137, -1,
      85, 137, 61, -1,
      61, 137, 135, -1,
      61, 135, 62, -1,
      62, 135, 133, -1,
      62, 133, 67, -1,
      67, 133, 131, -1,
      67, 131, 68, -1,
      68, 131, 129, -1,
      68, 129, 69, -1,
      69, 129, 127, -1,
      69, 127, 70, -1,
      73, 121, 119, -1,
      73, 119, 77, -1,
      77, 119, 117, -1,
      77, 117, 78, -1,
      78, 117, 115, -1,
      78, 115, 79, -1,
      79, 115, 113, -1,
      79, 113, 74, -1,
      74, 113, 111, -1,
      74, 111, 75, -1,
      75, 111, 110, -1,
      75, 110, 76, -1,
      76, 110, 143, -1,
      76, 143, 83, -1,
      83, 143, 141, -1,
      83, 141, 84, -1,
      73, 72, 121, -1,
      121, 72, 123, -1,
      72, 71, 123, -1,
      123, 71, 125, -1,
      145, 146, 122, -1,
      122, 146, 120, -1,
      147, 145, 124, -1,
      124, 145, 122, -1,
      148, 147, 126, -1,
      126, 147, 124, -1,
      148, 126, 128, -1,
      148, 128, 149, -1,
      149, 128, 130, -1,
      149, 130, 150, -1,
      150, 130, 132, -1,
      150, 132, 151, -1,
      151, 132, 134, -1,
      151, 134, 152, -1,
      152, 134, 136, -1,
      152, 136, 153, -1,
      153, 136, 138, -1,
      153, 138, 154, -1,
      154, 138, 140, -1,
      154, 140, 155, -1,
      155, 140, 142, -1,
      155, 142, 156, -1,
      156, 142, 144, -1,
      156, 144, 157, -1,
      157, 144, 112, -1,
      157, 112, 158, -1,
      158, 112, 114, -1,
      158, 114, 159, -1,
      159, 114, 116, -1,
      159, 116, 160, -1,
      160, 116, 118, -1,
      160, 118, 161, -1,
      161, 118, 120, -1,
      161, 120, 146, -1,
      0, 1, 162, -1,
      162, 1, 163, -1,
      1, 12, 163, -1,
      163, 12, 164, -1,
      12, 11, 164, -1,
      164, 11, 165, -1,
      11, 13, 165, -1,
      165, 13, 166, -1,
      13, 14, 166, -1,
      166, 14, 167, -1,
      14, 4, 167, -1,
      167, 4, 168, -1,
      4, 3, 168, -1,
      168, 3, 169, -1,
      3, 2, 169, -1,
      169, 2, 170, -1,
      2, 22, 170, -1,
      170, 22, 171, -1,
      22, 6, 171, -1,
      171, 6, 172, -1,
      6, 5, 172, -1,
      172, 5, 173, -1,
      5, 0, 173, -1,
      173, 0, 162, -1,
      173, 162, 163, -1,
      163, 164, 173, -1,
      173, 164, 165, -1,
      173, 165, 172, -1,
      170, 171, 169, -1,
      169, 171, 172, -1,
      169, 172, 168, -1,
      168, 172, 165, -1,
      168, 165, 167, -1,
      167, 165, 166, -1,
      8, 7, 174, -1,
      174, 7, 175, -1,
      32, 176, 177, -1,
      32, 177, 36, -1,
      36, 177, 178, -1,
      36, 178, 25, -1,
      25, 178, 175, -1,
      25, 175, 7, -1,
      28, 179, 180, -1,
      28, 180, 29, -1,
      29, 180, 181, -1,
      29, 181, 30, -1,
      30, 181, 182, -1,
      30, 182, 35, -1,
      35, 182, 183, -1,
      35, 183, 34, -1,
      34, 183, 184, -1,
      34, 184, 33, -1,
      33, 184, 185, -1,
      33, 185, 31, -1,
      31, 185, 176, -1,
      31, 176, 32, -1,
      57, 186, 187, -1,
      57, 187, 23, -1,
      23, 187, 188, -1,
      23, 188, 24, -1,
      24, 188, 189, -1,
      24, 189, 26, -1,
      26, 189, 190, -1,
      26, 190, 27, -1,
      27, 190, 191, -1,
      27, 191, 37, -1,
      37, 191, 192, -1,
      37, 192, 38, -1,
      38, 192, 179, -1,
      38, 179, 28, -1,
      55, 193, 194, -1,
      55, 194, 56, -1,
      56, 194, 186, -1,
      56, 186, 57, -1,
      55, 54, 193, -1,
      193, 54, 195, -1,
      52, 196, 197, -1,
      52, 197, 53, -1,
      53, 197, 195, -1,
      53, 195, 54, -1,
      48, 198, 199, -1,
      48, 199, 49, -1,
      49, 199, 200, -1,
      49, 200, 41, -1,
      41, 200, 201, -1,
      41, 201, 40, -1,
      40, 201, 202, -1,
      40, 202, 39, -1,
      39, 202, 203, -1,
      39, 203, 50, -1,
      50, 203, 204, -1,
      50, 204, 51, -1,
      51, 204, 196, -1,
      51, 196, 52, -1,
      18, 59, 205, -1,
      18, 205, 17, -1,
      205, 206, 17, -1,
      17, 206, 207, -1,
      17, 207, 15, -1,
      15, 207, 208, -1,
      15, 208, 42, -1,
      42, 208, 209, -1,
      42, 209, 43, -1,
      43, 209, 210, -1,
      43, 210, 45, -1,
      45, 210, 211, -1,
      45, 211, 47, -1,
      47, 211, 198, -1,
      47, 198, 48, -1,
      9, 8, 212, -1,
      212, 8, 174, -1,
      9, 212, 10, -1,
      10, 212, 213, -1,
      10, 213, 58, -1,
      58, 213, 205, -1,
      58, 205, 59, -1,
      185, 205, 176, -1,
      176, 205, 213, -1,
      176, 213, 177, -1,
      177, 213, 212, -1,
      177, 212, 178, -1,
      178, 212, 174, -1,
      178, 174, 175, -1,
      193, 195, 194, -1,
      194, 195, 197, -1,
      194, 197, 186, -1,
      186, 197, 196, -1,
      186, 196, 187, -1,
      187, 196, 204, -1,
      187, 204, 188, -1,
      188, 204, 203, -1,
      188, 203, 189, -1,
      189, 203, 202, -1,
      189, 202, 190, -1,
      190, 202, 201, -1,
      190, 201, 191, -1,
      191, 201, 200, -1,
      191, 200, 192, -1,
      192, 200, 199, -1,
      192, 199, 179, -1,
      179, 199, 198, -1,
      179, 198, 180, -1,
      180, 198, 211, -1,
      180, 211, 181, -1,
      181, 211, 210, -1,
      181, 210, 182, -1,
      182, 210, 209, -1,
      182, 209, 183, -1,
      183, 209, 208, -1,
      183, 208, 184, -1,
      184, 208, 207, -1,
      184, 207, 185, -1,
      185, 207, 206, -1,
      185, 206, 205, -1,
      16, 44, 214, -1,
      214, 44, 215, -1,
      44, 46, 215, -1,
      215, 46, 216, -1,
      46, 21, 216, -1,
      216, 21, 217, -1,
      21, 20, 217, -1,
      217, 20, 218, -1,
      20, 19, 218, -1,
      218, 19, 219, -1,
      19, 16, 219, -1,
      219, 16, 214, -1,
      217, 218, 216, -1,
      216, 218, 219, -1,
      216, 219, 215, -1,
      215, 219, 214, -1,
    ]
  }
}

Shape {
  appearance Appearance {
    material Material {
      diffuseColor 0.8510 0.8510 0.8510
      specularColor 0.4235 0.4235 0.4235
      ambientIntensity 0.2
      transparency 0.0000
      shininess 0.5
    }
  }
  geometry IndexedFaceSet {
    ccw TRUE
    solid FALSE
    coord DEF co Coordinate {
      point [
        0.787402 0.541339 0.003937,
        0.633858 0.541339 0.003937,
        0.633858 0.246063 0.003937,
        0.787402 0.246063 0.003937,
        0.787402 0.147638 0.003937,
        0.633858 0.049213 0.003937,
        0.633858 0.147638 0.003937,
        0.541339 0.787402 0.003937,
        -0.541339 0.787402 0.003937,
        -0.541339 0.633858 0.003937,
        -0.442913 0.633858 0.003937,
        0.787402 0.049213 0.003937,
        0.787402 -0.049213 0.003937,
        0.633858 -0.049213 0.003937,
        0.633858 -0.147638 0.003937,
        -0.246063 0.633858 0.003937,
        -0.246063 0.787402 0.003937,
        -0.147638 0.787402 0.003937,
        0.787402 -0.147638 0.003937,
        0.787402 -0.246063 0.003937,
        0.633858 -0.246063 0.003937,
        0.633858 -0.344488 0.003937,
        -0.147638 0.633858 0.003937,
        -0.049213 0.633858 0.003937,
        -0.344488 0.633858 0.003937,
        -0.344488 0.787402 0.003937,
        -0.442913 0.787402 0.003937,
        0.787402 -0.344488 0.003937,
        0.787402 -0.442913 0.003937,
        0.633858 -0.442913 0.003937,
        0.633858 -0.541339 0.003937,
        0.787402 -0.541339 0.003937,
        0.147638 0.633858 0.003937,
        0.147638 0.787402 0.003937,
        0.246063 0.787402 0.003937,
        0.246063 0.633858 0.003937,
        0.049213 0.633858 0.003937,
        0.049213 0.787402 0.003937,
        -0.049213 0.787402 0.003937,
        0.344488 0.787402 0.003937,
        0.442913 0.787402 0.003937,
        0.344488 0.633858 0.003937,
        0.442913 0.633858 0.003937,
        0.633858 0.442913 0.003937,
        0.541339 0.633858 0.003937,
        0.787402 0.442913 0.003937,
        0.787402 0.344488 0.003937,
        0.633858 0.344488 0.003937,
        -0.633858 -0.541339 0.003937,
        -0.787402 -0.541339 0.003937,
        -0.633858 -0.442913 0.003937,
        -0.787402 -0.246063 0.003937,
        -0.787402 -0.147638 0.003937,
        -0.633858 -0.246063 0.003937,
        -0.633858 -0.147638 0.003937,
        -0.787402 -0.442913 0.003937,
        -0.787402 -0.344488 0.003937,
        -0.633858 -0.344488 0.003937,
        -0.633858 -0.049213 0.003937,
        -0.633858 0.147638 0.003937,
        -0.787402 0.147638 0.003937,
        -0.787402 0.246063 0.003937,
        -0.633858 0.246063 0.003937,
        -0.633858 0.344488 0.003937,
        -0.633858 0.049213 0.003937,
        -0.787402 0.049213 0.003937,
        -0.787402 -0.049213 0.003937,
        -0.787402 0.541339 0.003937,
        -0.633858 0.541339 0.003937,
        -0.633858 0.442913 0.003937,
        -0.787402 0.442913 0.003937,
        -0.787402 0.344488 0.003937,
        0.787402 0.246063 0.059055,
        0.787402 0.344488 0.059055,
        0.787402 -0.147638 0.059055,
        0.787402 -0.049213 0.059055,
        0.787402 0.147638 0.059055,
        0.787402 -0.246063 0.059055,
        0.787402 0.541339 0.059055,
        0.787402 0.442913 0.059055,
        0.787402 -0.541339 0.059055,
        0.787402 -0.442913 0.059055,
        0.787402 -0.344488 0.059055,
        0.787402 0.049213 0.059055,
        -0.246063 0.787402 0.059055,
        -0.344488 0.787402 0.059055,
        -0.147638 0.787402 0.059055,
        0.541339 0.787402 0.059055,
        0.442913 0.787402 0.059055,
        -0.541339 0.787402 0.059055,
        -0.442913 0.787402 0.059055,
        0.246063 0.787402 0.059055,
        0.147638 0.787402 0.059055,
        0.049213 0.787402 0.059055,
        0.344488 0.787402 0.059055,
        -0.049213 0.787402 0.059055,
        -0.787402 -0.246063 0.059055,
        -0.787402 -0.344488 0.059055,
        -0.787402 -0.147638 0.059055,
        -0.787402 0.541339 0.059055,
        -0.787402 0.442913 0.059055,
        -0.787402 0.147638 0.059055,
        -0.787402 0.049213 0.059055,
        -0.787402 0.246063 0.059055,
        -0.787402 -0.541339 0.059055,
        -0.787402 -0.442913 0.059055,
        -0.787402 0.344488 0.059055,
        -0.787402 -0.049213 0.059055,
        -0.105878 -0.006315 0.000000,
        -0.086130 -0.006315 0.000000,
        -0.096989 0.018351 0.000000,
        -0.096463 0.020406 -0.000000,
        -0.096077 0.022492 0.000000,
        -0.095886 0.022492 0.000000,
        -0.095509 0.020399 -0.000000,
        -0.094941 0.018351 0.000000,
        -0.025927 0.023212 0.000000,
        -0.034636 0.023212 0.000000,
        -0.025927 -0.022880 0.000000,
        -0.034310 -0.022880 0.000000,
        -0.040541 -0.022300 0.000000,
        -0.045510 -0.020748 0.000000,
        -0.049537 -0.018357 0.000000,
        -0.052850 -0.015085 0.000000,
        -0.055341 -0.011014 0.000000,
        -0.057072 -0.005463 -0.000000,
        -0.057615 0.000740 -0.000000,
        -0.057113 0.006618 0.000000,
        -0.055735 0.011289 0.000000,
        -0.053683 0.014931 -0.000000,
        -0.050815 0.017976 -0.000000,
        -0.046501 0.020763 0.000000,
        -0.041626 0.022469 0.000000,
        -0.791339 0.541339 0.059055,
        -0.791339 0.442913 0.059055,
        -0.633858 0.541339 0.000000,
        -0.791339 0.541339 0.000000,
        -0.791339 0.442913 0.000000,
        -0.633858 0.442913 0.000000,
        -0.791339 0.344488 0.059055,
        -0.791339 0.246063 0.059055,
        -0.633858 0.344488 0.000000,
        -0.791339 0.344488 0.000000,
        -0.791339 0.246063 0.000000,
        -0.633858 0.246063 0.000000,
        -0.791339 0.147638 0.059055,
        -0.791339 0.049213 0.059055,
        -0.633858 0.147638 0.000000,
        -0.791339 0.147638 0.000000,
        -0.791339 0.049213 0.000000,
        -0.633858 0.049213 0.000000,
        -0.791339 -0.049213 0.059055,
        -0.791339 -0.147638 0.059055,
        -0.633858 -0.049213 0.000000,
        -0.791339 -0.049213 0.000000,
        -0.791339 -0.147638 0.000000,
        -0.633858 -0.147638 0.000000,
        -0.791339 -0.246063 0.059055,
        -0.791339 -0.344488 0.059055,
        -0.633858 -0.246063 0.000000,
        -0.791339 -0.246063 0.000000,
        -0.791339 -0.344488 0.000000,
        -0.633858 -0.344488 0.000000,
        -0.791339 -0.442913 0.059055,
        -0.791339 -0.541339 0.059055,
        -0.633858 -0.442913 0.000000,
        -0.791339 -0.442913 0.000000,
        -0.791339 -0.541339 0.000000,
        -0.633858 -0.541339 0.000000,
        0.541339 0.791339 0.059055,
        0.442913 0.791339 0.059055,
        0.541339 0.633858 0.000000,
        0.541339 0.791339 0.000000,
        0.442913 0.791339 0.000000,
        0.442913 0.633858 0.000000,
        0.344488 0.791339 0.059055,
        0.246063 0.791339 0.059055,
        0.344488 0.633858 0.000000,
        0.344488 0.791339 0.000000,
        0.246063 0.791339 0.000000,
        0.246063 0.633858 0.000000,
        0.147638 0.791339 0.059055,
        0.049213 0.791339 0.059055,
        0.147638 0.633858 0.000000,
        0.147638 0.791339 0.000000,
        0.049213 0.791339 0.000000,
        0.049213 0.633858 0.000000,
        -0.049213 0.791339 0.059055,
        -0.147638 0.791339 0.059055,
        -0.049213 0.633858 0.000000,
        -0.049213 0.791339 0.000000,
        -0.147638 0.791339 0.000000,
        -0.147638 0.633858 0.000000,
        -0.246063 0.791339 0.059055,
        -0.344488 0.791339 0.059055,
        -0.246063 0.633858 0.000000,
        -0.246063 0.791339 0.000000,
        -0.344488 0.791339 0.000000,
        -0.344488 0.633858 0.000000,
        -0.442913 0.791339 0.059055,
        -0.541339 0.791339 0.059055,
        -0.442913 0.633858 0.000000,
        -0.442913 0.791339 0.000000,
        -0.541339 0.791339 0.000000,
        -0.541339 0.633858 0.000000,
        0.791339 -0.541339 0.059055,
        0.791339 -0.442913 0.059055,
        0.633858 -0.541339 0.000000,
        0.791339 -0.541339 0.000000,
        0.791339 -0.442913 0.000000,
        0.633858 -0.442913 0.000000,
        0.791339 -0.344488 0.059055,
        0.791339 -0.246063 0.059055,
        0.633858 -0.344488 0.000000,
        0.791339 -0.344488 0.000000,
        0.791339 -0.246063 0.000000,
        0.633858 -0.246063 0.000000,
        0.791339 -0.147638 0.059055,
        0.791339 -0.049213 0.059055,
        0.633858 -0.147638 0.000000,
        0.791339 -0.147638 0.000000,
        0.791339 -0.049213 0.000000,
        0.633858 -0.049213 0.000000,
        0.791339 0.049213 0.059055,
        0.791339 0.147638 0.059055,
        0.633858 0.049213 0.000000,
        0.791339 0.049213 0.000000,
        0.791339 0.147638 0.000000,
        0.633858 0.147638 0.000000,
        0.791339 0.246063 0.059055,
        0.791339 0.344488 0.059055,
        0.633858 0.246063 0.000000,
        0.791339 0.246063 0.000000,
        0.791339 0.344488 0.000000,
        0.633858 0.344488 0.000000,
        0.791339 0.442913 0.059055,
        0.791339 0.541339 0.059055,
        0.633858 0.442913 0.000000,
        0.791339 0.442913 0.000000,
        0.791339 0.541339 0.000000,
        0.633858 0.541339 0.000000,
      ]
    }
    coordIndex [
      109, 108, 115, -1,
      115, 108, 110, -1,
      115, 110, 114, -1,
      114, 110, 111, -1,
      114, 111, 113, -1,
      113, 111, 112, -1,
      116, 118, 117, -1,
      117, 118, 119, -1,
      117, 119, 120, -1,
      126, 127, 117, -1,
      117, 127, 128, -1,
      117, 128, 132, -1,
      120, 121, 117, -1,
      117, 121, 122, -1,
      117, 122, 123, -1,
      123, 124, 117, -1,
      117, 124, 125, -1,
      117, 125, 126, -1,
      129, 130, 128, -1,
      128, 130, 131, -1,
      128, 131, 132, -1,
      99, 133, 100, -1,
      100, 133, 134, -1,
      68, 135, 67, -1,
      67, 135, 136, -1,
      67, 136, 99, -1,
      99, 136, 133, -1,
      134, 133, 137, -1,
      137, 133, 136, -1,
      100, 134, 70, -1,
      70, 134, 137, -1,
      70, 137, 69, -1,
      69, 137, 138, -1,
      138, 135, 69, -1,
      69, 135, 68, -1,
      138, 137, 135, -1,
      135, 137, 136, -1,
      106, 139, 103, -1,
      103, 139, 140, -1,
      63, 141, 71, -1,
      71, 141, 142, -1,
      71, 142, 106, -1,
      106, 142, 139, -1,
      140, 139, 143, -1,
      143, 139, 142, -1,
      103, 140, 61, -1,
      61, 140, 143, -1,
      61, 143, 62, -1,
      62, 143, 144, -1,
      144, 141, 62, -1,
      62, 141, 63, -1,
      144, 143, 141, -1,
      141, 143, 142, -1,
      101, 145, 102, -1,
      102, 145, 146, -1,
      59, 147, 60, -1,
      60, 147, 148, -1,
      60, 148, 101, -1,
      101, 148, 145, -1,
      146, 145, 149, -1,
      149, 145, 148, -1,
      102, 146, 65, -1,
      65, 146, 149, -1,
      65, 149, 64, -1,
      64, 149, 150, -1,
      150, 147, 64, -1,
      64, 147, 59, -1,
      150, 149, 147, -1,
      147, 149, 148, -1,
      107, 151, 98, -1,
      98, 151, 152, -1,
      58, 153, 66, -1,
      66, 153, 154, -1,
      66, 154, 107, -1,
      107, 154, 151, -1,
      152, 151, 155, -1,
      155, 151, 154, -1,
      98, 152, 52, -1,
      52, 152, 155, -1,
      52, 155, 54, -1,
      54, 155, 156, -1,
      156, 153, 54, -1,
      54, 153, 58, -1,
      156, 155, 153, -1,
      153, 155, 154, -1,
      96, 157, 97, -1,
      97, 157, 158, -1,
      53, 159, 51, -1,
      51, 159, 160, -1,
      51, 160, 96, -1,
      96, 160, 157, -1,
      158, 157, 161, -1,
      161, 157, 160, -1,
      97, 158, 56, -1,
      56, 158, 161, -1,
      56, 161, 57, -1,
      57, 161, 162, -1,
      162, 159, 57, -1,
      57, 159, 53, -1,
      162, 161, 159, -1,
      159, 161, 160, -1,
      105, 163, 104, -1,
      104, 163, 164, -1,
      50, 165, 55, -1,
      55, 165, 166, -1,
      55, 166, 105, -1,
      105, 166, 163, -1,
      164, 163, 167, -1,
      167, 163, 166, -1,
      104, 164, 49, -1,
      49, 164, 167, -1,
      49, 167, 48, -1,
      48, 167, 168, -1,
      168, 165, 48, -1,
      48, 165, 50, -1,
      168, 167, 165, -1,
      165, 167, 166, -1,
      87, 169, 88, -1,
      88, 169, 170, -1,
      44, 171, 7, -1,
      7, 171, 172, -1,
      7, 172, 87, -1,
      87, 172, 169, -1,
      170, 169, 173, -1,
      173, 169, 172, -1,
      88, 170, 40, -1,
      40, 170, 173, -1,
      40, 173, 42, -1,
      42, 173, 174, -1,
      174, 171, 42, -1,
      42, 171, 44, -1,
      174, 173, 171, -1,
      171, 173, 172, -1,
      94, 175, 91, -1,
      91, 175, 176, -1,
      41, 177, 39, -1,
      39, 177, 178, -1,
      39, 178, 94, -1,
      94, 178, 175, -1,
      176, 175, 179, -1,
      179, 175, 178, -1,
      91, 176, 34, -1,
      34, 176, 179, -1,
      34, 179, 35, -1,
      35, 179, 180, -1,
      180, 177, 35, -1,
      35, 177, 41, -1,
      180, 179, 177, -1,
      177, 179, 178, -1,
      92, 181, 93, -1,
      93, 181, 182, -1,
      32, 183, 33, -1,
      33, 183, 184, -1,
      33, 184, 92, -1,
      92, 184, 181, -1,
      182, 181, 185, -1,
      185, 181, 184, -1,
      93, 182, 37, -1,
      37, 182, 185, -1,
      37, 185, 36, -1,
      36, 185, 186, -1,
      186, 183, 36, -1,
      36, 183, 32, -1,
      186, 185, 183, -1,
      183, 185, 184, -1,
      95, 187, 86, -1,
      86, 187, 188, -1,
      23, 189, 38, -1,
      38, 189, 190, -1,
      38, 190, 95, -1,
      95, 190, 187, -1,
      188, 187, 191, -1,
      191, 187, 190, -1,
      86, 188, 17, -1,
      17, 188, 191, -1,
      17, 191, 22, -1,
      22, 191, 192, -1,
      192, 189, 22, -1,
      22, 189, 23, -1,
      192, 191, 189, -1,
      189, 191, 190, -1,
      84, 193, 85, -1,
      85, 193, 194, -1,
      15, 195, 16, -1,
      16, 195, 196, -1,
      16, 196, 84, -1,
      84, 196, 193, -1,
      194, 193, 197, -1,
      197, 193, 196, -1,
      85, 194, 25, -1,
      25, 194, 197, -1,
      25, 197, 24, -1,
      24, 197, 198, -1,
      198, 195, 24, -1,
      24, 195, 15, -1,
      198, 197, 195, -1,
      195, 197, 196, -1,
      90, 199, 89, -1,
      89, 199, 200, -1,
      10, 201, 26, -1,
      26, 201, 202, -1,
      26, 202, 90, -1,
      90, 202, 199, -1,
      200, 199, 203, -1,
      203, 199, 202, -1,
      89, 200, 8, -1,
      8, 200, 203, -1,
      8, 203, 9, -1,
      9, 203, 204, -1,
      204, 201, 9, -1,
      9, 201, 10, -1,
      204, 203, 201, -1,
      201, 203, 202, -1,
      80, 205, 81, -1,
      81, 205, 206, -1,
      30, 207, 31, -1,
      31, 207, 208, -1,
      31, 208, 80, -1,
      80, 208, 205, -1,
      206, 205, 209, -1,
      209, 205, 208, -1,
      81, 206, 28, -1,
      28, 206, 209, -1,
      28, 209, 29, -1,
      29, 209, 210, -1,
      210, 207, 29, -1,
      29, 207, 30, -1,
      210, 209, 207, -1,
      207, 209, 208, -1,
      82, 211, 77, -1,
      77, 211, 212, -1,
      21, 213, 27, -1,
      27, 213, 214, -1,
      27, 214, 82, -1,
      82, 214, 211, -1,
      212, 211, 215, -1,
      215, 211, 214, -1,
      77, 212, 19, -1,
      19, 212, 215, -1,
      19, 215, 20, -1,
      20, 215, 216, -1,
      216, 213, 20, -1,
      20, 213, 21, -1,
      216, 215, 213, -1,
      213, 215, 214, -1,
      74, 217, 75, -1,
      75, 217, 218, -1,
      14, 219, 18, -1,
      18, 219, 220, -1,
      18, 220, 74, -1,
      74, 220, 217, -1,
      218, 217, 221, -1,
      221, 217, 220, -1,
      75, 218, 12, -1,
      12, 218, 221, -1,
      12, 221, 13, -1,
      13, 221, 222, -1,
      222, 219, 13, -1,
      13, 219, 14, -1,
      222, 221, 219, -1,
      219, 221, 220, -1,
      83, 223, 76, -1,
      76, 223, 224, -1,
      5, 225, 11, -1,
      11, 225, 226, -1,
      11, 226, 83, -1,
      83, 226, 223, -1,
      224, 223, 227, -1,
      227, 223, 226, -1,
      76, 224, 4, -1,
      4, 224, 227, -1,
      4, 227, 6, -1,
      6, 227, 228, -1,
      228, 225, 6, -1,
      6, 225, 5, -1,
      228, 227, 225, -1,
      225, 227, 226, -1,
      72, 229, 73, -1,
      73, 229, 230, -1,
      2, 231, 3, -1,
      3, 231, 232, -1,
      3, 232, 72, -1,
      72, 232, 229, -1,
      230, 229, 233, -1,
      233, 229, 232, -1,
      73, 230, 46, -1,
      46, 230, 233, -1,
      46, 233, 47, -1,
      47, 233, 234, -1,
      234, 231, 47, -1,
      47, 231, 2, -1,
      234, 233, 231, -1,
      231, 233, 232, -1,
      79, 235, 78, -1,
      78, 235, 236, -1,
      43, 237, 45, -1,
      45, 237, 238, -1,
      45, 238, 79, -1,
      79, 238, 235, -1,
      236, 235, 239, -1,
      239, 235, 238, -1,
      78, 236, 0, -1,
      0, 236, 239, -1,
      0, 239, 1, -1,
      1, 239, 240, -1,
      240, 237, 1, -1,
      1, 237, 43, -1,
      240, 239, 237, -1,
      237, 239, 238, -1,
    ]
  }
}
