#VRML V2.0 utf8

Shape {
  appearance Appearance {
    material Material {
      diffuseColor 0.7200 0.8400 1.0000
      specularColor 0.8784 0.8784 0.8784
      ambientIntensity 0.2
      transparency 0.0000
      shininess 0.5
    }
  }
  geometry IndexedFaceSet {
    ccw TRUE
    solid FALSE
    coord DEF co Coordinate {
      point [
        -0.470472 -0.000000 0.472441,
        -0.467170 0.055644 0.472441,
        0.000000 0.000000 0.472441,
        -0.467170 -0.055644 0.472441,
        -0.418559 -0.214831 0.472441,
        -0.441030 -0.163819 0.472441,
        -0.457310 -0.110507 0.472441,
        -0.317561 -0.347130 0.472441,
        -0.356388 -0.307135 0.472441,
        -0.390213 -0.262828 0.472441,
        -0.176817 -0.435982 0.472441,
        -0.227141 -0.412009 0.472441,
        -0.274276 -0.382253 0.472441,
        -0.013942 -0.470266 0.472441,
        -0.069464 -0.465316 0.472441,
        -0.124011 -0.453835 0.472441,
        0.150678 -0.445691 0.472441,
        0.096907 -0.460384 0.472441,
        0.041776 -0.468614 0.472441,
        0.296439 -0.365333 0.472441,
        0.251149 -0.397830 0.472441,
        0.202334 -0.424741 0.472441,
        0.405097 -0.239250 0.472441,
        0.373957 -0.285483 0.472441,
        0.337567 -0.327708 0.472441,
        0.463054 -0.083222 0.472441,
        0.449960 -0.137405 0.472441,
        0.430551 -0.189659 0.472441,
        0.463054 0.083222 0.472441,
        0.469646 0.027871 0.472441,
        0.469646 -0.027871 0.472441,
        0.405097 0.239250 0.472441,
        0.430551 0.189659 0.472441,
        0.449960 0.137405 0.472441,
        0.296439 0.365333 0.472441,
        0.337567 0.327708 0.472441,
        0.373957 0.285483 0.472441,
        0.150678 0.445691 0.472441,
        0.202334 0.424741 0.472441,
        0.251149 0.397830 0.472441,
        -0.013942 0.470266 0.472441,
        0.041776 0.468614 0.472441,
        0.096907 0.460384 0.472441,
        -0.176817 0.435982 0.472441,
        -0.124011 0.453835 0.472441,
        -0.069464 0.465316 0.472441,
        -0.317561 0.347130 0.472441,
        -0.274276 0.382253 0.472441,
        -0.227141 0.412009 0.472441,
        -0.418559 0.214831 0.472441,
        -0.390213 0.262828 0.472441,
        -0.356388 0.307135 0.472441,
        -0.457310 0.110507 0.472441,
        -0.441030 0.163819 0.472441,
        -0.468778 -0.039899 0.767717,
        -0.463705 -0.079510 0.767717,
        -0.466768 -0.055593 0.767717,
        -0.440789 -0.163722 0.767717,
        -0.443598 -0.156733 0.767717,
        -0.455292 -0.118549 0.767717,
        -0.457037 -0.110449 0.767717,
        -0.428708 -0.193788 0.767717,
        -0.418192 -0.214646 0.767717,
        -0.410729 -0.229447 0.767717,
        -0.390186 -0.262811 0.767717,
        -0.389791 -0.263453 0.767717,
        -0.366044 -0.295560 0.767717,
        -0.339661 -0.325538 0.767717,
        -0.356089 -0.306872 0.767717,
        -0.274142 -0.382055 0.767717,
        -0.279759 -0.378259 0.767717,
        -0.310829 -0.353170 0.767717,
        -0.317356 -0.346916 0.767717,
        -0.246672 -0.400621 0.767717,
        -0.226937 -0.411646 0.767717,
        -0.211808 -0.420097 0.767717,
        -0.176791 -0.435926 0.767717,
        -0.175419 -0.436546 0.767717,
        -0.137765 -0.449850 0.767717,
        -0.099119 -0.459913 0.767717,
        -0.123912 -0.453457 0.767717,
        -0.013942 -0.470048 0.767717,
        -0.019967 -0.470048 0.767717,
        -0.059758 -0.466662 0.767717,
        -0.069411 -0.465007 0.767717,
        0.019967 -0.470048 0.767717,
        0.041741 -0.468195 0.767717,
        0.059758 -0.466662 0.767717,
        0.096892 -0.460294 0.767717,
        0.099119 -0.459913 0.767717,
        0.137765 -0.449850 0.767717,
        0.175419 -0.436546 0.767717,
        0.150552 -0.445332 0.767717,
        0.251041 -0.397669 0.767717,
        0.246672 -0.400621 0.767717,
        0.211808 -0.420097 0.767717,
        0.202198 -0.424441 0.767717,
        0.279759 -0.378259 0.767717,
        0.296174 -0.365004 0.767717,
        0.310829 -0.353170 0.767717,
        0.337485 -0.327623 0.767717,
        0.339661 -0.325538 0.767717,
        0.366044 -0.295560 0.767717,
        0.389791 -0.263453 0.767717,
        0.373660 -0.285263 0.767717,
        0.430393 -0.189595 0.767717,
        0.428708 -0.193788 0.767717,
        0.410729 -0.229447 0.767717,
        0.404804 -0.239069 0.767717,
        0.443598 -0.156733 0.767717,
        0.449555 -0.137281 0.767717,
        0.455292 -0.118549 0.767717,
        0.462912 -0.083191 0.767717,
        0.463705 -0.079510 0.767717,
        0.468778 -0.039899 0.767717,
        0.470472 -0.000000 0.767717,
        0.469289 -0.027856 0.767717,
        0.462912 0.083191 0.767717,
        0.463705 0.079510 0.767717,
        0.468778 0.039899 0.767717,
        0.469289 0.027856 0.767717,
        0.455292 0.118549 0.767717,
        0.449555 0.137281 0.767717,
        0.443598 0.156733 0.767717,
        0.430393 0.189595 0.767717,
        0.428708 0.193788 0.767717,
        0.410729 0.229447 0.767717,
        0.389791 0.263453 0.767717,
        0.404804 0.239069 0.767717,
        0.337485 0.327623 0.767717,
        0.339661 0.325538 0.767717,
        0.366044 0.295560 0.767717,
        0.373660 0.285263 0.767717,
        0.310829 0.353170 0.767717,
        0.296174 0.365004 0.767717,
        0.279759 0.378259 0.767717,
        0.251041 0.397669 0.767717,
        0.246672 0.400621 0.767717,
        0.211808 0.420097 0.767717,
        0.175419 0.436546 0.767717,
        0.202198 0.424441 0.767717,
        0.096892 0.460294 0.767717,
        0.099119 0.459913 0.767717,
        0.137765 0.449850 0.767717,
        0.150552 0.445332 0.767717,
        0.059758 0.466662 0.767717,
        0.041741 0.468195 0.767717,
        0.019967 0.470048 0.767717,
        -0.013942 0.470048 0.767717,
        -0.019967 0.470048 0.767717,
        -0.059758 0.466662 0.767717,
        -0.099119 0.459913 0.767717,
        -0.069411 0.465007 0.767717,
        -0.176791 0.435926 0.767717,
        -0.175419 0.436546 0.767717,
        -0.137765 0.449850 0.767717,
        -0.123912 0.453457 0.767717,
        -0.211808 0.420097 0.767717,
        -0.226937 0.411646 0.767717,
        -0.246672 0.400621 0.767717,
        -0.274142 0.382055 0.767717,
        -0.279759 0.378259 0.767717,
        -0.310829 0.353170 0.767717,
        -0.339661 0.325538 0.767717,
        -0.317356 0.346916 0.767717,
        -0.389791 0.263453 0.767717,
        -0.366044 0.295560 0.767717,
        -0.356089 0.306872 0.767717,
        -0.390186 0.262811 0.767717,
        -0.410729 0.229447 0.767717,
        -0.418192 0.214646 0.767717,
        -0.428708 0.193788 0.767717,
        -0.440789 0.163722 0.767717,
        -0.443598 0.156733 0.767717,
        -0.455292 0.118549 0.767717,
        -0.463705 0.079510 0.767717,
        -0.457037 0.110449 0.767717,
        -0.470472 0.000000 0.767717,
        -0.468778 0.039899 0.767717,
        -0.466768 0.055593 0.767717,
        -0.435375 0.074653 0.754450,
        -0.427476 0.111306 0.754450,
        -0.402516 0.181949 0.754450,
        -0.385636 0.215429 0.754450,
        -0.365977 0.247357 0.754450,
        -0.318909 0.305650 0.754450,
        -0.291839 0.331594 0.754450,
        0.427476 0.111306 0.754450,
        0.435375 0.074653 0.754450,
        0.343681 -0.277503 0.754450,
        0.291839 -0.331594 0.754450,
        -0.198868 -0.394431 0.754450,
        -0.231602 -0.376145 0.754450,
        -0.262667 -0.355149 0.754450,
        -0.318909 -0.305650 0.754450,
        -0.343681 -0.277503 0.754450,
        -0.385636 -0.215429 0.754450,
        -0.402516 -0.181949 0.754450,
        -0.416496 -0.147157 0.754450,
        -0.435375 -0.074653 0.754450,
        -0.440138 -0.037461 0.754450,
        -0.122492 0.043279 0.707205,
        -0.045272 0.011788 0.708426,
        -0.044110 0.015585 0.708426,
        0.000000 0.000000 0.709348,
        -0.027370 0.126997 0.707205,
        -0.013699 0.044731 0.708426,
        -0.009856 0.045732 0.708426,
        0.101077 0.081614 0.707205,
        0.033775 0.032370 0.708426,
        0.036398 0.029389 0.708426,
        0.125721 -0.032735 0.707205,
        0.046109 -0.007906 0.708426,
        0.045272 -0.011788 0.708426,
        0.172047 -0.060788 0.707778,
        0.122492 -0.043279 0.707205,
        0.044110 -0.015585 0.708426,
        0.151178 0.102179 0.707778,
        0.107634 0.072748 0.707205,
        0.038759 0.026197 0.708426,
        -0.023177 0.180993 0.707778,
        -0.016501 0.128861 0.707205,
        -0.005942 0.046403 0.708426,
        -0.166272 0.075160 0.707778,
        -0.118380 0.053511 0.707205,
        -0.042629 0.019270 0.708426,
        0.208865 -0.094413 0.709838,
        0.166272 -0.075160 0.707778,
        0.118380 -0.053511 0.707205,
        0.042629 -0.019270 0.708426,
        0.200106 0.111786 0.709838,
        0.159299 0.088990 0.707778,
        0.113416 0.063358 0.707205,
        0.040841 0.022815 0.708426,
        -0.009728 0.229006 0.709838,
        -0.007744 0.182306 0.707778,
        -0.005514 0.129796 0.707205,
        -0.001985 0.046740 0.708426,
        -0.200106 0.111786 0.709838,
        -0.159299 0.088990 0.707778,
        -0.113416 0.063358 0.707205,
        -0.040841 0.022815 0.708426,
        0.237161 -0.132486 0.713430,
        0.200106 -0.111786 0.709838,
        0.159299 -0.088990 0.707778,
        0.113416 -0.063358 0.707205,
        0.040841 -0.022815 0.708426,
        0.247542 0.111896 0.713430,
        0.208865 0.094413 0.709838,
        0.166272 0.075160 0.707778,
        0.118380 0.053511 0.707205,
        0.042629 0.019270 0.708426,
        0.011530 0.271413 0.713430,
        0.009728 0.229006 0.709838,
        0.007744 0.182306 0.707778,
        0.005514 0.129796 0.707205,
        0.001985 0.046740 0.708426,
        -0.225071 0.152121 0.713430,
        -0.189905 0.128354 0.709838,
        -0.151178 0.102179 0.707778,
        -0.107634 0.072748 0.707205,
        -0.038759 0.026197 0.708426,
        0.257397 -0.173970 0.718560,
        0.225071 -0.152121 0.713430,
        0.189905 -0.128354 0.709838,
        0.151178 -0.102179 0.707778,
        0.107634 -0.072748 0.707205,
        0.038759 -0.026197 0.708426,
        0.292929 0.103498 0.718560,
        0.256140 0.090500 0.713430,
        0.216120 0.076360 0.709838,
        0.172047 0.060788 0.707778,
        0.122492 0.043279 0.707205,
        0.044110 0.015585 0.708426,
        0.039461 0.308159 0.718560,
        0.034506 0.269457 0.713430,
        0.029114 0.227356 0.709838,
        0.023177 0.180993 0.707778,
        0.016501 0.128861 0.707205,
        0.005942 0.046403 0.708426,
        -0.241717 0.195172 0.718560,
        -0.211359 0.170661 0.713430,
        -0.178336 0.143996 0.709838,
        -0.141969 0.114631 0.707778,
        -0.101077 0.081614 0.707205,
        -0.036398 0.029389 0.708426,
        0.269849 -0.217888 0.725228,
        0.241717 -0.195172 0.718560,
        0.211359 -0.170661 0.713430,
        0.178336 -0.143996 0.709838,
        0.141969 -0.114631 0.707778,
        0.101077 -0.081614 0.707205,
        0.036398 -0.029389 0.708426,
        0.335643 0.087394 0.725228,
        0.300651 0.078283 0.718560,
        0.262892 0.068452 0.713430,
        0.221817 0.057757 0.709838,
        0.176583 0.045978 0.707778,
        0.125721 0.032735 0.707205,
        0.045272 0.011788 0.708426,
        0.073071 0.339050 0.725228,
        0.065453 0.303702 0.718560,
        0.057233 0.265560 0.713430,
        0.048291 0.224069 0.709838,
        0.038443 0.178375 0.707778,
        0.027370 0.126997 0.707205,
        0.009856 0.045732 0.708426,
        -0.250399 0.239988 0.725228,
        -0.224294 0.214968 0.718560,
        -0.196125 0.187970 0.713430,
        -0.165482 0.158601 0.709838,
        -0.131735 0.126258 0.707778,
        -0.093791 0.089892 0.707205,
        -0.033775 0.032370 0.708426,
        0.274732 -0.263309 0.733430,
        0.250399 -0.239988 0.725228,
        0.224294 -0.214968 0.718560,
        0.196125 -0.187970 0.713430,
        0.165482 -0.158601 0.709838,
        0.131735 -0.126258 0.707778,
        0.093791 -0.089892 0.707205,
        0.033775 -0.032370 0.708426,
        0.375065 0.064311 0.733430,
        0.341845 0.058615 0.725228,
        0.306206 0.052504 0.718560,
        0.267750 0.045910 0.713430,
        0.225916 0.038737 0.709838,
        0.179846 0.030838 0.707778,
        0.128044 0.021956 0.707205,
        0.046109 0.007906 0.708426,
        0.111430 0.363859 0.733430,
        0.101561 0.331631 0.725228,
        0.090973 0.297057 0.718560,
        0.079548 0.259750 0.713430,
        0.067119 0.219166 0.709838,
        0.053431 0.174472 0.707778,
        0.038041 0.124219 0.707205,
        0.013699 0.044731 0.708426,
        -0.251413 0.285660 0.733430,
        -0.229144 0.260359 0.725228,
        -0.205255 0.233215 0.718560,
        -0.179477 0.203926 0.713430,
        -0.151435 0.172064 0.709838,
        -0.120554 0.136976 0.707778,
        -0.085830 0.097522 0.707205,
        -0.030908 0.035118 0.708426,
        0.272262 -0.309350 0.743169,
        0.251413 -0.285660 0.733430,
        0.229144 -0.260359 0.725228,
        0.205255 -0.233215 0.718560,
        0.179477 -0.203926 0.713430,
        0.151435 -0.172064 0.709838,
        0.120554 -0.136976 0.707778,
        0.085830 -0.097522 0.707205,
        0.030908 -0.035118 0.708426,
        0.410613 0.034948 0.743169,
        0.379168 0.032272 0.733430,
        0.345585 0.029414 0.725228,
        0.309556 0.026347 0.718560,
        0.270679 0.023038 0.713430,
        0.228387 0.019439 0.709838,
        0.181813 0.015474 0.707778,
        0.129445 0.011017 0.707205,
        0.046614 0.003967 0.708426,
        0.153653 0.382380 0.743169,
        0.141886 0.353098 0.733430,
        0.129319 0.321824 0.725228,
        0.115837 0.288272 0.718560,
        0.101289 0.252068 0.713430,
        0.085463 0.212684 0.709838,
        0.068035 0.169312 0.707778,
        0.048439 0.120545 0.707205,
        0.017443 0.043409 0.708426,
        -0.245046 0.331325 0.743169,
        -0.226281 0.305952 0.733430,
        -0.206239 0.278854 0.725228,
        -0.184738 0.249782 0.718560,
        -0.161537 0.218412 0.713430,
        -0.136298 0.184287 0.709838,
        -0.108503 0.146706 0.707778,
        -0.077250 0.104450 0.707205,
        -0.027818 0.037613 0.708426,
        0.262667 -0.355149 0.754450,
        0.245046 -0.331325 0.743169,
        0.226281 -0.305952 0.733430,
        0.206239 -0.278854 0.725228,
        0.184738 -0.249782 0.718560,
        0.161537 -0.218412 0.713430,
        0.136298 -0.184287 0.709838,
        0.108503 -0.146706 0.707778,
        0.077250 -0.104450 0.707205,
        0.027818 -0.037613 0.708426,
        0.359767 -0.200978 0.743169,
        0.375515 -0.169743 0.743169,
        0.346758 -0.156744 0.733430,
        0.441729 -0.000000 0.754450,
        0.412097 -0.000000 0.743169,
        0.380539 -0.000000 0.733430,
        0.346834 -0.000000 0.725228,
        0.310675 -0.000000 0.718560,
        0.271657 -0.000000 0.713430,
        0.229213 -0.000000 0.709838,
        0.182470 -0.000000 0.707778,
        0.129913 -0.000000 0.707205,
        0.046782 -0.000000 0.708426,
        0.375515 0.169743 0.743169,
        0.359767 0.200978 0.743169,
        0.332216 0.185587 0.733430,
        0.198868 0.394431 0.754450,
        0.185528 0.367972 0.743169,
        0.171320 0.339793 0.733430,
        0.156146 0.309697 0.725228,
        0.139867 0.277410 0.718560,
        0.122301 0.242570 0.713430,
        0.103193 0.204670 0.709838,
        0.082149 0.162933 0.707778,
        0.058487 0.116003 0.707205,
        0.021061 0.041773 0.708426,
        0.120671 0.394033 0.743169,
        0.086820 0.402848 0.743169,
        0.080172 0.371998 0.733430,
        -0.231602 0.376145 0.754450,
        -0.216065 0.350913 0.743169,
        -0.199519 0.324040 0.733430,
        -0.181848 0.295339 0.725228,
        -0.162889 0.264549 0.718560,
        -0.142432 0.231324 0.713430,
        -0.120178 0.195181 0.709838,
        -0.095670 0.155379 0.707778,
        -0.068114 0.110625 0.707205,
        -0.024528 0.039836 0.708426,
        -0.129348 -0.422367 0.754450,
        -0.093063 -0.431815 0.754450,
        -0.086820 -0.402848 0.743169,
        0.013185 -0.310395 0.718560,
        -0.014720 -0.346522 0.725228,
        0.014720 -0.346522 0.725228,
        -0.016150 -0.380196 0.733430,
        0.016150 -0.380196 0.733430,
        -0.017490 -0.411726 0.743169,
        0.017490 -0.411726 0.743169,
        -0.018748 -0.441331 0.754450,
        0.018748 -0.441331 0.754450,
        0.048291 -0.224069 0.709838,
        0.034506 -0.269457 0.713430,
        0.057233 -0.265560 0.713430,
        0.039461 -0.308159 0.718560,
        0.065453 -0.303702 0.718560,
        0.044054 -0.344025 0.725228,
        0.073071 -0.339050 0.725228,
        0.048335 -0.377457 0.733430,
        0.080172 -0.371998 0.733430,
        0.052344 -0.408759 0.743169,
        0.086820 -0.402848 0.743169,
        0.056107 -0.438152 0.754450,
        0.093063 -0.431815 0.754450,
        0.053431 -0.174472 0.707778,
        0.067119 -0.219166 0.709838,
        0.079548 -0.259750 0.713430,
        0.090973 -0.297057 0.718560,
        0.101561 -0.331631 0.725228,
        0.111430 -0.363859 0.733430,
        0.120671 -0.394033 0.743169,
        0.129348 -0.422367 0.754450,
        0.021061 -0.041773 0.708426,
        0.048439 -0.120545 0.707205,
        0.058487 -0.116003 0.707205,
        0.068035 -0.169312 0.707778,
        0.082149 -0.162933 0.707778,
        0.085463 -0.212684 0.709838,
        0.103193 -0.204670 0.709838,
        0.101289 -0.252068 0.713430,
        0.122301 -0.242570 0.713430,
        0.115837 -0.288272 0.718560,
        0.139867 -0.277410 0.718560,
        0.129319 -0.321824 0.725228,
        0.156146 -0.309697 0.725228,
        0.141886 -0.353098 0.733430,
        0.171320 -0.339793 0.733430,
        0.153653 -0.382380 0.743169,
        0.185528 -0.367972 0.743169,
        0.164702 -0.409876 0.754450,
        0.198868 -0.394431 0.754450,
        0.024528 -0.039836 0.708426,
        0.068114 -0.110625 0.707205,
        0.095670 -0.155379 0.707778,
        0.120178 -0.195181 0.709838,
        0.142432 -0.231324 0.713430,
        0.162889 -0.264549 0.718560,
        0.181848 -0.295339 0.725228,
        0.199519 -0.324040 0.733430,
        0.216065 -0.350913 0.743169,
        0.231602 -0.376145 0.754450,
        0.402516 -0.181949 0.754450,
        0.385636 -0.215429 0.754450,
        0.365977 -0.247357 0.754450,
        0.128044 -0.021956 0.707205,
        0.176583 -0.045978 0.707778,
        0.179846 -0.030838 0.707778,
        0.221817 -0.057757 0.709838,
        0.225916 -0.038737 0.709838,
        0.262892 -0.068452 0.713430,
        0.267750 -0.045910 0.713430,
        0.300651 -0.078283 0.718560,
        0.306206 -0.052504 0.718560,
        0.335643 -0.087394 0.725228,
        0.341845 -0.058615 0.725228,
        0.368260 -0.095887 0.733430,
        0.375065 -0.064311 0.733430,
        0.398800 -0.103839 0.743169,
        0.406169 -0.069645 0.743169,
        0.427476 -0.111306 0.754450,
        0.435375 -0.074653 0.754450,
        0.046614 -0.003967 0.708426,
        0.129445 -0.011017 0.707205,
        0.181813 -0.015474 0.707778,
        0.228387 -0.019439 0.709838,
        0.270679 -0.023038 0.713430,
        0.309556 -0.026347 0.718560,
        0.345585 -0.029414 0.725228,
        0.379168 -0.032272 0.733430,
        0.410613 -0.034948 0.743169,
        0.440138 -0.037461 0.754450,
        0.385636 0.215429 0.754450,
        0.402516 0.181949 0.754450,
        0.416496 0.147157 0.754450,
        0.178336 0.143996 0.709838,
        0.225071 0.152121 0.713430,
        0.211359 0.170661 0.713430,
        0.257397 0.173970 0.718560,
        0.241717 0.195172 0.718560,
        0.287356 0.194219 0.725228,
        0.269849 0.217888 0.725228,
        0.315280 0.213092 0.733430,
        0.296073 0.239062 0.733430,
        0.341426 0.230764 0.743169,
        0.320626 0.258887 0.743169,
        0.365977 0.247357 0.754450,
        0.343681 0.277503 0.754450,
        0.131735 0.126258 0.707778,
        0.165482 0.158601 0.709838,
        0.196125 0.187970 0.713430,
        0.224294 0.214968 0.718560,
        0.250399 0.239988 0.725228,
        0.274732 0.263309 0.733430,
        0.297516 0.285146 0.743169,
        0.318909 0.305650 0.754450,
        0.027818 0.037613 0.708426,
        0.085830 0.097522 0.707205,
        0.077250 0.104450 0.707205,
        0.120554 0.136976 0.707778,
        0.108503 0.146706 0.707778,
        0.151435 0.172064 0.709838,
        0.136298 0.184287 0.709838,
        0.179477 0.203926 0.713430,
        0.161537 0.218412 0.713430,
        0.205255 0.233215 0.718560,
        0.184738 0.249782 0.718560,
        0.229144 0.260359 0.725228,
        0.206239 0.278854 0.725228,
        0.251413 0.285660 0.733430,
        0.226281 0.305952 0.733430,
        0.272262 0.309350 0.743169,
        0.245046 0.331325 0.743169,
        0.291839 0.331594 0.754450,
        0.262667 0.355149 0.754450,
        0.093063 0.431815 0.754450,
        0.129348 0.422367 0.754450,
        0.164702 0.409876 0.754450,
        0.013185 0.310395 0.718560,
        0.044054 0.344025 0.725228,
        0.014720 0.346522 0.725228,
        0.048335 0.377457 0.733430,
        0.016150 0.380196 0.733430,
        0.052344 0.408759 0.743169,
        0.017490 0.411726 0.743169,
        0.056107 0.438152 0.754450,
        0.018748 0.441331 0.754450,
        -0.038443 0.178375 0.707778,
        -0.029114 0.227356 0.709838,
        -0.048291 0.224069 0.709838,
        -0.034506 0.269457 0.713430,
        -0.057233 0.265560 0.713430,
        -0.039461 0.308159 0.718560,
        -0.065453 0.303702 0.718560,
        -0.044054 0.344025 0.725228,
        -0.073071 0.339050 0.725228,
        -0.048335 0.377457 0.733430,
        -0.080172 0.371998 0.733430,
        -0.052344 0.408759 0.743169,
        -0.086820 0.402848 0.743169,
        -0.056107 0.438152 0.754450,
        -0.093063 0.431815 0.754450,
        -0.017443 0.043409 0.708426,
        -0.021061 0.041773 0.708426,
        -0.048439 0.120545 0.707205,
        -0.058487 0.116003 0.707205,
        -0.068035 0.169312 0.707778,
        -0.082149 0.162933 0.707778,
        -0.085463 0.212684 0.709838,
        -0.103193 0.204670 0.709838,
        -0.101289 0.252068 0.713430,
        -0.122301 0.242570 0.713430,
        -0.115837 0.288272 0.718560,
        -0.139867 0.277410 0.718560,
        -0.129319 0.321824 0.725228,
        -0.156146 0.309697 0.725228,
        -0.141886 0.353098 0.733430,
        -0.171320 0.339793 0.733430,
        -0.153653 0.382380 0.743169,
        -0.185528 0.367972 0.743169,
        -0.164702 0.409876 0.754450,
        -0.198868 0.394431 0.754450,
        -0.441729 0.000000 0.754450,
        -0.410613 -0.034948 0.743169,
        -0.406169 -0.069645 0.743169,
        -0.375065 -0.064311 0.733430,
        -0.368260 -0.095887 0.733430,
        -0.335643 -0.087394 0.725228,
        -0.327022 -0.115544 0.725228,
        -0.292929 -0.103498 0.718560,
        -0.283096 -0.127967 0.718560,
        -0.247542 -0.111896 0.713430,
        -0.237161 -0.132486 0.713430,
        -0.200106 -0.111786 0.709838,
        -0.189905 -0.128354 0.709838,
        -0.151178 -0.102179 0.707778,
        -0.141969 -0.114631 0.707778,
        -0.101077 -0.081614 0.707205,
        -0.093791 -0.089892 0.707205,
        -0.033775 -0.032370 0.708426,
        -0.030908 -0.035118 0.708426,
        -0.398800 -0.103839 0.743169,
        -0.358802 -0.126773 0.733430,
        -0.316045 -0.142861 0.725228,
        -0.271224 -0.151515 0.718560,
        -0.225071 -0.152121 0.713430,
        -0.178336 -0.143996 0.709838,
        -0.131735 -0.126258 0.707778,
        -0.085830 -0.097522 0.707205,
        -0.027818 -0.037613 0.708426,
        -0.427476 -0.111306 0.754450,
        -0.388557 -0.137286 0.743169,
        -0.375515 -0.169743 0.743169,
        -0.346758 -0.156744 0.733430,
        -0.332216 -0.185587 0.733430,
        -0.302791 -0.169149 0.725228,
        -0.287356 -0.194219 0.725228,
        -0.257397 -0.173970 0.718560,
        -0.241717 -0.195172 0.718560,
        -0.211359 -0.170661 0.713430,
        -0.196125 -0.187970 0.713430,
        -0.165482 -0.158601 0.709838,
        -0.151435 -0.172064 0.709838,
        -0.120554 -0.136976 0.707778,
        -0.108503 -0.146706 0.707778,
        -0.077250 -0.104450 0.707205,
        -0.068114 -0.110625 0.707205,
        -0.024528 -0.039836 0.708426,
        -0.021061 -0.041773 0.708426,
        -0.359767 -0.200978 0.743169,
        -0.315280 -0.213092 0.733430,
        -0.269849 -0.217888 0.725228,
        -0.224294 -0.214968 0.718560,
        -0.179477 -0.203926 0.713430,
        -0.136298 -0.184287 0.709838,
        -0.095670 -0.155379 0.707778,
        -0.058487 -0.116003 0.707205,
        -0.017443 -0.043409 0.708426,
        -0.341426 -0.230764 0.743169,
        -0.296073 -0.239062 0.733430,
        -0.250399 -0.239988 0.725228,
        -0.205255 -0.233215 0.718560,
        -0.161537 -0.218412 0.713430,
        -0.120178 -0.195181 0.709838,
        -0.082149 -0.162933 0.707778,
        -0.048439 -0.120545 0.707205,
        -0.013699 -0.044731 0.708426,
        -0.365977 -0.247357 0.754450,
        -0.320626 -0.258887 0.743169,
        -0.274732 -0.263309 0.733430,
        -0.229144 -0.260359 0.725228,
        -0.184738 -0.249782 0.718560,
        -0.142432 -0.231324 0.713430,
        -0.103193 -0.204670 0.709838,
        -0.068035 -0.169312 0.707778,
        -0.038041 -0.124219 0.707205,
        -0.009856 -0.045732 0.708426,
        -0.297516 -0.285146 0.743169,
        -0.251413 -0.285660 0.733430,
        -0.206239 -0.278854 0.725228,
        -0.162889 -0.264549 0.718560,
        -0.122301 -0.242570 0.713430,
        -0.085463 -0.212684 0.709838,
        -0.053431 -0.174472 0.707778,
        -0.027370 -0.126997 0.707205,
        -0.005942 -0.046403 0.708426,
        -0.272262 -0.309350 0.743169,
        -0.226281 -0.305952 0.733430,
        -0.181848 -0.295339 0.725228,
        -0.139867 -0.277410 0.718560,
        -0.101289 -0.252068 0.713430,
        -0.067119 -0.219166 0.709838,
        -0.038443 -0.178375 0.707778,
        -0.016501 -0.128861 0.707205,
        -0.001985 -0.046740 0.708426,
        -0.291839 -0.331594 0.754450,
        -0.245046 -0.331325 0.743169,
        -0.199519 -0.324040 0.733430,
        -0.156146 -0.309697 0.725228,
        -0.115837 -0.288272 0.718560,
        -0.079548 -0.259750 0.713430,
        -0.048291 -0.224069 0.709838,
        -0.023177 -0.180993 0.707778,
        -0.005514 -0.129796 0.707205,
        0.001985 -0.046740 0.708426,
        -0.216065 -0.350913 0.743169,
        -0.171320 -0.339793 0.733430,
        -0.129319 -0.321824 0.725228,
        -0.090973 -0.297057 0.718560,
        -0.057233 -0.265560 0.713430,
        -0.029114 -0.227356 0.709838,
        -0.007744 -0.182306 0.707778,
        0.005514 -0.129796 0.707205,
        0.005942 -0.046403 0.708426,
        -0.185528 -0.367972 0.743169,
        -0.141886 -0.353098 0.733430,
        -0.101561 -0.331631 0.725228,
        -0.065453 -0.303702 0.718560,
        -0.034506 -0.269457 0.713430,
        -0.009728 -0.229006 0.709838,
        0.007744 -0.182306 0.707778,
        0.016501 -0.128861 0.707205,
        0.009856 -0.045732 0.708426,
        -0.153653 -0.382380 0.743169,
        -0.111430 -0.363859 0.733430,
        -0.073071 -0.339050 0.725228,
        -0.039461 -0.308159 0.718560,
        -0.011530 -0.271413 0.713430,
        0.009728 -0.229006 0.709838,
        0.023177 -0.180993 0.707778,
        0.027370 -0.126997 0.707205,
        0.013699 -0.044731 0.708426,
        -0.164702 -0.409876 0.754450,
        -0.120671 -0.394033 0.743169,
        -0.080172 -0.371998 0.733430,
        -0.044054 -0.344025 0.725228,
        -0.013185 -0.310395 0.718560,
        0.011530 -0.271413 0.713430,
        0.029114 -0.227356 0.709838,
        0.038443 -0.178375 0.707778,
        0.038041 -0.124219 0.707205,
        0.017443 -0.043409 0.708426,
        -0.048335 -0.377457 0.733430,
        -0.052344 -0.408759 0.743169,
        -0.056107 -0.438152 0.754450,
        0.318909 -0.305650 0.754450,
        0.297516 -0.285146 0.743169,
        0.320626 -0.258887 0.743169,
        0.296073 -0.239062 0.733430,
        0.315280 -0.213092 0.733430,
        0.287356 -0.194219 0.725228,
        0.302791 -0.169149 0.725228,
        0.271224 -0.151515 0.718560,
        0.283096 -0.127967 0.718560,
        0.247542 -0.111896 0.713430,
        0.341426 -0.230764 0.743169,
        0.332216 -0.185587 0.733430,
        0.316045 -0.142861 0.725228,
        0.216120 -0.076360 0.709838,
        0.256140 -0.090500 0.713430,
        0.292929 -0.103498 0.718560,
        0.327022 -0.115544 0.725228,
        0.358802 -0.126773 0.733430,
        0.388557 -0.137286 0.743169,
        0.416496 -0.147157 0.754450,
        0.440138 0.037461 0.754450,
        0.406169 0.069645 0.743169,
        0.368260 0.095887 0.733430,
        0.327022 0.115544 0.725228,
        0.283096 0.127967 0.718560,
        0.237161 0.132486 0.713430,
        0.189905 0.128354 0.709838,
        0.141969 0.114631 0.707778,
        0.093791 0.089892 0.707205,
        0.030908 0.035118 0.708426,
        0.398800 0.103839 0.743169,
        0.388557 0.137286 0.743169,
        0.358802 0.126773 0.733430,
        0.346758 0.156744 0.733430,
        0.316045 0.142861 0.725228,
        0.302791 0.169149 0.725228,
        0.271224 0.151515 0.718560,
        0.024528 0.039836 0.708426,
        0.068114 0.110625 0.707205,
        0.095670 0.155379 0.707778,
        0.120178 0.195181 0.709838,
        0.142432 0.231324 0.713430,
        0.162889 0.264549 0.718560,
        0.181848 0.295339 0.725228,
        0.199519 0.324040 0.733430,
        0.216065 0.350913 0.743169,
        0.231602 0.376145 0.754450,
        -0.011530 0.271413 0.713430,
        -0.013185 0.310395 0.718560,
        -0.014720 0.346522 0.725228,
        -0.016150 0.380196 0.733430,
        -0.017490 0.411726 0.743169,
        -0.018748 0.441331 0.754450,
        -0.038041 0.124219 0.707205,
        -0.053431 0.174472 0.707778,
        -0.067119 0.219166 0.709838,
        -0.079548 0.259750 0.713430,
        -0.090973 0.297057 0.718560,
        -0.101561 0.331631 0.725228,
        -0.111430 0.363859 0.733430,
        -0.120671 0.394033 0.743169,
        -0.129348 0.422367 0.754450,
        -0.262667 0.355149 0.754450,
        -0.272262 0.309350 0.743169,
        -0.297516 0.285146 0.743169,
        -0.274732 0.263309 0.733430,
        -0.296073 0.239062 0.733430,
        -0.269849 0.217888 0.725228,
        -0.287356 0.194219 0.725228,
        -0.257397 0.173970 0.718560,
        -0.271224 0.151515 0.718560,
        -0.237161 0.132486 0.713430,
        -0.247542 0.111896 0.713430,
        -0.208865 0.094413 0.709838,
        -0.216120 0.076360 0.709838,
        -0.172047 0.060788 0.707778,
        -0.176583 0.045978 0.707778,
        -0.125721 0.032735 0.707205,
        -0.128044 0.021956 0.707205,
        -0.046109 0.007906 0.708426,
        -0.046614 0.003967 0.708426,
        -0.320626 0.258887 0.743169,
        -0.315280 0.213092 0.733430,
        -0.302791 0.169149 0.725228,
        -0.283096 0.127967 0.718560,
        -0.256140 0.090500 0.713430,
        -0.221817 0.057757 0.709838,
        -0.179846 0.030838 0.707778,
        -0.129445 0.011017 0.707205,
        -0.046782 0.000000 0.708426,
        -0.343681 0.277503 0.754450,
        -0.341426 0.230764 0.743169,
        -0.332216 0.185587 0.733430,
        -0.316045 0.142861 0.725228,
        -0.292929 0.103498 0.718560,
        -0.262892 0.068452 0.713430,
        -0.225916 0.038737 0.709838,
        -0.181813 0.015474 0.707778,
        -0.129913 0.000000 0.707205,
        -0.046614 -0.003967 0.708426,
        -0.359767 0.200978 0.743169,
        -0.346758 0.156744 0.733430,
        -0.327022 0.115544 0.725228,
        -0.300651 0.078283 0.718560,
        -0.267750 0.045910 0.713430,
        -0.228387 0.019439 0.709838,
        -0.182470 0.000000 0.707778,
        -0.129445 -0.011017 0.707205,
        -0.046109 -0.007906 0.708426,
        -0.375515 0.169743 0.743169,
        -0.358802 0.126773 0.733430,
        -0.335643 0.087394 0.725228,
        -0.306206 0.052504 0.718560,
        -0.270679 0.023038 0.713430,
        -0.229213 0.000000 0.709838,
        -0.181813 -0.015474 0.707778,
        -0.128044 -0.021956 0.707205,
        -0.045272 -0.011788 0.708426,
        -0.388557 0.137286 0.743169,
        -0.368260 0.095887 0.733430,
        -0.341845 0.058615 0.725228,
        -0.309556 0.026347 0.718560,
        -0.271657 0.000000 0.713430,
        -0.228387 -0.019439 0.709838,
        -0.179846 -0.030838 0.707778,
        -0.125721 -0.032735 0.707205,
        -0.044110 -0.015585 0.708426,
        -0.416496 0.147157 0.754450,
        -0.398800 0.103839 0.743169,
        -0.375065 0.064311 0.733430,
        -0.345585 0.029414 0.725228,
        -0.310675 0.000000 0.718560,
        -0.270679 -0.023038 0.713430,
        -0.225916 -0.038737 0.709838,
        -0.176583 -0.045978 0.707778,
        -0.122492 -0.043279 0.707205,
        -0.042629 -0.019270 0.708426,
        -0.406169 0.069645 0.743169,
        -0.379168 0.032272 0.733430,
        -0.346834 0.000000 0.725228,
        -0.309556 -0.026347 0.718560,
        -0.267750 -0.045910 0.713430,
        -0.221817 -0.057757 0.709838,
        -0.172047 -0.060788 0.707778,
        -0.118380 -0.053511 0.707205,
        -0.040841 -0.022815 0.708426,
        -0.410613 0.034948 0.743169,
        -0.380539 0.000000 0.733430,
        -0.345585 -0.029414 0.725228,
        -0.306206 -0.052504 0.718560,
        -0.262892 -0.068452 0.713430,
        -0.216120 -0.076360 0.709838,
        -0.166272 -0.075160 0.707778,
        -0.113416 -0.063358 0.707205,
        -0.038759 -0.026197 0.708426,
        -0.440138 0.037461 0.754450,
        -0.412097 0.000000 0.743169,
        -0.379168 -0.032272 0.733430,
        -0.341845 -0.058615 0.725228,
        -0.300651 -0.078283 0.718560,
        -0.256140 -0.090500 0.713430,
        -0.208865 -0.094413 0.709838,
        -0.159299 -0.088990 0.707778,
        -0.107634 -0.072748 0.707205,
        -0.036398 -0.029389 0.708426,
      ]
    }
    coordIndex [
      0, 1, 2, -1,
      0, 2, 3, -1,
      4, 5, 2, -1,
      2, 5, 6, -1,
      2, 6, 3, -1,
      7, 8, 2, -1,
      2, 8, 9, -1,
      2, 9, 4, -1,
      10, 11, 2, -1,
      2, 11, 12, -1,
      2, 12, 7, -1,
      13, 14, 2, -1,
      2, 14, 15, -1,
      2, 15, 10, -1,
      16, 17, 2, -1,
      2, 17, 18, -1,
      2, 18, 13, -1,
      19, 20, 2, -1,
      2, 20, 21, -1,
      2, 21, 16, -1,
      22, 23, 2, -1,
      2, 23, 24, -1,
      2, 24, 19, -1,
      25, 26, 2, -1,
      2, 26, 27, -1,
      2, 27, 22, -1,
      28, 29, 2, -1,
      2, 29, 30, -1,
      2, 30, 25, -1,
      31, 32, 2, -1,
      2, 32, 33, -1,
      2, 33, 28, -1,
      34, 35, 2, -1,
      2, 35, 36, -1,
      2, 36, 31, -1,
      37, 38, 2, -1,
      2, 38, 39, -1,
      2, 39, 34, -1,
      40, 41, 2, -1,
      2, 41, 42, -1,
      2, 42, 37, -1,
      43, 44, 2, -1,
      2, 44, 45, -1,
      2, 45, 40, -1,
      46, 47, 2, -1,
      2, 47, 48, -1,
      2, 48, 43, -1,
      49, 50, 2, -1,
      2, 50, 51, -1,
      2, 51, 46, -1,
      1, 52, 2, -1,
      2, 52, 53, -1,
      2, 53, 49, -1,
      0, 3, 54, -1,
      6, 55, 3, -1,
      3, 55, 56, -1,
      3, 56, 54, -1,
      57, 58, 5, -1,
      5, 58, 59, -1,
      5, 59, 6, -1,
      6, 59, 60, -1,
      6, 60, 55, -1,
      57, 5, 61, -1,
      61, 5, 4, -1,
      61, 4, 62, -1,
      62, 4, 63, -1,
      63, 4, 9, -1,
      63, 9, 64, -1,
      64, 9, 65, -1,
      65, 9, 8, -1,
      65, 8, 66, -1,
      7, 67, 8, -1,
      8, 67, 68, -1,
      8, 68, 66, -1,
      69, 70, 12, -1,
      12, 70, 71, -1,
      12, 71, 7, -1,
      7, 71, 72, -1,
      7, 72, 67, -1,
      69, 12, 73, -1,
      73, 12, 11, -1,
      73, 11, 74, -1,
      74, 11, 75, -1,
      75, 11, 10, -1,
      75, 10, 76, -1,
      76, 10, 77, -1,
      77, 10, 15, -1,
      77, 15, 78, -1,
      14, 79, 15, -1,
      15, 79, 80, -1,
      15, 80, 78, -1,
      81, 82, 13, -1,
      13, 82, 83, -1,
      13, 83, 14, -1,
      14, 83, 84, -1,
      14, 84, 79, -1,
      81, 13, 85, -1,
      85, 13, 18, -1,
      85, 18, 86, -1,
      86, 18, 87, -1,
      87, 18, 17, -1,
      87, 17, 88, -1,
      88, 17, 89, -1,
      89, 17, 16, -1,
      89, 16, 90, -1,
      21, 91, 16, -1,
      16, 91, 92, -1,
      16, 92, 90, -1,
      93, 94, 20, -1,
      20, 94, 95, -1,
      20, 95, 21, -1,
      21, 95, 96, -1,
      21, 96, 91, -1,
      93, 20, 97, -1,
      97, 20, 19, -1,
      97, 19, 98, -1,
      98, 19, 99, -1,
      99, 19, 24, -1,
      99, 24, 100, -1,
      100, 24, 101, -1,
      101, 24, 23, -1,
      101, 23, 102, -1,
      22, 103, 23, -1,
      23, 103, 104, -1,
      23, 104, 102, -1,
      105, 106, 27, -1,
      27, 106, 107, -1,
      27, 107, 22, -1,
      22, 107, 108, -1,
      22, 108, 103, -1,
      105, 27, 109, -1,
      109, 27, 26, -1,
      109, 26, 110, -1,
      110, 26, 111, -1,
      111, 26, 25, -1,
      111, 25, 112, -1,
      112, 25, 113, -1,
      113, 25, 30, -1,
      113, 30, 114, -1,
      29, 115, 30, -1,
      30, 115, 116, -1,
      30, 116, 114, -1,
      117, 118, 28, -1,
      28, 118, 119, -1,
      28, 119, 29, -1,
      29, 119, 120, -1,
      29, 120, 115, -1,
      117, 28, 121, -1,
      121, 28, 33, -1,
      121, 33, 122, -1,
      122, 33, 123, -1,
      123, 33, 32, -1,
      123, 32, 124, -1,
      124, 32, 125, -1,
      125, 32, 31, -1,
      125, 31, 126, -1,
      36, 127, 31, -1,
      31, 127, 128, -1,
      31, 128, 126, -1,
      129, 130, 35, -1,
      35, 130, 131, -1,
      35, 131, 36, -1,
      36, 131, 132, -1,
      36, 132, 127, -1,
      129, 35, 133, -1,
      133, 35, 34, -1,
      133, 34, 134, -1,
      134, 34, 135, -1,
      135, 34, 39, -1,
      135, 39, 136, -1,
      136, 39, 137, -1,
      137, 39, 38, -1,
      137, 38, 138, -1,
      37, 139, 38, -1,
      38, 139, 140, -1,
      38, 140, 138, -1,
      141, 142, 42, -1,
      42, 142, 143, -1,
      42, 143, 37, -1,
      37, 143, 144, -1,
      37, 144, 139, -1,
      141, 42, 145, -1,
      145, 42, 41, -1,
      145, 41, 146, -1,
      146, 41, 147, -1,
      147, 41, 40, -1,
      147, 40, 148, -1,
      148, 40, 149, -1,
      149, 40, 45, -1,
      149, 45, 150, -1,
      44, 151, 45, -1,
      45, 151, 152, -1,
      45, 152, 150, -1,
      153, 154, 43, -1,
      43, 154, 155, -1,
      43, 155, 44, -1,
      44, 155, 156, -1,
      44, 156, 151, -1,
      153, 43, 157, -1,
      157, 43, 48, -1,
      157, 48, 158, -1,
      158, 48, 159, -1,
      159, 48, 47, -1,
      159, 47, 160, -1,
      160, 47, 161, -1,
      161, 47, 46, -1,
      161, 46, 162, -1,
      51, 163, 46, -1,
      46, 163, 164, -1,
      46, 164, 162, -1,
      165, 166, 51, -1,
      51, 166, 167, -1,
      51, 167, 163, -1,
      165, 51, 168, -1,
      168, 51, 50, -1,
      168, 50, 169, -1,
      169, 50, 49, -1,
      169, 49, 170, -1,
      170, 49, 171, -1,
      171, 49, 53, -1,
      171, 53, 172, -1,
      172, 53, 173, -1,
      173, 53, 52, -1,
      173, 52, 174, -1,
      1, 175, 52, -1,
      52, 175, 176, -1,
      52, 176, 174, -1,
      54, 177, 0, -1,
      0, 177, 178, -1,
      0, 178, 1, -1,
      1, 178, 179, -1,
      1, 179, 175, -1,
      176, 175, 180, -1,
      173, 174, 181, -1,
      170, 171, 182, -1,
      168, 169, 183, -1,
      166, 165, 184, -1,
      164, 163, 185, -1,
      161, 162, 186, -1,
      117, 121, 187, -1,
      119, 118, 188, -1,
      101, 102, 189, -1,
      98, 99, 190, -1,
      74, 75, 191, -1,
      69, 73, 192, -1,
      71, 70, 193, -1,
      68, 67, 194, -1,
      65, 66, 195, -1,
      62, 63, 196, -1,
      57, 61, 197, -1,
      59, 58, 198, -1,
      56, 55, 199, -1,
      177, 54, 200, -1,
      201, 202, 203, -1,
      203, 202, 204, -1,
      205, 206, 207, -1,
      207, 206, 204, -1,
      208, 209, 210, -1,
      210, 209, 204, -1,
      211, 212, 213, -1,
      213, 212, 204, -1,
      214, 211, 215, -1,
      215, 211, 213, -1,
      215, 213, 216, -1,
      216, 213, 204, -1,
      217, 208, 218, -1,
      218, 208, 210, -1,
      218, 210, 219, -1,
      219, 210, 204, -1,
      220, 205, 221, -1,
      221, 205, 207, -1,
      221, 207, 222, -1,
      222, 207, 204, -1,
      223, 201, 224, -1,
      224, 201, 203, -1,
      224, 203, 225, -1,
      225, 203, 204, -1,
      226, 214, 227, -1,
      227, 214, 215, -1,
      227, 215, 228, -1,
      228, 215, 216, -1,
      228, 216, 229, -1,
      229, 216, 204, -1,
      230, 217, 231, -1,
      231, 217, 218, -1,
      231, 218, 232, -1,
      232, 218, 219, -1,
      232, 219, 233, -1,
      233, 219, 204, -1,
      234, 220, 235, -1,
      235, 220, 221, -1,
      235, 221, 236, -1,
      236, 221, 222, -1,
      236, 222, 237, -1,
      237, 222, 204, -1,
      238, 223, 239, -1,
      239, 223, 224, -1,
      239, 224, 240, -1,
      240, 224, 225, -1,
      240, 225, 241, -1,
      241, 225, 204, -1,
      242, 226, 243, -1,
      243, 226, 227, -1,
      243, 227, 244, -1,
      244, 227, 228, -1,
      244, 228, 245, -1,
      245, 228, 229, -1,
      245, 229, 246, -1,
      246, 229, 204, -1,
      247, 230, 248, -1,
      248, 230, 231, -1,
      248, 231, 249, -1,
      249, 231, 232, -1,
      249, 232, 250, -1,
      250, 232, 233, -1,
      250, 233, 251, -1,
      251, 233, 204, -1,
      252, 234, 253, -1,
      253, 234, 235, -1,
      253, 235, 254, -1,
      254, 235, 236, -1,
      254, 236, 255, -1,
      255, 236, 237, -1,
      255, 237, 256, -1,
      256, 237, 204, -1,
      257, 238, 258, -1,
      258, 238, 239, -1,
      258, 239, 259, -1,
      259, 239, 240, -1,
      259, 240, 260, -1,
      260, 240, 241, -1,
      260, 241, 261, -1,
      261, 241, 204, -1,
      262, 242, 263, -1,
      263, 242, 243, -1,
      263, 243, 264, -1,
      264, 243, 244, -1,
      264, 244, 265, -1,
      265, 244, 245, -1,
      265, 245, 266, -1,
      266, 245, 246, -1,
      266, 246, 267, -1,
      267, 246, 204, -1,
      268, 247, 269, -1,
      269, 247, 248, -1,
      269, 248, 270, -1,
      270, 248, 249, -1,
      270, 249, 271, -1,
      271, 249, 250, -1,
      271, 250, 272, -1,
      272, 250, 251, -1,
      272, 251, 273, -1,
      273, 251, 204, -1,
      274, 252, 275, -1,
      275, 252, 253, -1,
      275, 253, 276, -1,
      276, 253, 254, -1,
      276, 254, 277, -1,
      277, 254, 255, -1,
      277, 255, 278, -1,
      278, 255, 256, -1,
      278, 256, 279, -1,
      279, 256, 204, -1,
      280, 257, 281, -1,
      281, 257, 258, -1,
      281, 258, 282, -1,
      282, 258, 259, -1,
      282, 259, 283, -1,
      283, 259, 260, -1,
      283, 260, 284, -1,
      284, 260, 261, -1,
      284, 261, 285, -1,
      285, 261, 204, -1,
      286, 262, 287, -1,
      287, 262, 263, -1,
      287, 263, 288, -1,
      288, 263, 264, -1,
      288, 264, 289, -1,
      289, 264, 265, -1,
      289, 265, 290, -1,
      290, 265, 266, -1,
      290, 266, 291, -1,
      291, 266, 267, -1,
      291, 267, 292, -1,
      292, 267, 204, -1,
      293, 268, 294, -1,
      294, 268, 269, -1,
      294, 269, 295, -1,
      295, 269, 270, -1,
      295, 270, 296, -1,
      296, 270, 271, -1,
      296, 271, 297, -1,
      297, 271, 272, -1,
      297, 272, 298, -1,
      298, 272, 273, -1,
      298, 273, 299, -1,
      299, 273, 204, -1,
      300, 274, 301, -1,
      301, 274, 275, -1,
      301, 275, 302, -1,
      302, 275, 276, -1,
      302, 276, 303, -1,
      303, 276, 277, -1,
      303, 277, 304, -1,
      304, 277, 278, -1,
      304, 278, 305, -1,
      305, 278, 279, -1,
      305, 279, 306, -1,
      306, 279, 204, -1,
      307, 280, 308, -1,
      308, 280, 281, -1,
      308, 281, 309, -1,
      309, 281, 282, -1,
      309, 282, 310, -1,
      310, 282, 283, -1,
      310, 283, 311, -1,
      311, 283, 284, -1,
      311, 284, 312, -1,
      312, 284, 285, -1,
      312, 285, 313, -1,
      313, 285, 204, -1,
      314, 286, 315, -1,
      315, 286, 287, -1,
      315, 287, 316, -1,
      316, 287, 288, -1,
      316, 288, 317, -1,
      317, 288, 289, -1,
      317, 289, 318, -1,
      318, 289, 290, -1,
      318, 290, 319, -1,
      319, 290, 291, -1,
      319, 291, 320, -1,
      320, 291, 292, -1,
      320, 292, 321, -1,
      321, 292, 204, -1,
      322, 293, 323, -1,
      323, 293, 294, -1,
      323, 294, 324, -1,
      324, 294, 295, -1,
      324, 295, 325, -1,
      325, 295, 296, -1,
      325, 296, 326, -1,
      326, 296, 297, -1,
      326, 297, 327, -1,
      327, 297, 298, -1,
      327, 298, 328, -1,
      328, 298, 299, -1,
      328, 299, 329, -1,
      329, 299, 204, -1,
      330, 300, 331, -1,
      331, 300, 301, -1,
      331, 301, 332, -1,
      332, 301, 302, -1,
      332, 302, 333, -1,
      333, 302, 303, -1,
      333, 303, 334, -1,
      334, 303, 304, -1,
      334, 304, 335, -1,
      335, 304, 305, -1,
      335, 305, 336, -1,
      336, 305, 306, -1,
      336, 306, 337, -1,
      337, 306, 204, -1,
      338, 307, 339, -1,
      339, 307, 308, -1,
      339, 308, 340, -1,
      340, 308, 309, -1,
      340, 309, 341, -1,
      341, 309, 310, -1,
      341, 310, 342, -1,
      342, 310, 311, -1,
      342, 311, 343, -1,
      343, 311, 312, -1,
      343, 312, 344, -1,
      344, 312, 313, -1,
      344, 313, 345, -1,
      345, 313, 204, -1,
      346, 314, 347, -1,
      347, 314, 315, -1,
      347, 315, 348, -1,
      348, 315, 316, -1,
      348, 316, 349, -1,
      349, 316, 317, -1,
      349, 317, 350, -1,
      350, 317, 318, -1,
      350, 318, 351, -1,
      351, 318, 319, -1,
      351, 319, 352, -1,
      352, 319, 320, -1,
      352, 320, 353, -1,
      353, 320, 321, -1,
      353, 321, 354, -1,
      354, 321, 204, -1,
      355, 322, 356, -1,
      356, 322, 323, -1,
      356, 323, 357, -1,
      357, 323, 324, -1,
      357, 324, 358, -1,
      358, 324, 325, -1,
      358, 325, 359, -1,
      359, 325, 326, -1,
      359, 326, 360, -1,
      360, 326, 327, -1,
      360, 327, 361, -1,
      361, 327, 328, -1,
      361, 328, 362, -1,
      362, 328, 329, -1,
      362, 329, 363, -1,
      363, 329, 204, -1,
      364, 330, 365, -1,
      365, 330, 331, -1,
      365, 331, 366, -1,
      366, 331, 332, -1,
      366, 332, 367, -1,
      367, 332, 333, -1,
      367, 333, 368, -1,
      368, 333, 334, -1,
      368, 334, 369, -1,
      369, 334, 335, -1,
      369, 335, 370, -1,
      370, 335, 336, -1,
      370, 336, 371, -1,
      371, 336, 337, -1,
      371, 337, 372, -1,
      372, 337, 204, -1,
      373, 338, 374, -1,
      374, 338, 339, -1,
      374, 339, 375, -1,
      375, 339, 340, -1,
      375, 340, 376, -1,
      376, 340, 341, -1,
      376, 341, 377, -1,
      377, 341, 342, -1,
      377, 342, 378, -1,
      378, 342, 343, -1,
      378, 343, 379, -1,
      379, 343, 344, -1,
      379, 344, 380, -1,
      380, 344, 345, -1,
      380, 345, 381, -1,
      381, 345, 204, -1,
      382, 346, 383, -1,
      383, 346, 347, -1,
      383, 347, 384, -1,
      384, 347, 348, -1,
      384, 348, 385, -1,
      385, 348, 349, -1,
      385, 349, 386, -1,
      386, 349, 350, -1,
      386, 350, 387, -1,
      387, 350, 351, -1,
      387, 351, 388, -1,
      388, 351, 352, -1,
      388, 352, 389, -1,
      389, 352, 353, -1,
      389, 353, 390, -1,
      390, 353, 354, -1,
      390, 354, 391, -1,
      391, 354, 204, -1,
      392, 393, 394, -1,
      395, 355, 396, -1,
      396, 355, 356, -1,
      396, 356, 397, -1,
      397, 356, 357, -1,
      397, 357, 398, -1,
      398, 357, 358, -1,
      398, 358, 399, -1,
      399, 358, 359, -1,
      399, 359, 400, -1,
      400, 359, 360, -1,
      400, 360, 401, -1,
      401, 360, 361, -1,
      401, 361, 402, -1,
      402, 361, 362, -1,
      402, 362, 403, -1,
      403, 362, 363, -1,
      403, 363, 404, -1,
      404, 363, 204, -1,
      405, 406, 407, -1,
      408, 364, 409, -1,
      409, 364, 365, -1,
      409, 365, 410, -1,
      410, 365, 366, -1,
      410, 366, 411, -1,
      411, 366, 367, -1,
      411, 367, 412, -1,
      412, 367, 368, -1,
      412, 368, 413, -1,
      413, 368, 369, -1,
      413, 369, 414, -1,
      414, 369, 370, -1,
      414, 370, 415, -1,
      415, 370, 371, -1,
      415, 371, 416, -1,
      416, 371, 372, -1,
      416, 372, 417, -1,
      417, 372, 204, -1,
      418, 419, 420, -1,
      421, 373, 422, -1,
      422, 373, 374, -1,
      422, 374, 423, -1,
      423, 374, 375, -1,
      423, 375, 424, -1,
      424, 375, 376, -1,
      424, 376, 425, -1,
      425, 376, 377, -1,
      425, 377, 426, -1,
      426, 377, 378, -1,
      426, 378, 427, -1,
      427, 378, 379, -1,
      427, 379, 428, -1,
      428, 379, 380, -1,
      428, 380, 429, -1,
      429, 380, 381, -1,
      429, 381, 430, -1,
      430, 381, 204, -1,
      431, 432, 433, -1,
      434, 435, 436, -1,
      436, 435, 437, -1,
      436, 437, 438, -1,
      438, 437, 439, -1,
      438, 439, 440, -1,
      440, 439, 441, -1,
      440, 441, 442, -1,
      443, 444, 445, -1,
      445, 444, 446, -1,
      445, 446, 447, -1,
      447, 446, 448, -1,
      447, 448, 449, -1,
      449, 448, 450, -1,
      449, 450, 451, -1,
      451, 450, 452, -1,
      451, 452, 453, -1,
      453, 452, 454, -1,
      453, 454, 455, -1,
      456, 443, 457, -1,
      457, 443, 445, -1,
      457, 445, 458, -1,
      458, 445, 447, -1,
      458, 447, 459, -1,
      459, 447, 449, -1,
      459, 449, 460, -1,
      460, 449, 451, -1,
      460, 451, 461, -1,
      461, 451, 453, -1,
      461, 453, 462, -1,
      462, 453, 455, -1,
      462, 455, 463, -1,
      464, 465, 466, -1,
      466, 465, 467, -1,
      466, 467, 468, -1,
      468, 467, 469, -1,
      468, 469, 470, -1,
      470, 469, 471, -1,
      470, 471, 472, -1,
      472, 471, 473, -1,
      472, 473, 474, -1,
      474, 473, 475, -1,
      474, 475, 476, -1,
      476, 475, 477, -1,
      476, 477, 478, -1,
      478, 477, 479, -1,
      478, 479, 480, -1,
      480, 479, 481, -1,
      480, 481, 482, -1,
      204, 464, 483, -1,
      483, 464, 466, -1,
      483, 466, 484, -1,
      484, 466, 468, -1,
      484, 468, 485, -1,
      485, 468, 470, -1,
      485, 470, 486, -1,
      486, 470, 472, -1,
      486, 472, 487, -1,
      487, 472, 474, -1,
      487, 474, 488, -1,
      488, 474, 476, -1,
      488, 476, 489, -1,
      489, 476, 478, -1,
      489, 478, 490, -1,
      490, 478, 480, -1,
      490, 480, 491, -1,
      491, 480, 482, -1,
      491, 482, 492, -1,
      493, 393, 494, -1,
      494, 393, 392, -1,
      494, 392, 495, -1,
      496, 497, 498, -1,
      498, 497, 499, -1,
      498, 499, 500, -1,
      500, 499, 501, -1,
      500, 501, 502, -1,
      502, 501, 503, -1,
      502, 503, 504, -1,
      504, 503, 505, -1,
      504, 505, 506, -1,
      506, 505, 507, -1,
      506, 507, 508, -1,
      508, 507, 509, -1,
      508, 509, 510, -1,
      510, 509, 511, -1,
      510, 511, 512, -1,
      513, 496, 514, -1,
      514, 496, 498, -1,
      514, 498, 515, -1,
      515, 498, 500, -1,
      515, 500, 516, -1,
      516, 500, 502, -1,
      516, 502, 517, -1,
      517, 502, 504, -1,
      517, 504, 518, -1,
      518, 504, 506, -1,
      518, 506, 519, -1,
      519, 506, 508, -1,
      519, 508, 520, -1,
      520, 508, 510, -1,
      520, 510, 521, -1,
      521, 510, 512, -1,
      521, 512, 522, -1,
      523, 406, 524, -1,
      524, 406, 405, -1,
      524, 405, 525, -1,
      526, 527, 528, -1,
      528, 527, 529, -1,
      528, 529, 530, -1,
      530, 529, 531, -1,
      530, 531, 532, -1,
      532, 531, 533, -1,
      532, 533, 534, -1,
      534, 533, 535, -1,
      534, 535, 536, -1,
      536, 535, 537, -1,
      536, 537, 538, -1,
      539, 526, 540, -1,
      540, 526, 528, -1,
      540, 528, 541, -1,
      541, 528, 530, -1,
      541, 530, 542, -1,
      542, 530, 532, -1,
      542, 532, 543, -1,
      543, 532, 534, -1,
      543, 534, 544, -1,
      544, 534, 536, -1,
      544, 536, 545, -1,
      545, 536, 538, -1,
      545, 538, 546, -1,
      547, 548, 549, -1,
      549, 548, 550, -1,
      549, 550, 551, -1,
      551, 550, 552, -1,
      551, 552, 553, -1,
      553, 552, 554, -1,
      553, 554, 555, -1,
      555, 554, 556, -1,
      555, 556, 557, -1,
      557, 556, 558, -1,
      557, 558, 559, -1,
      559, 558, 560, -1,
      559, 560, 561, -1,
      561, 560, 562, -1,
      561, 562, 563, -1,
      563, 562, 564, -1,
      563, 564, 565, -1,
      566, 419, 567, -1,
      567, 419, 418, -1,
      567, 418, 568, -1,
      569, 570, 571, -1,
      571, 570, 572, -1,
      571, 572, 573, -1,
      573, 572, 574, -1,
      573, 574, 575, -1,
      575, 574, 576, -1,
      575, 576, 577, -1,
      578, 579, 580, -1,
      580, 579, 581, -1,
      580, 581, 582, -1,
      582, 581, 583, -1,
      582, 583, 584, -1,
      584, 583, 585, -1,
      584, 585, 586, -1,
      586, 585, 587, -1,
      586, 587, 588, -1,
      588, 587, 589, -1,
      588, 589, 590, -1,
      590, 589, 591, -1,
      590, 591, 592, -1,
      204, 593, 594, -1,
      594, 593, 595, -1,
      594, 595, 596, -1,
      596, 595, 597, -1,
      596, 597, 598, -1,
      598, 597, 599, -1,
      598, 599, 600, -1,
      600, 599, 601, -1,
      600, 601, 602, -1,
      602, 601, 603, -1,
      602, 603, 604, -1,
      604, 603, 605, -1,
      604, 605, 606, -1,
      606, 605, 607, -1,
      606, 607, 608, -1,
      608, 607, 609, -1,
      608, 609, 610, -1,
      610, 609, 611, -1,
      610, 611, 612, -1,
      178, 177, 613, -1,
      613, 177, 200, -1,
      613, 200, 614, -1,
      614, 200, 615, -1,
      614, 615, 616, -1,
      616, 615, 617, -1,
      616, 617, 618, -1,
      618, 617, 619, -1,
      618, 619, 620, -1,
      620, 619, 621, -1,
      620, 621, 622, -1,
      622, 621, 623, -1,
      622, 623, 624, -1,
      624, 623, 625, -1,
      624, 625, 626, -1,
      626, 625, 627, -1,
      626, 627, 628, -1,
      628, 627, 629, -1,
      628, 629, 630, -1,
      630, 629, 631, -1,
      630, 631, 204, -1,
      54, 56, 200, -1,
      200, 56, 199, -1,
      200, 199, 615, -1,
      615, 199, 632, -1,
      615, 632, 617, -1,
      617, 632, 633, -1,
      617, 633, 619, -1,
      619, 633, 634, -1,
      619, 634, 621, -1,
      621, 634, 635, -1,
      621, 635, 623, -1,
      623, 635, 636, -1,
      623, 636, 625, -1,
      625, 636, 637, -1,
      625, 637, 627, -1,
      627, 637, 638, -1,
      627, 638, 629, -1,
      629, 638, 639, -1,
      629, 639, 631, -1,
      631, 639, 640, -1,
      631, 640, 204, -1,
      60, 59, 641, -1,
      641, 59, 198, -1,
      641, 198, 642, -1,
      642, 198, 643, -1,
      642, 643, 644, -1,
      644, 643, 645, -1,
      644, 645, 646, -1,
      646, 645, 647, -1,
      646, 647, 648, -1,
      648, 647, 649, -1,
      648, 649, 650, -1,
      650, 649, 651, -1,
      650, 651, 652, -1,
      652, 651, 653, -1,
      652, 653, 654, -1,
      654, 653, 655, -1,
      654, 655, 656, -1,
      656, 655, 657, -1,
      656, 657, 658, -1,
      658, 657, 659, -1,
      658, 659, 204, -1,
      58, 57, 198, -1,
      198, 57, 197, -1,
      198, 197, 643, -1,
      643, 197, 660, -1,
      643, 660, 645, -1,
      645, 660, 661, -1,
      645, 661, 647, -1,
      647, 661, 662, -1,
      647, 662, 649, -1,
      649, 662, 663, -1,
      649, 663, 651, -1,
      651, 663, 664, -1,
      651, 664, 653, -1,
      653, 664, 665, -1,
      653, 665, 655, -1,
      655, 665, 666, -1,
      655, 666, 657, -1,
      657, 666, 667, -1,
      657, 667, 659, -1,
      659, 667, 668, -1,
      659, 668, 204, -1,
      61, 62, 197, -1,
      197, 62, 196, -1,
      197, 196, 660, -1,
      660, 196, 669, -1,
      660, 669, 661, -1,
      661, 669, 670, -1,
      661, 670, 662, -1,
      662, 670, 671, -1,
      662, 671, 663, -1,
      663, 671, 672, -1,
      663, 672, 664, -1,
      664, 672, 673, -1,
      664, 673, 665, -1,
      665, 673, 674, -1,
      665, 674, 666, -1,
      666, 674, 675, -1,
      666, 675, 667, -1,
      667, 675, 676, -1,
      667, 676, 668, -1,
      668, 676, 677, -1,
      668, 677, 204, -1,
      63, 64, 196, -1,
      196, 64, 678, -1,
      196, 678, 669, -1,
      669, 678, 679, -1,
      669, 679, 670, -1,
      670, 679, 680, -1,
      670, 680, 671, -1,
      671, 680, 681, -1,
      671, 681, 672, -1,
      672, 681, 682, -1,
      672, 682, 673, -1,
      673, 682, 683, -1,
      673, 683, 674, -1,
      674, 683, 684, -1,
      674, 684, 675, -1,
      675, 684, 685, -1,
      675, 685, 676, -1,
      676, 685, 686, -1,
      676, 686, 677, -1,
      677, 686, 687, -1,
      677, 687, 204, -1,
      64, 65, 678, -1,
      678, 65, 195, -1,
      678, 195, 679, -1,
      679, 195, 688, -1,
      679, 688, 680, -1,
      680, 688, 689, -1,
      680, 689, 681, -1,
      681, 689, 690, -1,
      681, 690, 682, -1,
      682, 690, 691, -1,
      682, 691, 683, -1,
      683, 691, 692, -1,
      683, 692, 684, -1,
      684, 692, 693, -1,
      684, 693, 685, -1,
      685, 693, 694, -1,
      685, 694, 686, -1,
      686, 694, 695, -1,
      686, 695, 687, -1,
      687, 695, 696, -1,
      687, 696, 204, -1,
      66, 68, 195, -1,
      195, 68, 194, -1,
      195, 194, 688, -1,
      688, 194, 697, -1,
      688, 697, 689, -1,
      689, 697, 698, -1,
      689, 698, 690, -1,
      690, 698, 699, -1,
      690, 699, 691, -1,
      691, 699, 700, -1,
      691, 700, 692, -1,
      692, 700, 701, -1,
      692, 701, 693, -1,
      693, 701, 702, -1,
      693, 702, 694, -1,
      694, 702, 703, -1,
      694, 703, 695, -1,
      695, 703, 704, -1,
      695, 704, 696, -1,
      696, 704, 705, -1,
      696, 705, 204, -1,
      67, 72, 194, -1,
      194, 72, 706, -1,
      194, 706, 697, -1,
      697, 706, 707, -1,
      697, 707, 698, -1,
      698, 707, 708, -1,
      698, 708, 699, -1,
      699, 708, 709, -1,
      699, 709, 700, -1,
      700, 709, 710, -1,
      700, 710, 701, -1,
      701, 710, 711, -1,
      701, 711, 702, -1,
      702, 711, 712, -1,
      702, 712, 703, -1,
      703, 712, 713, -1,
      703, 713, 704, -1,
      704, 713, 714, -1,
      704, 714, 705, -1,
      705, 714, 715, -1,
      705, 715, 204, -1,
      72, 71, 706, -1,
      706, 71, 193, -1,
      706, 193, 707, -1,
      707, 193, 716, -1,
      707, 716, 708, -1,
      708, 716, 717, -1,
      708, 717, 709, -1,
      709, 717, 718, -1,
      709, 718, 710, -1,
      710, 718, 719, -1,
      710, 719, 711, -1,
      711, 719, 720, -1,
      711, 720, 712, -1,
      712, 720, 721, -1,
      712, 721, 713, -1,
      713, 721, 722, -1,
      713, 722, 714, -1,
      714, 722, 723, -1,
      714, 723, 715, -1,
      715, 723, 724, -1,
      715, 724, 204, -1,
      70, 69, 193, -1,
      193, 69, 192, -1,
      193, 192, 716, -1,
      716, 192, 725, -1,
      716, 725, 717, -1,
      717, 725, 726, -1,
      717, 726, 718, -1,
      718, 726, 727, -1,
      718, 727, 719, -1,
      719, 727, 728, -1,
      719, 728, 720, -1,
      720, 728, 729, -1,
      720, 729, 721, -1,
      721, 729, 730, -1,
      721, 730, 722, -1,
      722, 730, 731, -1,
      722, 731, 723, -1,
      723, 731, 732, -1,
      723, 732, 724, -1,
      724, 732, 733, -1,
      724, 733, 204, -1,
      73, 74, 192, -1,
      192, 74, 191, -1,
      192, 191, 725, -1,
      725, 191, 734, -1,
      725, 734, 726, -1,
      726, 734, 735, -1,
      726, 735, 727, -1,
      727, 735, 736, -1,
      727, 736, 728, -1,
      728, 736, 737, -1,
      728, 737, 729, -1,
      729, 737, 738, -1,
      729, 738, 730, -1,
      730, 738, 739, -1,
      730, 739, 731, -1,
      731, 739, 740, -1,
      731, 740, 732, -1,
      732, 740, 741, -1,
      732, 741, 733, -1,
      733, 741, 742, -1,
      733, 742, 204, -1,
      75, 76, 191, -1,
      191, 76, 743, -1,
      191, 743, 734, -1,
      734, 743, 744, -1,
      734, 744, 735, -1,
      735, 744, 745, -1,
      735, 745, 736, -1,
      736, 745, 746, -1,
      736, 746, 737, -1,
      737, 746, 747, -1,
      737, 747, 738, -1,
      738, 747, 748, -1,
      738, 748, 739, -1,
      739, 748, 749, -1,
      739, 749, 740, -1,
      740, 749, 750, -1,
      740, 750, 741, -1,
      741, 750, 751, -1,
      741, 751, 742, -1,
      742, 751, 752, -1,
      742, 752, 204, -1,
      55, 60, 199, -1,
      199, 60, 641, -1,
      199, 641, 632, -1,
      632, 641, 642, -1,
      632, 642, 633, -1,
      633, 642, 644, -1,
      633, 644, 634, -1,
      634, 644, 646, -1,
      634, 646, 635, -1,
      635, 646, 648, -1,
      635, 648, 636, -1,
      636, 648, 650, -1,
      636, 650, 637, -1,
      637, 650, 652, -1,
      637, 652, 638, -1,
      638, 652, 654, -1,
      638, 654, 639, -1,
      639, 654, 656, -1,
      639, 656, 640, -1,
      640, 656, 658, -1,
      640, 658, 204, -1,
      77, 78, 431, -1,
      431, 78, 80, -1,
      431, 80, 432, -1,
      432, 80, 79, -1,
      432, 79, 84, -1,
      753, 433, 754, -1,
      754, 433, 432, -1,
      754, 432, 755, -1,
      755, 432, 84, -1,
      755, 84, 83, -1,
      435, 753, 437, -1,
      437, 753, 754, -1,
      437, 754, 439, -1,
      439, 754, 755, -1,
      439, 755, 441, -1,
      441, 755, 83, -1,
      83, 82, 441, -1,
      441, 82, 81, -1,
      441, 81, 442, -1,
      442, 81, 85, -1,
      442, 85, 86, -1,
      444, 434, 446, -1,
      446, 434, 436, -1,
      446, 436, 448, -1,
      448, 436, 438, -1,
      448, 438, 450, -1,
      450, 438, 440, -1,
      450, 440, 452, -1,
      452, 440, 442, -1,
      452, 442, 454, -1,
      454, 442, 86, -1,
      86, 87, 454, -1,
      454, 87, 88, -1,
      454, 88, 455, -1,
      455, 88, 89, -1,
      455, 89, 463, -1,
      463, 89, 90, -1,
      463, 90, 92, -1,
      465, 456, 467, -1,
      467, 456, 457, -1,
      467, 457, 469, -1,
      469, 457, 458, -1,
      469, 458, 471, -1,
      471, 458, 459, -1,
      471, 459, 473, -1,
      473, 459, 460, -1,
      473, 460, 475, -1,
      475, 460, 461, -1,
      475, 461, 477, -1,
      477, 461, 462, -1,
      477, 462, 479, -1,
      479, 462, 463, -1,
      479, 463, 481, -1,
      481, 463, 92, -1,
      92, 91, 481, -1,
      481, 91, 96, -1,
      481, 96, 482, -1,
      482, 96, 95, -1,
      482, 95, 492, -1,
      492, 95, 94, -1,
      492, 94, 93, -1,
      204, 483, 391, -1,
      391, 483, 484, -1,
      391, 484, 390, -1,
      390, 484, 485, -1,
      390, 485, 389, -1,
      389, 485, 486, -1,
      389, 486, 388, -1,
      388, 486, 487, -1,
      388, 487, 387, -1,
      387, 487, 488, -1,
      387, 488, 386, -1,
      386, 488, 489, -1,
      386, 489, 385, -1,
      385, 489, 490, -1,
      385, 490, 384, -1,
      384, 490, 491, -1,
      384, 491, 383, -1,
      383, 491, 492, -1,
      383, 492, 382, -1,
      382, 492, 93, -1,
      382, 93, 97, -1,
      76, 77, 743, -1,
      743, 77, 431, -1,
      743, 431, 744, -1,
      744, 431, 433, -1,
      744, 433, 745, -1,
      745, 433, 753, -1,
      745, 753, 746, -1,
      746, 753, 435, -1,
      746, 435, 747, -1,
      747, 435, 434, -1,
      747, 434, 748, -1,
      748, 434, 444, -1,
      748, 444, 749, -1,
      749, 444, 443, -1,
      749, 443, 750, -1,
      750, 443, 456, -1,
      750, 456, 751, -1,
      751, 456, 465, -1,
      751, 465, 752, -1,
      752, 465, 464, -1,
      752, 464, 204, -1,
      99, 100, 190, -1,
      190, 100, 756, -1,
      190, 756, 757, -1,
      757, 756, 758, -1,
      757, 758, 759, -1,
      759, 758, 760, -1,
      759, 760, 761, -1,
      761, 760, 762, -1,
      761, 762, 763, -1,
      763, 762, 764, -1,
      763, 764, 765, -1,
      100, 101, 756, -1,
      756, 101, 189, -1,
      756, 189, 758, -1,
      758, 189, 766, -1,
      758, 766, 760, -1,
      760, 766, 767, -1,
      760, 767, 762, -1,
      762, 767, 768, -1,
      762, 768, 764, -1,
      102, 104, 189, -1,
      189, 104, 495, -1,
      189, 495, 766, -1,
      766, 495, 392, -1,
      766, 392, 767, -1,
      767, 392, 394, -1,
      767, 394, 768, -1,
      104, 103, 495, -1,
      495, 103, 108, -1,
      495, 108, 494, -1,
      494, 108, 107, -1,
      494, 107, 493, -1,
      493, 107, 106, -1,
      493, 106, 105, -1,
      769, 765, 770, -1,
      770, 765, 764, -1,
      770, 764, 771, -1,
      771, 764, 768, -1,
      771, 768, 772, -1,
      772, 768, 394, -1,
      772, 394, 773, -1,
      773, 394, 393, -1,
      773, 393, 774, -1,
      774, 393, 493, -1,
      774, 493, 775, -1,
      775, 493, 105, -1,
      775, 105, 109, -1,
      497, 769, 499, -1,
      499, 769, 770, -1,
      499, 770, 501, -1,
      501, 770, 771, -1,
      501, 771, 503, -1,
      503, 771, 772, -1,
      503, 772, 505, -1,
      505, 772, 773, -1,
      505, 773, 507, -1,
      507, 773, 774, -1,
      507, 774, 509, -1,
      509, 774, 775, -1,
      509, 775, 511, -1,
      511, 775, 109, -1,
      511, 109, 110, -1,
      110, 111, 511, -1,
      511, 111, 112, -1,
      511, 112, 512, -1,
      512, 112, 113, -1,
      512, 113, 522, -1,
      522, 113, 114, -1,
      522, 114, 116, -1,
      204, 513, 404, -1,
      404, 513, 514, -1,
      404, 514, 403, -1,
      403, 514, 515, -1,
      403, 515, 402, -1,
      402, 515, 516, -1,
      402, 516, 401, -1,
      401, 516, 517, -1,
      401, 517, 400, -1,
      400, 517, 518, -1,
      400, 518, 399, -1,
      399, 518, 519, -1,
      399, 519, 398, -1,
      398, 519, 520, -1,
      398, 520, 397, -1,
      397, 520, 521, -1,
      397, 521, 396, -1,
      396, 521, 522, -1,
      396, 522, 395, -1,
      395, 522, 116, -1,
      395, 116, 115, -1,
      115, 120, 395, -1,
      395, 120, 776, -1,
      395, 776, 355, -1,
      355, 776, 777, -1,
      355, 777, 322, -1,
      322, 777, 778, -1,
      322, 778, 293, -1,
      293, 778, 779, -1,
      293, 779, 268, -1,
      268, 779, 780, -1,
      268, 780, 247, -1,
      247, 780, 781, -1,
      247, 781, 230, -1,
      230, 781, 782, -1,
      230, 782, 217, -1,
      217, 782, 783, -1,
      217, 783, 208, -1,
      208, 783, 784, -1,
      208, 784, 209, -1,
      209, 784, 785, -1,
      209, 785, 204, -1,
      97, 98, 382, -1,
      382, 98, 190, -1,
      382, 190, 346, -1,
      346, 190, 757, -1,
      346, 757, 314, -1,
      314, 757, 759, -1,
      314, 759, 286, -1,
      286, 759, 761, -1,
      286, 761, 262, -1,
      262, 761, 763, -1,
      262, 763, 242, -1,
      242, 763, 765, -1,
      242, 765, 226, -1,
      226, 765, 769, -1,
      226, 769, 214, -1,
      214, 769, 497, -1,
      214, 497, 211, -1,
      211, 497, 496, -1,
      211, 496, 212, -1,
      212, 496, 513, -1,
      212, 513, 204, -1,
      118, 117, 188, -1,
      188, 117, 187, -1,
      188, 187, 786, -1,
      786, 187, 787, -1,
      786, 787, 788, -1,
      788, 787, 789, -1,
      788, 789, 790, -1,
      790, 789, 791, -1,
      790, 791, 792, -1,
      121, 122, 187, -1,
      187, 122, 525, -1,
      187, 525, 787, -1,
      787, 525, 405, -1,
      787, 405, 789, -1,
      789, 405, 407, -1,
      789, 407, 791, -1,
      122, 123, 525, -1,
      525, 123, 124, -1,
      525, 124, 524, -1,
      524, 124, 125, -1,
      524, 125, 523, -1,
      523, 125, 126, -1,
      523, 126, 128, -1,
      527, 792, 529, -1,
      529, 792, 791, -1,
      529, 791, 531, -1,
      531, 791, 407, -1,
      531, 407, 533, -1,
      533, 407, 406, -1,
      533, 406, 535, -1,
      535, 406, 523, -1,
      535, 523, 537, -1,
      537, 523, 128, -1,
      128, 127, 537, -1,
      537, 127, 132, -1,
      537, 132, 538, -1,
      538, 132, 131, -1,
      538, 131, 546, -1,
      546, 131, 130, -1,
      546, 130, 129, -1,
      548, 539, 550, -1,
      550, 539, 540, -1,
      550, 540, 552, -1,
      552, 540, 541, -1,
      552, 541, 554, -1,
      554, 541, 542, -1,
      554, 542, 556, -1,
      556, 542, 543, -1,
      556, 543, 558, -1,
      558, 543, 544, -1,
      558, 544, 560, -1,
      560, 544, 545, -1,
      560, 545, 562, -1,
      562, 545, 546, -1,
      562, 546, 564, -1,
      564, 546, 129, -1,
      129, 133, 564, -1,
      564, 133, 134, -1,
      564, 134, 565, -1,
      565, 134, 135, -1,
      565, 135, 136, -1,
      204, 547, 793, -1,
      793, 547, 549, -1,
      793, 549, 794, -1,
      794, 549, 551, -1,
      794, 551, 795, -1,
      795, 551, 553, -1,
      795, 553, 796, -1,
      796, 553, 555, -1,
      796, 555, 797, -1,
      797, 555, 557, -1,
      797, 557, 798, -1,
      798, 557, 559, -1,
      798, 559, 799, -1,
      799, 559, 561, -1,
      799, 561, 800, -1,
      800, 561, 563, -1,
      800, 563, 801, -1,
      801, 563, 565, -1,
      801, 565, 802, -1,
      802, 565, 136, -1,
      802, 136, 137, -1,
      204, 793, 417, -1,
      417, 793, 794, -1,
      417, 794, 416, -1,
      416, 794, 795, -1,
      416, 795, 415, -1,
      415, 795, 796, -1,
      415, 796, 414, -1,
      414, 796, 797, -1,
      414, 797, 413, -1,
      413, 797, 798, -1,
      413, 798, 412, -1,
      412, 798, 799, -1,
      412, 799, 411, -1,
      411, 799, 800, -1,
      411, 800, 410, -1,
      410, 800, 801, -1,
      410, 801, 409, -1,
      409, 801, 802, -1,
      409, 802, 408, -1,
      408, 802, 137, -1,
      408, 137, 138, -1,
      120, 119, 776, -1,
      776, 119, 188, -1,
      776, 188, 777, -1,
      777, 188, 786, -1,
      777, 786, 778, -1,
      778, 786, 788, -1,
      778, 788, 779, -1,
      779, 788, 790, -1,
      779, 790, 780, -1,
      780, 790, 792, -1,
      780, 792, 781, -1,
      781, 792, 527, -1,
      781, 527, 782, -1,
      782, 527, 526, -1,
      782, 526, 783, -1,
      783, 526, 539, -1,
      783, 539, 784, -1,
      784, 539, 548, -1,
      784, 548, 785, -1,
      785, 548, 547, -1,
      785, 547, 204, -1,
      140, 139, 568, -1,
      568, 139, 144, -1,
      568, 144, 567, -1,
      567, 144, 143, -1,
      567, 143, 566, -1,
      566, 143, 142, -1,
      566, 142, 141, -1,
      570, 420, 572, -1,
      572, 420, 419, -1,
      572, 419, 574, -1,
      574, 419, 566, -1,
      574, 566, 576, -1,
      576, 566, 141, -1,
      141, 145, 576, -1,
      576, 145, 146, -1,
      576, 146, 577, -1,
      577, 146, 147, -1,
      577, 147, 148, -1,
      803, 569, 804, -1,
      804, 569, 571, -1,
      804, 571, 805, -1,
      805, 571, 573, -1,
      805, 573, 806, -1,
      806, 573, 575, -1,
      806, 575, 807, -1,
      807, 575, 577, -1,
      807, 577, 808, -1,
      808, 577, 148, -1,
      808, 148, 149, -1,
      579, 803, 581, -1,
      581, 803, 804, -1,
      581, 804, 583, -1,
      583, 804, 805, -1,
      583, 805, 585, -1,
      585, 805, 806, -1,
      585, 806, 587, -1,
      587, 806, 807, -1,
      587, 807, 589, -1,
      589, 807, 808, -1,
      589, 808, 591, -1,
      591, 808, 149, -1,
      149, 150, 591, -1,
      591, 150, 152, -1,
      591, 152, 592, -1,
      592, 152, 151, -1,
      592, 151, 156, -1,
      809, 578, 810, -1,
      810, 578, 580, -1,
      810, 580, 811, -1,
      811, 580, 582, -1,
      811, 582, 812, -1,
      812, 582, 584, -1,
      812, 584, 813, -1,
      813, 584, 586, -1,
      813, 586, 814, -1,
      814, 586, 588, -1,
      814, 588, 815, -1,
      815, 588, 590, -1,
      815, 590, 816, -1,
      816, 590, 592, -1,
      816, 592, 817, -1,
      817, 592, 156, -1,
      817, 156, 155, -1,
      593, 809, 595, -1,
      595, 809, 810, -1,
      595, 810, 597, -1,
      597, 810, 811, -1,
      597, 811, 599, -1,
      599, 811, 812, -1,
      599, 812, 601, -1,
      601, 812, 813, -1,
      601, 813, 603, -1,
      603, 813, 814, -1,
      603, 814, 605, -1,
      605, 814, 815, -1,
      605, 815, 607, -1,
      607, 815, 816, -1,
      607, 816, 609, -1,
      609, 816, 817, -1,
      609, 817, 611, -1,
      611, 817, 155, -1,
      155, 154, 611, -1,
      611, 154, 153, -1,
      611, 153, 612, -1,
      612, 153, 157, -1,
      612, 157, 158, -1,
      204, 594, 430, -1,
      430, 594, 596, -1,
      430, 596, 429, -1,
      429, 596, 598, -1,
      429, 598, 428, -1,
      428, 598, 600, -1,
      428, 600, 427, -1,
      427, 600, 602, -1,
      427, 602, 426, -1,
      426, 602, 604, -1,
      426, 604, 425, -1,
      425, 604, 606, -1,
      425, 606, 424, -1,
      424, 606, 608, -1,
      424, 608, 423, -1,
      423, 608, 610, -1,
      423, 610, 422, -1,
      422, 610, 612, -1,
      422, 612, 421, -1,
      421, 612, 158, -1,
      421, 158, 159, -1,
      138, 140, 408, -1,
      408, 140, 568, -1,
      408, 568, 364, -1,
      364, 568, 418, -1,
      364, 418, 330, -1,
      330, 418, 420, -1,
      330, 420, 300, -1,
      300, 420, 570, -1,
      300, 570, 274, -1,
      274, 570, 569, -1,
      274, 569, 252, -1,
      252, 569, 803, -1,
      252, 803, 234, -1,
      234, 803, 579, -1,
      234, 579, 220, -1,
      220, 579, 578, -1,
      220, 578, 205, -1,
      205, 578, 809, -1,
      205, 809, 206, -1,
      206, 809, 593, -1,
      206, 593, 204, -1,
      160, 161, 818, -1,
      818, 161, 186, -1,
      818, 186, 819, -1,
      819, 186, 820, -1,
      819, 820, 821, -1,
      821, 820, 822, -1,
      821, 822, 823, -1,
      823, 822, 824, -1,
      823, 824, 825, -1,
      825, 824, 826, -1,
      825, 826, 827, -1,
      827, 826, 828, -1,
      827, 828, 829, -1,
      829, 828, 830, -1,
      829, 830, 831, -1,
      831, 830, 832, -1,
      831, 832, 833, -1,
      833, 832, 834, -1,
      833, 834, 835, -1,
      835, 834, 836, -1,
      835, 836, 204, -1,
      162, 164, 186, -1,
      186, 164, 185, -1,
      186, 185, 820, -1,
      820, 185, 837, -1,
      820, 837, 822, -1,
      822, 837, 838, -1,
      822, 838, 824, -1,
      824, 838, 839, -1,
      824, 839, 826, -1,
      826, 839, 840, -1,
      826, 840, 828, -1,
      828, 840, 841, -1,
      828, 841, 830, -1,
      830, 841, 842, -1,
      830, 842, 832, -1,
      832, 842, 843, -1,
      832, 843, 834, -1,
      834, 843, 844, -1,
      834, 844, 836, -1,
      836, 844, 845, -1,
      836, 845, 204, -1,
      163, 167, 185, -1,
      185, 167, 846, -1,
      185, 846, 837, -1,
      837, 846, 847, -1,
      837, 847, 838, -1,
      838, 847, 848, -1,
      838, 848, 839, -1,
      839, 848, 849, -1,
      839, 849, 840, -1,
      840, 849, 850, -1,
      840, 850, 841, -1,
      841, 850, 851, -1,
      841, 851, 842, -1,
      842, 851, 852, -1,
      842, 852, 843, -1,
      843, 852, 853, -1,
      843, 853, 844, -1,
      844, 853, 854, -1,
      844, 854, 845, -1,
      845, 854, 855, -1,
      845, 855, 204, -1,
      167, 166, 846, -1,
      846, 166, 184, -1,
      846, 184, 847, -1,
      847, 184, 856, -1,
      847, 856, 848, -1,
      848, 856, 857, -1,
      848, 857, 849, -1,
      849, 857, 858, -1,
      849, 858, 850, -1,
      850, 858, 859, -1,
      850, 859, 851, -1,
      851, 859, 860, -1,
      851, 860, 852, -1,
      852, 860, 861, -1,
      852, 861, 853, -1,
      853, 861, 862, -1,
      853, 862, 854, -1,
      854, 862, 863, -1,
      854, 863, 855, -1,
      855, 863, 864, -1,
      855, 864, 204, -1,
      165, 168, 184, -1,
      184, 168, 183, -1,
      184, 183, 856, -1,
      856, 183, 865, -1,
      856, 865, 857, -1,
      857, 865, 866, -1,
      857, 866, 858, -1,
      858, 866, 867, -1,
      858, 867, 859, -1,
      859, 867, 868, -1,
      859, 868, 860, -1,
      860, 868, 869, -1,
      860, 869, 861, -1,
      861, 869, 870, -1,
      861, 870, 862, -1,
      862, 870, 871, -1,
      862, 871, 863, -1,
      863, 871, 872, -1,
      863, 872, 864, -1,
      864, 872, 873, -1,
      864, 873, 204, -1,
      169, 170, 183, -1,
      183, 170, 182, -1,
      183, 182, 865, -1,
      865, 182, 874, -1,
      865, 874, 866, -1,
      866, 874, 875, -1,
      866, 875, 867, -1,
      867, 875, 876, -1,
      867, 876, 868, -1,
      868, 876, 877, -1,
      868, 877, 869, -1,
      869, 877, 878, -1,
      869, 878, 870, -1,
      870, 878, 879, -1,
      870, 879, 871, -1,
      871, 879, 880, -1,
      871, 880, 872, -1,
      872, 880, 881, -1,
      872, 881, 873, -1,
      873, 881, 882, -1,
      873, 882, 204, -1,
      171, 172, 182, -1,
      182, 172, 883, -1,
      182, 883, 874, -1,
      874, 883, 884, -1,
      874, 884, 875, -1,
      875, 884, 885, -1,
      875, 885, 876, -1,
      876, 885, 886, -1,
      876, 886, 877, -1,
      877, 886, 887, -1,
      877, 887, 878, -1,
      878, 887, 888, -1,
      878, 888, 879, -1,
      879, 888, 889, -1,
      879, 889, 880, -1,
      880, 889, 890, -1,
      880, 890, 881, -1,
      881, 890, 891, -1,
      881, 891, 882, -1,
      882, 891, 892, -1,
      882, 892, 204, -1,
      172, 173, 883, -1,
      883, 173, 181, -1,
      883, 181, 884, -1,
      884, 181, 893, -1,
      884, 893, 885, -1,
      885, 893, 894, -1,
      885, 894, 886, -1,
      886, 894, 895, -1,
      886, 895, 887, -1,
      887, 895, 896, -1,
      887, 896, 888, -1,
      888, 896, 897, -1,
      888, 897, 889, -1,
      889, 897, 898, -1,
      889, 898, 890, -1,
      890, 898, 899, -1,
      890, 899, 891, -1,
      891, 899, 900, -1,
      891, 900, 892, -1,
      892, 900, 901, -1,
      892, 901, 204, -1,
      174, 176, 181, -1,
      181, 176, 180, -1,
      181, 180, 893, -1,
      893, 180, 902, -1,
      893, 902, 894, -1,
      894, 902, 903, -1,
      894, 903, 895, -1,
      895, 903, 904, -1,
      895, 904, 896, -1,
      896, 904, 905, -1,
      896, 905, 897, -1,
      897, 905, 906, -1,
      897, 906, 898, -1,
      898, 906, 907, -1,
      898, 907, 899, -1,
      899, 907, 908, -1,
      899, 908, 900, -1,
      900, 908, 909, -1,
      900, 909, 901, -1,
      901, 909, 910, -1,
      901, 910, 204, -1,
      175, 179, 180, -1,
      180, 179, 911, -1,
      180, 911, 902, -1,
      902, 911, 912, -1,
      902, 912, 903, -1,
      903, 912, 913, -1,
      903, 913, 904, -1,
      904, 913, 914, -1,
      904, 914, 905, -1,
      905, 914, 915, -1,
      905, 915, 906, -1,
      906, 915, 916, -1,
      906, 916, 907, -1,
      907, 916, 917, -1,
      907, 917, 908, -1,
      908, 917, 918, -1,
      908, 918, 909, -1,
      909, 918, 919, -1,
      909, 919, 910, -1,
      910, 919, 920, -1,
      910, 920, 204, -1,
      179, 178, 911, -1,
      911, 178, 613, -1,
      911, 613, 912, -1,
      912, 613, 614, -1,
      912, 614, 913, -1,
      913, 614, 616, -1,
      913, 616, 914, -1,
      914, 616, 618, -1,
      914, 618, 915, -1,
      915, 618, 620, -1,
      915, 620, 916, -1,
      916, 620, 622, -1,
      916, 622, 917, -1,
      917, 622, 624, -1,
      917, 624, 918, -1,
      918, 624, 626, -1,
      918, 626, 919, -1,
      919, 626, 628, -1,
      919, 628, 920, -1,
      920, 628, 630, -1,
      920, 630, 204, -1,
      159, 160, 421, -1,
      421, 160, 818, -1,
      421, 818, 373, -1,
      373, 818, 819, -1,
      373, 819, 338, -1,
      338, 819, 821, -1,
      338, 821, 307, -1,
      307, 821, 823, -1,
      307, 823, 280, -1,
      280, 823, 825, -1,
      280, 825, 257, -1,
      257, 825, 827, -1,
      257, 827, 238, -1,
      238, 827, 829, -1,
      238, 829, 223, -1,
      223, 829, 831, -1,
      223, 831, 201, -1,
      201, 831, 833, -1,
      201, 833, 202, -1,
      202, 833, 835, -1,
      202, 835, 204, -1,
    ]
  }
}

Shape {
  appearance Appearance {
    material Material {
      diffuseColor 0.7200 0.8400 1.0000
      specularColor 0.3020 0.3020 0.3020
      ambientIntensity 0.2
      transparency 0.0000
      shininess 0.5
    }
  }
  geometry IndexedFaceSet {
    ccw TRUE
    solid FALSE
    coord DEF co Coordinate {
      point [
        -0.021850 0.500421 0.019685,
        -0.010327 -0.056284 0.019685,
        -0.021850 -0.069967 0.019685,
        -0.010327 -0.069247 0.019685,
        0.053049 -0.069247 0.019685,
        0.076095 -0.063126 0.019685,
        0.076095 -0.050162 0.019685,
        0.053049 0.048863 0.019685,
        0.037205 0.035900 0.019685,
        0.037205 -0.002990 0.019685,
        -0.007446 0.035900 0.019685,
        -0.004565 -0.002990 0.019685,
        0.037205 -0.015954 0.019685,
        0.037205 -0.056284 0.019685,
        -0.004565 -0.015954 0.019685,
        0.234536 0.048863 0.019685,
        0.323181 -0.069967 0.019685,
        0.234536 -0.069247 0.019685,
        0.115539 -0.069967 0.019685,
        0.174040 -0.069247 0.019685,
        0.123149 -0.069178 0.019685,
        0.134596 -0.065238 0.019685,
        -0.007446 0.048863 0.019685,
        0.157724 0.017754 0.019685,
        0.150802 0.028797 0.019685,
        0.218692 0.048863 0.019685,
        0.115385 0.036034 0.019685,
        0.124225 0.032844 0.019685,
        0.078212 -0.051335 0.019685,
        0.132400 0.027375 0.019685,
        0.139533 0.019501 0.019685,
        0.148114 -0.011452 0.019685,
        0.146918 -0.024239 0.019685,
        0.143709 -0.034398 0.019685,
        0.117427 -0.056489 0.019685,
        0.106411 -0.057724 0.019685,
        0.126033 -0.053320 0.019685,
        0.133281 -0.048435 0.019685,
        0.138824 -0.042587 0.019685,
        0.090732 -0.055984 0.019685,
        0.144402 0.010381 0.019685,
        0.147550 -0.002263 0.019685,
        0.140139 0.039052 0.019685,
        0.323181 0.500421 0.019685,
        0.144097 -0.059171 0.019685,
        0.152969 -0.049831 0.019685,
        0.174040 -0.056284 0.019685,
        0.159261 -0.038601 0.019685,
        0.218692 -0.056284 0.019685,
        0.162816 -0.026099 0.019685,
        0.163958 -0.012420 0.019685,
        0.162259 0.004372 0.019685,
        0.128920 0.045510 0.019685,
        0.115753 0.049335 0.019685,
        0.103890 0.050304 0.019685,
        0.089751 0.049328 0.019685,
        0.076095 0.045622 0.019685,
        0.076095 0.029778 0.019685,
        0.089399 0.035475 0.019685,
        0.103755 0.037340 0.019685,
        0.100620 -0.069967 0.019685,
        0.105364 -0.070632 0.019685,
        -0.021850 -0.500421 0.019685,
        0.323181 -0.500421 0.019685,
        0.108594 -0.070687 0.019685,
        -0.323181 -0.500421 0.019685,
        -0.323181 -0.069967 0.019685,
        0.088685 -0.068295 0.019685,
        -0.214431 -0.036119 0.019685,
        -0.165639 -0.036119 0.019685,
        -0.226382 -0.069247 0.019685,
        -0.154364 -0.069247 0.019685,
        -0.137080 -0.069247 0.019685,
        -0.122539 -0.036876 0.019685,
        -0.115766 -0.047440 0.019685,
        -0.243667 -0.069247 0.019685,
        -0.197575 0.048863 0.019685,
        -0.323181 0.500421 0.019685,
        -0.181731 0.048863 0.019685,
        -0.106044 -0.056748 0.019685,
        -0.093712 -0.063915 0.019685,
        -0.080103 -0.067972 0.019685,
        -0.065489 -0.069247 0.019685,
        -0.033373 -0.069247 0.019685,
        -0.033373 0.048863 0.019685,
        -0.066704 0.048863 0.019685,
        -0.110565 0.033463 0.019685,
        -0.118918 0.024202 0.019685,
        -0.124407 0.014044 0.019685,
        -0.083767 0.047039 0.019685,
        -0.097587 0.042187 0.019685,
        -0.110442 0.033571 0.019685,
        -0.127579 0.002407 0.019685,
        -0.128437 -0.008707 0.019685,
        -0.126780 -0.024513 0.019685,
        -0.610236 0.531508 0.393701,
        -0.604050 0.525321 0.570866,
        -0.610236 0.531571 0.393701,
        -0.603379 0.530415 0.570866,
        -0.609565 0.536605 0.393586,
        -0.602552 0.532852 0.570866,
        -0.609559 0.536646 0.393585,
        -0.601415 0.535160 0.570866,
        -0.589470 0.544324 0.570866,
        -0.584376 0.544994 0.570866,
        -0.590563 0.551181 0.393701,
        -0.590626 0.551181 0.393701,
        -0.595660 0.550509 0.393586,
        -0.591907 0.543497 0.570866,
        -0.595701 0.550504 0.393585,
        -0.594215 0.542359 0.570866,
        -0.600407 0.548550 0.393513,
        -0.596354 0.540930 0.570866,
        -0.600426 0.548542 0.393513,
        -0.598289 0.539234 0.570866,
        -0.604483 0.545428 0.393489,
        -0.599985 0.537299 0.570866,
        -0.607597 0.541371 0.393513,
        -0.607606 0.541352 0.393513,
      ]
    }
    coordIndex [
      0, 1, 2, -1,
      2, 1, 3, -1,
      2, 3, 4, -1,
      5, 4, 6, -1,
      6, 4, 7, -1,
      8, 9, 10, -1,
      10, 9, 11, -1,
      12, 13, 14, -1,
      14, 13, 1, -1,
      15, 16, 17, -1,
      17, 16, 18, -1,
      17, 18, 19, -1,
      19, 18, 20, -1,
      19, 20, 21, -1,
      7, 22, 0, -1,
      0, 22, 10, -1,
      0, 10, 1, -1,
      1, 10, 11, -1,
      1, 11, 14, -1,
      23, 24, 25, -1,
      26, 27, 28, -1,
      28, 27, 29, -1,
      28, 29, 30, -1,
      31, 32, 28, -1,
      28, 32, 33, -1,
      34, 35, 36, -1,
      36, 35, 37, -1,
      33, 38, 28, -1,
      28, 38, 37, -1,
      28, 37, 39, -1,
      39, 37, 35, -1,
      30, 40, 28, -1,
      28, 40, 41, -1,
      28, 41, 31, -1,
      24, 42, 25, -1,
      25, 42, 0, -1,
      25, 0, 15, -1,
      15, 0, 43, -1,
      15, 43, 16, -1,
      21, 44, 19, -1,
      19, 44, 45, -1,
      19, 45, 46, -1,
      46, 45, 47, -1,
      46, 47, 48, -1,
      47, 49, 48, -1,
      48, 49, 50, -1,
      48, 50, 25, -1,
      25, 50, 51, -1,
      25, 51, 23, -1,
      42, 52, 0, -1,
      0, 52, 53, -1,
      0, 53, 54, -1,
      54, 55, 0, -1,
      0, 55, 56, -1,
      0, 56, 7, -1,
      7, 56, 57, -1,
      7, 57, 6, -1,
      6, 57, 58, -1,
      6, 58, 28, -1,
      28, 58, 59, -1,
      28, 59, 26, -1,
      60, 61, 62, -1,
      16, 63, 18, -1,
      18, 63, 62, -1,
      18, 62, 64, -1,
      64, 62, 61, -1,
      65, 66, 62, -1,
      62, 66, 2, -1,
      62, 2, 60, -1,
      60, 2, 4, -1,
      60, 4, 67, -1,
      67, 4, 5, -1,
      68, 69, 70, -1,
      70, 69, 71, -1,
      72, 73, 74, -1,
      75, 66, 76, -1,
      76, 66, 77, -1,
      76, 77, 78, -1,
      78, 77, 0, -1,
      74, 79, 72, -1,
      72, 79, 80, -1,
      72, 80, 81, -1,
      82, 83, 2, -1,
      2, 83, 84, -1,
      2, 84, 0, -1,
      0, 84, 85, -1,
      86, 87, 78, -1,
      78, 87, 88, -1,
      85, 89, 0, -1,
      0, 89, 90, -1,
      0, 90, 78, -1,
      78, 90, 91, -1,
      78, 91, 86, -1,
      81, 82, 72, -1,
      72, 82, 2, -1,
      72, 2, 71, -1,
      71, 2, 66, -1,
      71, 66, 70, -1,
      70, 66, 75, -1,
      88, 92, 78, -1,
      78, 92, 93, -1,
      78, 93, 72, -1,
      72, 93, 94, -1,
      72, 94, 73, -1,
      95, 96, 97, -1,
      97, 96, 98, -1,
      97, 98, 99, -1,
      99, 98, 100, -1,
      99, 100, 101, -1,
      101, 100, 102, -1,
      103, 104, 105, -1,
      105, 106, 103, -1,
      103, 106, 107, -1,
      103, 107, 108, -1,
      108, 107, 109, -1,
      108, 109, 110, -1,
      110, 109, 111, -1,
      110, 111, 112, -1,
      112, 111, 113, -1,
      112, 113, 114, -1,
      114, 113, 115, -1,
      114, 115, 116, -1,
      116, 115, 117, -1,
      116, 117, 102, -1,
      102, 117, 118, -1,
      102, 118, 101, -1,
    ]
  }
}

Shape {
  appearance Appearance {
    material Material {
      diffuseColor 0.7686 0.7686 0.7686
      specularColor 0.6157 0.6157 0.6157
      ambientIntensity 0.2
      transparency 0.0000
      shininess 0.5
    }
  }
  geometry IndexedFaceSet {
    ccw TRUE
    solid FALSE
    coord DEF co Coordinate {
      point [
        -0.000000 -0.472441 0.531496,
        -0.000000 -0.472441 0.452756,
        -0.049383 -0.469853 0.452756,
        -0.277763 0.382163 0.531496,
        -0.277763 0.382163 0.452756,
        -0.236220 0.409146 0.452756,
        -0.236220 -0.409146 0.767717,
        -0.277763 -0.382163 0.531496,
        -0.290864 -0.372289 0.767717,
        -0.290864 -0.372289 0.531496,
        -0.339846 -0.328185 0.767717,
        -0.339846 -0.328185 0.531496,
        -0.382213 -0.277694 0.767717,
        -0.382213 -0.277694 0.531496,
        -0.417141 -0.221798 0.767717,
        -0.417141 -0.221798 0.531496,
        -0.443949 -0.161584 0.767717,
        -0.443949 -0.161584 0.531496,
        -0.462117 -0.098226 0.767717,
        -0.462117 -0.098226 0.531496,
        -0.471290 -0.032956 0.767717,
        -0.471290 -0.032956 0.531496,
        -0.471290 0.032956 0.767717,
        -0.471290 0.032956 0.531496,
        -0.462117 0.098226 0.767717,
        -0.462117 0.098226 0.531496,
        -0.443949 0.161584 0.767717,
        -0.443949 0.161584 0.531496,
        -0.417141 0.221798 0.767717,
        -0.417141 0.221798 0.531496,
        -0.382213 0.277694 0.767717,
        -0.382213 0.277694 0.531496,
        -0.339846 0.328185 0.767717,
        -0.339846 0.328185 0.531496,
        -0.290864 0.372289 0.767717,
        -0.290864 0.372289 0.531496,
        -0.236220 0.409146 0.767717,
        -0.049383 0.469853 0.767717,
        0.000000 0.472441 0.531496,
        0.016488 0.472153 0.767717,
        0.016488 0.472153 0.531496,
        0.082039 0.465263 0.767717,
        0.082039 0.465263 0.531496,
        0.145992 0.449318 0.767717,
        0.145992 0.449318 0.531496,
        0.207104 0.424627 0.767717,
        0.207104 0.424627 0.531496,
        0.264185 0.391671 0.767717,
        0.264185 0.391671 0.531496,
        0.316125 0.351092 0.767717,
        0.316125 0.351092 0.531496,
        0.361911 0.303679 0.767717,
        0.361911 0.303679 0.531496,
        0.400653 0.250356 0.767717,
        0.400653 0.250356 0.531496,
        0.431596 0.192159 0.767717,
        0.431596 0.192159 0.531496,
        0.454139 0.130222 0.767717,
        0.454139 0.130222 0.531496,
        0.467843 0.065751 0.767717,
        0.467843 0.065751 0.531496,
        0.472441 -0.000000 0.767717,
        0.472441 -0.000000 0.531496,
        0.467843 -0.065751 0.767717,
        0.467843 -0.065751 0.531496,
        0.454139 -0.130222 0.767717,
        0.454139 -0.130222 0.531496,
        0.431596 -0.192159 0.767717,
        0.431596 -0.192159 0.531496,
        0.400653 -0.250356 0.767717,
        0.400653 -0.250356 0.531496,
        0.361911 -0.303679 0.767717,
        0.361911 -0.303679 0.531496,
        0.316125 -0.351092 0.767717,
        0.316125 -0.351092 0.531496,
        0.264185 -0.391671 0.767717,
        0.264185 -0.391671 0.531496,
        0.207104 -0.424627 0.767717,
        0.207104 -0.424627 0.531496,
        0.145992 -0.449318 0.767717,
        0.145992 -0.449318 0.531496,
        0.082039 -0.465263 0.767717,
        0.082039 -0.465263 0.531496,
        0.016488 -0.472153 0.767717,
        0.016488 -0.472153 0.531496,
        -0.049383 -0.469853 0.767717,
        0.000000 0.472441 0.452756,
        -0.049383 0.469853 0.452756,
        -0.114294 0.458407 0.452756,
        -0.114294 0.458407 0.767717,
        -0.176980 0.438040 0.452756,
        -0.176980 0.438040 0.767717,
        -0.277763 -0.382163 0.452756,
        -0.236220 -0.409146 0.452756,
        -0.176980 -0.438040 0.452756,
        -0.176980 -0.438040 0.767717,
        -0.114294 -0.458407 0.452756,
        -0.114294 -0.458407 0.767717,
        0.121094 -0.187070 0.452756,
        -0.056976 -0.187070 0.452756,
        -0.056976 0.187070 0.452756,
        0.000000 0.382163 0.452756,
        0.121094 0.187070 0.452756,
        0.315265 0.187070 0.452756,
        0.315265 -0.187070 0.452756,
        0.000000 -0.382163 0.452756,
        -0.688976 -0.236220 0.393701,
        -0.688976 -0.433071 0.393701,
        -0.687002 -0.433071 0.411222,
        -0.687002 -0.236220 0.411222,
        -0.681179 -0.433071 0.427865,
        -0.681179 -0.236220 0.427865,
        -0.671798 -0.433071 0.442794,
        -0.671798 -0.236220 0.442794,
        -0.659330 -0.433071 0.455262,
        -0.659330 -0.236220 0.455262,
        -0.644400 -0.433071 0.464643,
        -0.644400 -0.236220 0.464643,
        -0.627757 -0.433071 0.470467,
        -0.627757 -0.236220 0.470467,
        -0.610236 -0.433071 0.472441,
        -0.610236 -0.236220 0.472441,
      ]
    }
    coordIndex [
      0, 1, 2, -1,
      3, 4, 5, -1,
      6, 7, 8, -1,
      8, 7, 9, -1,
      8, 9, 10, -1,
      10, 9, 11, -1,
      10, 11, 12, -1,
      12, 11, 13, -1,
      12, 13, 14, -1,
      14, 13, 15, -1,
      14, 15, 16, -1,
      16, 15, 17, -1,
      16, 17, 18, -1,
      18, 17, 19, -1,
      18, 19, 20, -1,
      20, 19, 21, -1,
      20, 21, 22, -1,
      22, 21, 23, -1,
      22, 23, 24, -1,
      24, 23, 25, -1,
      24, 25, 26, -1,
      26, 25, 27, -1,
      26, 27, 28, -1,
      28, 27, 29, -1,
      28, 29, 30, -1,
      30, 29, 31, -1,
      30, 31, 32, -1,
      32, 31, 33, -1,
      32, 33, 34, -1,
      34, 33, 35, -1,
      34, 35, 36, -1,
      37, 38, 39, -1,
      39, 38, 40, -1,
      39, 40, 41, -1,
      41, 40, 42, -1,
      41, 42, 43, -1,
      43, 42, 44, -1,
      43, 44, 45, -1,
      45, 44, 46, -1,
      45, 46, 47, -1,
      47, 46, 48, -1,
      47, 48, 49, -1,
      49, 48, 50, -1,
      49, 50, 51, -1,
      51, 50, 52, -1,
      51, 52, 53, -1,
      53, 52, 54, -1,
      53, 54, 55, -1,
      55, 54, 56, -1,
      55, 56, 57, -1,
      57, 56, 58, -1,
      57, 58, 59, -1,
      59, 58, 60, -1,
      59, 60, 61, -1,
      61, 60, 62, -1,
      61, 62, 63, -1,
      63, 62, 64, -1,
      63, 64, 65, -1,
      65, 64, 66, -1,
      65, 66, 67, -1,
      67, 66, 68, -1,
      67, 68, 69, -1,
      69, 68, 70, -1,
      69, 70, 71, -1,
      71, 70, 72, -1,
      71, 72, 73, -1,
      73, 72, 74, -1,
      73, 74, 75, -1,
      75, 74, 76, -1,
      75, 76, 77, -1,
      77, 76, 78, -1,
      77, 78, 79, -1,
      79, 78, 80, -1,
      79, 80, 81, -1,
      81, 80, 82, -1,
      81, 82, 83, -1,
      83, 82, 84, -1,
      83, 84, 85, -1,
      86, 38, 87, -1,
      87, 38, 37, -1,
      87, 37, 88, -1,
      88, 37, 89, -1,
      88, 89, 90, -1,
      90, 89, 91, -1,
      90, 91, 5, -1,
      5, 91, 36, -1,
      5, 36, 3, -1,
      3, 36, 35, -1,
      92, 7, 93, -1,
      93, 7, 6, -1,
      93, 6, 94, -1,
      94, 6, 95, -1,
      94, 95, 96, -1,
      96, 95, 97, -1,
      96, 97, 2, -1,
      2, 97, 85, -1,
      2, 85, 0, -1,
      0, 85, 84, -1,
      98, 99, 92, -1,
      4, 100, 101, -1,
      101, 100, 102, -1,
      101, 102, 103, -1,
      103, 102, 104, -1,
      104, 102, 98, -1,
      104, 98, 105, -1,
      86, 87, 101, -1,
      101, 87, 88, -1,
      88, 90, 101, -1,
      101, 90, 5, -1,
      101, 5, 4, -1,
      94, 96, 105, -1,
      105, 96, 2, -1,
      105, 2, 1, -1,
      98, 92, 105, -1,
      105, 92, 93, -1,
      105, 93, 94, -1,
      106, 107, 108, -1,
      106, 108, 109, -1,
      109, 108, 110, -1,
      109, 110, 111, -1,
      111, 110, 112, -1,
      111, 112, 113, -1,
      113, 112, 114, -1,
      113, 114, 115, -1,
      115, 114, 116, -1,
      115, 116, 117, -1,
      117, 116, 118, -1,
      117, 118, 119, -1,
      119, 118, 120, -1,
      119, 120, 121, -1,
    ]
  }
}

Shape {
  appearance Appearance {
    material Material {
      diffuseColor 0.7200 0.8400 1.0000
      specularColor 0.3020 0.3020 0.3020
      ambientIntensity 0.2
      transparency 0.0000
      shininess 0.5
    }
  }
  geometry IndexedFaceSet {
    ccw TRUE
    solid FALSE
    coord DEF co Coordinate {
      point [
        -0.021850 0.500421 0.019685,
        0.323181 -0.069967 0.019685,
        0.323181 0.500421 0.019685,
        -0.021850 -0.500421 0.019685,
        0.323181 -0.500421 0.019685,
        -0.323181 -0.500421 0.019685,
        -0.323181 -0.069967 0.019685,
        -0.323181 0.500421 0.019685,
        -0.610236 0.531508 0.393701,
        -0.604050 0.525321 0.570866,
        -0.610236 0.531571 0.393701,
        -0.609565 0.536605 0.393586,
        -0.609559 0.536646 0.393585,
        -0.584376 0.544994 0.570866,
        -0.590563 0.551181 0.393701,
        -0.590626 0.551181 0.393701,
        -0.595660 0.550509 0.393586,
        -0.595701 0.550504 0.393585,
        -0.600407 0.548550 0.393513,
        -0.600426 0.548542 0.393513,
        -0.604483 0.545428 0.393489,
        -0.607597 0.541371 0.393513,
        -0.607606 0.541352 0.393513,
        -0.236220 -0.409146 0.767717,
        -0.290864 -0.372289 0.767717,
        -0.339846 -0.328185 0.767717,
        -0.382213 -0.277694 0.767717,
        -0.417141 -0.221798 0.767717,
        -0.443949 -0.161584 0.767717,
        -0.462117 -0.098226 0.767717,
        -0.471290 -0.032956 0.767717,
        -0.471290 0.032956 0.767717,
        -0.462117 0.098226 0.767717,
        -0.443949 0.161584 0.767717,
        -0.417141 0.221798 0.767717,
        -0.382213 0.277694 0.767717,
        -0.339846 0.328185 0.767717,
        -0.290864 0.372289 0.767717,
        -0.236220 0.409146 0.767717,
        -0.049383 0.469853 0.767717,
        0.016488 0.472153 0.767717,
        0.082039 0.465263 0.767717,
        0.145992 0.449318 0.767717,
        0.207104 0.424627 0.767717,
        0.264185 0.391671 0.767717,
        0.316125 0.351092 0.767717,
        0.361911 0.303679 0.767717,
        0.400653 0.250356 0.767717,
        0.431596 0.192159 0.767717,
        0.454139 0.130222 0.767717,
        0.467843 0.065751 0.767717,
        0.472441 -0.000000 0.767717,
        0.467843 -0.065751 0.767717,
        0.454139 -0.130222 0.767717,
        0.431596 -0.192159 0.767717,
        0.400653 -0.250356 0.767717,
        0.361911 -0.303679 0.767717,
        0.316125 -0.351092 0.767717,
        0.264185 -0.391671 0.767717,
        0.207104 -0.424627 0.767717,
        0.145992 -0.449318 0.767717,
        0.082039 -0.465263 0.767717,
        0.016488 -0.472153 0.767717,
        -0.049383 -0.469853 0.767717,
        -0.114294 0.458407 0.767717,
        -0.176980 0.438040 0.767717,
        -0.176980 -0.438040 0.767717,
        -0.114294 -0.458407 0.767717,
        0.342791 0.507310 0.098425,
        0.566365 0.507310 0.098425,
        0.342866 0.505588 0.098425,
        0.566365 0.433071 0.098425,
        0.566365 -0.507310 0.098425,
        0.342791 -0.507310 0.098425,
        0.342866 -0.505588 0.098425,
        0.362551 0.433071 0.098425,
        0.362551 -0.433071 0.098425,
        0.566365 -0.433071 0.098425,
        -0.607487 -0.433071 0.472441,
        -0.610236 -0.433071 0.393701,
        -0.610236 -0.531508 0.393701,
        -0.597839 -0.519111 0.748719,
        -0.597839 0.204487 0.748719,
        -0.604050 0.198276 0.570866,
        -0.610236 0.433071 0.393701,
        -0.607487 0.433071 0.472441,
        -0.323181 -0.520031 0.037654,
        0.323181 -0.520031 0.037654,
        -0.323181 -0.526920 0.116394,
        0.323181 -0.526920 0.116394,
        0.566365 -0.526920 0.116394,
        0.590626 -0.551181 0.393701,
        0.590563 -0.551181 0.393701,
        -0.590563 -0.551181 0.393701,
        -0.566365 -0.526920 0.116394,
        -0.590626 -0.551181 0.393701,
        -0.585975 0.507310 0.116394,
        -0.585975 -0.507310 0.116394,
        -0.610236 -0.531571 0.393701,
        -0.610236 -0.236220 0.393701,
        -0.610236 0.236220 0.393701,
        0.323181 0.526920 0.116394,
        0.323181 0.520031 0.037654,
        -0.323181 0.520031 0.037654,
        -0.566365 0.526920 0.116394,
        -0.323181 0.526920 0.116394,
        0.590563 0.551181 0.393701,
        0.590626 0.551181 0.393701,
        0.566365 0.526920 0.116394,
        -0.609565 -0.536605 0.393586,
        -0.585373 -0.511656 0.116067,
        -0.609559 -0.536646 0.393585,
        -0.585275 -0.512361 0.116014,
        -0.607606 -0.541352 0.393513,
        -0.583857 -0.515741 0.115842,
        -0.607597 -0.541371 0.393513,
        -0.583298 -0.517072 0.115775,
        -0.581512 -0.519393 0.115728,
        -0.604483 -0.545428 0.393489,
        -0.590626 -0.551181 0.393700,
        -0.570711 -0.526318 0.116067,
        -0.595660 -0.550509 0.393586,
        -0.571417 -0.526220 0.116014,
        -0.595701 -0.550504 0.393585,
        -0.574796 -0.524802 0.115842,
        -0.600407 -0.548550 0.393513,
        -0.576127 -0.524243 0.115775,
        -0.600426 -0.548542 0.393513,
        -0.578448 -0.522457 0.115728,
        -0.580179 -0.521124 0.115693,
        -0.323181 -0.519015 0.032907,
        -0.323181 -0.505239 0.020284,
        0.323181 -0.519015 0.032907,
        -0.323181 -0.516868 0.028553,
        0.323181 -0.516868 0.028553,
        -0.323181 -0.513720 0.024857,
        0.323181 -0.513720 0.024857,
        -0.323181 -0.509763 0.022043,
        0.323181 -0.509763 0.022043,
        0.323181 -0.505239 0.020284,
        -0.571417 0.526220 0.116014,
        -0.571430 0.526214 0.116013,
        -0.576127 0.524243 0.115775,
        -0.576137 0.524236 0.115774,
        -0.580179 0.521124 0.115693,
        -0.583291 0.517082 0.115774,
        -0.583298 0.517072 0.115775,
        -0.585269 0.512375 0.116013,
        -0.585275 0.512361 0.116014,
        -0.610236 0.531571 0.393700,
        -0.323181 0.505239 0.020284,
        0.323181 0.505239 0.020284,
        -0.323181 0.509763 0.022043,
        0.323181 0.509763 0.022043,
        -0.323181 0.513720 0.024857,
        0.323181 0.513720 0.024857,
        -0.323181 0.516868 0.028553,
        0.323181 0.516868 0.028553,
        -0.323181 0.519015 0.032907,
        0.323181 0.519015 0.032907,
        0.610236 0.433071 0.393701,
        0.585975 -0.507310 0.116394,
        0.610236 0.531508 0.393701,
        0.585975 0.507310 0.116394,
        0.610236 0.531571 0.393701,
        0.610236 -0.433071 0.393701,
        0.610236 -0.531508 0.393701,
        0.610236 -0.531571 0.393701,
        0.595660 -0.550509 0.393586,
        0.570711 -0.526318 0.116067,
        0.595701 -0.550504 0.393585,
        0.571417 -0.526220 0.116014,
        0.600407 -0.548550 0.393513,
        0.574796 -0.524802 0.115842,
        0.600426 -0.548542 0.393513,
        0.576127 -0.524243 0.115775,
        0.578448 -0.522457 0.115728,
        0.604483 -0.545428 0.393489,
        0.610236 -0.531571 0.393700,
        0.585373 -0.511656 0.116067,
        0.609565 -0.536605 0.393586,
        0.585275 -0.512361 0.116014,
        0.609559 -0.536646 0.393585,
        0.583857 -0.515741 0.115842,
        0.607606 -0.541352 0.393513,
        0.583298 -0.517072 0.115775,
        0.607597 -0.541371 0.393513,
        0.581512 -0.519393 0.115728,
        0.580179 -0.521124 0.115693,
        0.609565 0.536605 0.393586,
        0.585373 0.511656 0.116067,
        0.609559 0.536646 0.393585,
        0.585275 0.512361 0.116014,
        0.607606 0.541352 0.393513,
        0.583857 0.515741 0.115842,
        0.607597 0.541371 0.393513,
        0.583298 0.517072 0.115775,
        0.581512 0.519393 0.115728,
        0.604483 0.545428 0.393489,
        0.590626 0.551181 0.393700,
        0.570711 0.526318 0.116067,
        0.595660 0.550509 0.393586,
        0.571417 0.526220 0.116014,
        0.595701 0.550504 0.393585,
        0.574796 0.524802 0.115842,
        0.600407 0.548550 0.393513,
        0.576127 0.524243 0.115775,
        0.600426 0.548542 0.393513,
        0.578448 0.522457 0.115728,
        0.580179 0.521124 0.115693,
        0.607487 -0.433071 0.472441,
        0.607487 0.433071 0.472441,
        0.597839 0.519111 0.748719,
        0.597839 -0.519111 0.748719,
        -0.257331 0.544994 0.570866,
        -0.263542 0.538783 0.748719,
        0.578166 0.538783 0.748719,
        -0.578166 -0.538783 0.748719,
        0.578166 -0.538783 0.748719,
        -0.578166 -0.519111 0.767717,
        0.578166 0.519111 0.767717,
        0.578166 -0.519111 0.767717,
        -0.283215 0.519111 0.767717,
        -0.578166 0.224159 0.767717,
        -0.578166 -0.538011 0.753532,
        0.578166 -0.538011 0.753532,
        -0.578166 -0.537951 0.753670,
        0.578166 -0.537951 0.753670,
        -0.578166 -0.535987 0.758165,
        0.578166 -0.535987 0.758165,
        -0.578166 -0.535913 0.758259,
        0.578166 -0.535913 0.758259,
        -0.578166 -0.532850 0.762129,
        0.578166 -0.532850 0.762129,
        -0.578166 -0.532778 0.762183,
        0.578166 -0.532778 0.762183,
        -0.578166 -0.528807 0.765163,
        0.578166 -0.528807 0.765163,
        -0.578166 -0.528751 0.765185,
        0.578166 -0.528751 0.765185,
        -0.578166 -0.524124 0.767067,
        0.578166 -0.524124 0.767067,
        -0.578166 -0.524094 0.767071,
        0.578166 -0.524094 0.767071,
        0.594968 -0.519111 0.758259,
        0.591905 -0.519111 0.762129,
        0.591437 -0.522667 0.762129,
        0.587531 -0.521620 0.765163,
        0.583008 -0.520408 0.767067,
        0.582507 -0.521617 0.767067,
        0.580672 -0.523452 0.767067,
        0.581711 -0.522656 0.767067,
        0.579463 -0.523953 0.767067,
        0.583149 -0.519111 0.767071,
        0.597163 -0.524198 0.748872,
        0.596422 -0.524002 0.753532,
        0.594534 -0.528561 0.753532,
        0.595195 -0.528940 0.748969,
        0.591531 -0.532476 0.753532,
        0.592068 -0.533013 0.749002,
        0.587616 -0.535479 0.753532,
        0.587995 -0.536140 0.748969,
        0.583057 -0.537367 0.753532,
        0.583254 -0.538108 0.748872,
        0.591833 -0.519111 0.762183,
        0.587862 -0.519111 0.765163,
        0.587806 -0.519111 0.765185,
        0.583179 -0.519111 0.767067,
        0.586563 -0.523959 0.765163,
        0.585022 -0.525967 0.765163,
        0.583014 -0.527508 0.765163,
        0.580675 -0.528476 0.765163,
        0.590065 -0.525980 0.762129,
        0.587881 -0.528826 0.762129,
        0.585035 -0.531009 0.762129,
        0.581722 -0.532382 0.762129,
        0.597006 -0.519111 0.753670,
        0.595042 -0.519111 0.758165,
        0.594467 -0.523479 0.758165,
        0.592781 -0.527549 0.758165,
        0.590099 -0.531044 0.758165,
        0.586604 -0.533726 0.758165,
        0.582534 -0.535412 0.758165,
        0.597067 -0.519111 0.753532,
        -0.581921 -0.535564 0.758165,
        -0.581223 -0.532506 0.762129,
        -0.580323 -0.528564 0.765163,
        -0.579281 -0.523998 0.767067,
        -0.580341 -0.523628 0.767067,
        -0.582683 -0.521286 0.767067,
        -0.582085 -0.522236 0.767067,
        -0.583054 -0.520226 0.767067,
        -0.582531 -0.538204 0.748851,
        -0.582372 -0.537537 0.753532,
        -0.583254 -0.538108 0.748872,
        -0.586367 -0.536140 0.753532,
        -0.586645 -0.536700 0.748942,
        -0.587995 -0.536140 0.748969,
        -0.589950 -0.533888 0.753532,
        -0.590324 -0.534352 0.748988,
        -0.592068 -0.533013 0.749002,
        -0.592943 -0.530895 0.753532,
        -0.593407 -0.531269 0.748988,
        -0.595195 -0.528940 0.748969,
        -0.595195 -0.527311 0.753532,
        -0.595756 -0.527590 0.748942,
        -0.597163 -0.524198 0.748872,
        -0.596593 -0.523317 0.753532,
        -0.597259 -0.523476 0.748851,
        -0.597067 -0.519111 0.753532,
        -0.583149 -0.519111 0.767071,
        -0.584211 -0.526691 0.765163,
        -0.585746 -0.525156 0.765163,
        -0.586902 -0.523318 0.765163,
        -0.587619 -0.521268 0.765163,
        -0.582373 -0.527846 0.765163,
        -0.581291 -0.523030 0.767067,
        -0.583179 -0.519111 0.767067,
        -0.587806 -0.519111 0.765185,
        -0.587862 -0.519111 0.765163,
        -0.591833 -0.519111 0.762183,
        -0.584127 -0.531489 0.762129,
        -0.586732 -0.529852 0.762129,
        -0.588907 -0.527677 0.762129,
        -0.590544 -0.525072 0.762129,
        -0.591561 -0.522168 0.762129,
        -0.585488 -0.534316 0.758165,
        -0.588688 -0.532305 0.758165,
        -0.591360 -0.529633 0.758165,
        -0.593371 -0.526433 0.758165,
        -0.594619 -0.522866 0.758165,
        -0.591905 -0.519111 0.762129,
        -0.594968 -0.519111 0.758259,
        -0.595042 -0.519111 0.758165,
        -0.597006 -0.519111 0.753670,
        0.597067 0.519111 0.753532,
        0.597006 0.519111 0.753670,
        0.595042 0.519111 0.758165,
        0.594968 0.519111 0.758259,
        0.591905 0.519111 0.762129,
        0.591833 0.519111 0.762183,
        0.587862 0.519111 0.765163,
        0.587806 0.519111 0.765185,
        0.583179 0.519111 0.767067,
        0.583149 0.519111 0.767071,
        -0.263790 0.538535 0.751224,
        -0.264357 0.537969 0.753677,
        0.578166 0.537951 0.753670,
        -0.265231 0.537094 0.756038,
        -0.266401 0.535925 0.758268,
        0.578166 0.535913 0.758259,
        -0.273571 0.528754 0.765193,
        -0.278231 0.524095 0.767075,
        0.578166 0.524094 0.767071,
        0.578166 0.524124 0.767067,
        0.578166 0.528751 0.765185,
        -0.269541 0.532785 0.762192,
        0.578166 0.528807 0.765163,
        0.578166 0.532778 0.762183,
        0.578166 0.532850 0.762129,
        0.578166 0.535987 0.758165,
        0.578166 0.538011 0.753532,
        -0.597590 0.204735 0.751224,
        -0.597024 0.205302 0.753677,
        -0.596149 0.206176 0.756038,
        -0.594980 0.207346 0.758268,
        -0.591840 0.210485 0.762192,
        -0.587809 0.214516 0.765193,
        -0.583150 0.219176 0.767075,
        0.581722 0.532382 0.762129,
        0.580675 0.528476 0.765163,
        0.579463 0.523953 0.767067,
        0.580672 0.523452 0.767067,
        0.582507 0.521617 0.767067,
        0.581711 0.522656 0.767067,
        0.583008 0.520408 0.767067,
        0.583254 0.538108 0.748872,
        0.583057 0.537367 0.753532,
        0.587616 0.535479 0.753532,
        0.587995 0.536140 0.748969,
        0.591531 0.532476 0.753532,
        0.592068 0.533013 0.749002,
        0.594534 0.528561 0.753532,
        0.595195 0.528940 0.748969,
        0.596422 0.524002 0.753532,
        0.597163 0.524198 0.748872,
        0.583014 0.527508 0.765163,
        0.585022 0.525967 0.765163,
        0.586563 0.523959 0.765163,
        0.587531 0.521620 0.765163,
        0.585035 0.531009 0.762129,
        0.587881 0.528826 0.762129,
        0.590065 0.525980 0.762129,
        0.591437 0.522667 0.762129,
        0.582534 0.535412 0.758165,
        0.586604 0.533726 0.758165,
        0.590099 0.531044 0.758165,
        0.592781 0.527549 0.758165,
        0.594467 0.523479 0.758165,
        0.342866 -0.500421 0.039370,
        0.342866 0.500421 0.039370,
        0.327993 0.525869 0.111656,
        0.566365 0.525951 0.111785,
        0.566365 0.525888 0.111655,
        0.328276 0.525808 0.111378,
        0.332497 0.523698 0.107325,
        0.566365 0.523820 0.107391,
        0.566365 0.523746 0.107302,
        0.333023 0.523435 0.106819,
        0.336422 0.520541 0.103661,
        0.566365 0.520673 0.103656,
        0.566365 0.520603 0.103606,
        0.337100 0.519963 0.103031,
        0.339627 0.516652 0.100783,
        0.566365 0.512127 0.099028,
        0.566365 0.516704 0.100811,
        0.566365 0.516650 0.100790,
        0.340228 0.515629 0.100270,
        0.566365 0.512156 0.099031,
        0.341774 0.512128 0.099024,
        0.342195 0.510728 0.098724,
        0.584943 0.507310 0.111655,
        0.582876 0.507310 0.107391,
        0.582461 0.510984 0.107391,
        0.582801 0.507310 0.107302,
        0.579728 0.507310 0.103656,
        0.579393 0.510283 0.103656,
        0.575523 0.509400 0.100811,
        0.571089 0.508388 0.099031,
        0.570731 0.509413 0.099031,
        0.568468 0.511676 0.099031,
        0.569386 0.511099 0.099031,
        0.567443 0.512034 0.099031,
        0.571182 0.507310 0.099028,
        0.584539 0.511458 0.111785,
        0.583160 0.515398 0.111785,
        0.580939 0.518933 0.111785,
        0.577988 0.521884 0.111785,
        0.574453 0.524105 0.111785,
        0.570513 0.525484 0.111785,
        0.579658 0.507310 0.103606,
        0.575759 0.507310 0.100811,
        0.575705 0.507310 0.100790,
        0.571211 0.507310 0.099031,
        0.573709 0.513167 0.100811,
        0.572222 0.514654 0.100811,
        0.570441 0.515773 0.100811,
        0.568455 0.516468 0.100811,
        0.574829 0.511386 0.100811,
        0.570154 0.510331 0.099031,
        0.578405 0.513108 0.103656,
        0.576813 0.515642 0.103656,
        0.574697 0.517758 0.103656,
        0.572163 0.519350 0.103656,
        0.569339 0.520338 0.103656,
        0.581241 0.514474 0.107391,
        0.579273 0.517604 0.107391,
        0.576659 0.520218 0.107391,
        0.573529 0.522185 0.107391,
        0.570039 0.523406 0.107391,
        0.585006 0.507310 0.111785,
        0.342195 0.505496 0.038926,
        0.340228 0.510226 0.038512,
        0.337100 0.514287 0.038157,
        0.333023 0.517404 0.037884,
        0.328276 0.519363 0.037713,
        0.571182 -0.507310 0.099028,
        0.571211 -0.507310 0.099031,
        0.575705 -0.507310 0.100790,
        0.575759 -0.507310 0.100811,
        0.579658 -0.507310 0.103606,
        0.579728 -0.507310 0.103656,
        0.582801 -0.507310 0.107302,
        0.582876 -0.507310 0.107391,
        0.584943 -0.507310 0.111655,
        0.585006 -0.507310 0.111785,
        0.328276 0.505074 0.020934,
        0.328276 0.509445 0.022634,
        0.333023 0.504593 0.022841,
        0.333023 0.508512 0.024365,
        0.337100 0.503828 0.025874,
        0.337100 0.507027 0.027118,
        0.340228 0.502830 0.029827,
        0.340228 0.505092 0.030707,
        0.342195 0.501668 0.034430,
        0.342195 0.502839 0.034885,
        0.328276 0.513267 0.025351,
        0.333023 0.511938 0.026801,
        0.337100 0.509825 0.029107,
        0.340228 0.507070 0.032113,
        0.342195 0.503863 0.035614,
        0.328276 0.500421 0.020356,
        0.333023 0.500421 0.022322,
        0.337100 0.500421 0.025451,
        0.340228 0.500421 0.029528,
        0.342195 0.500421 0.034275,
        0.328276 0.516307 0.028922,
        0.328276 0.518381 0.033127,
        0.333023 0.514664 0.030002,
        0.333023 0.516524 0.033773,
        0.337100 0.512050 0.031721,
        0.337100 0.513569 0.034800,
        0.340228 0.508644 0.033961,
        0.340228 0.509718 0.036139,
        0.342195 0.504678 0.036570,
        0.342195 0.505233 0.037697,
        0.566365 -0.525888 0.111655,
        0.566365 -0.523820 0.107391,
        0.570039 -0.523406 0.107391,
        0.566365 -0.523746 0.107302,
        0.566365 -0.520673 0.103656,
        0.569339 -0.520338 0.103656,
        0.568455 -0.516468 0.100811,
        0.567443 -0.512034 0.099031,
        0.568468 -0.511676 0.099031,
        0.570731 -0.509413 0.099031,
        0.570154 -0.510331 0.099031,
        0.571089 -0.508388 0.099031,
        0.566365 -0.512127 0.099028,
        0.570513 -0.525484 0.111785,
        0.574453 -0.524105 0.111785,
        0.577988 -0.521884 0.111785,
        0.580939 -0.518933 0.111785,
        0.583160 -0.515398 0.111785,
        0.584539 -0.511458 0.111785,
        0.566365 -0.520603 0.103606,
        0.566365 -0.516704 0.100811,
        0.566365 -0.516650 0.100790,
        0.566365 -0.512156 0.099031,
        0.572222 -0.514654 0.100811,
        0.573709 -0.513167 0.100811,
        0.574829 -0.511386 0.100811,
        0.575523 -0.509400 0.100811,
        0.570441 -0.515773 0.100811,
        0.569386 -0.511099 0.099031,
        0.572163 -0.519350 0.103656,
        0.574697 -0.517758 0.103656,
        0.576813 -0.515642 0.103656,
        0.578405 -0.513108 0.103656,
        0.579393 -0.510283 0.103656,
        0.573529 -0.522185 0.107391,
        0.576659 -0.520218 0.107391,
        0.579273 -0.517604 0.107391,
        0.581241 -0.514474 0.107391,
        0.582461 -0.510984 0.107391,
        0.566365 -0.525951 0.111785,
        0.328276 -0.500421 0.020356,
        0.333023 -0.500421 0.022322,
        0.337100 -0.500421 0.025451,
        0.340228 -0.500421 0.029528,
        0.342195 -0.500421 0.034275,
        0.342372 -0.510001 0.098610,
        0.341774 -0.512128 0.099024,
        0.339526 -0.516598 0.100890,
        0.340916 -0.514272 0.099698,
        0.336406 -0.520541 0.103677,
        0.338571 -0.518195 0.101709,
        0.332481 -0.523692 0.107341,
        0.335454 -0.521572 0.104542,
        0.327984 -0.525862 0.111665,
        0.331722 -0.524233 0.108056,
        0.327561 -0.526046 0.112074,
        0.342195 -0.503863 0.035614,
        0.342195 -0.502839 0.034885,
        0.340789 -0.508877 0.038630,
        0.340228 -0.510226 0.038512,
        0.340228 -0.509718 0.036139,
        0.338440 -0.512548 0.038309,
        0.337100 -0.514287 0.038157,
        0.337100 -0.513569 0.034800,
        0.328276 -0.505074 0.020934,
        0.328276 -0.513267 0.025351,
        0.327550 -0.519458 0.037705,
        0.328276 -0.518381 0.033127,
        0.328276 -0.519363 0.037713,
        0.328276 -0.516307 0.028922,
        0.333023 -0.514664 0.030002,
        0.331669 -0.517963 0.037835,
        0.333023 -0.516524 0.033773,
        0.333023 -0.517404 0.037884,
        0.335354 -0.515622 0.038040,
        0.337100 -0.503828 0.025874,
        0.337100 -0.512050 0.031721,
        0.333023 -0.511938 0.026801,
        0.328276 -0.509445 0.022634,
        0.340228 -0.502830 0.029827,
        0.340228 -0.505092 0.030707,
        0.333023 -0.508512 0.024365,
        0.337100 -0.509825 0.029107,
        0.340228 -0.508644 0.033961,
        0.342195 -0.505233 0.037697,
        0.342195 -0.501668 0.034430,
        0.342291 -0.504774 0.038989,
        0.342195 -0.505496 0.038926,
        0.333023 -0.504593 0.022841,
        0.337100 -0.507027 0.027118,
        0.340228 -0.507070 0.032113,
        0.342195 -0.504678 0.036570,
        -0.342866 -0.505588 0.098425,
        -0.342866 0.505588 0.098425,
        -0.342866 -0.500421 0.039370,
        -0.342866 0.500421 0.039370,
        -0.342791 -0.507310 0.098425,
        -0.566365 -0.507310 0.098425,
        -0.362551 0.433071 0.098425,
        -0.362551 -0.433071 0.098425,
        -0.566365 -0.433071 0.098425,
        -0.566365 0.433071 0.098425,
        -0.566365 0.507310 0.098425,
        -0.342791 0.507310 0.098425,
        -0.342195 0.510728 0.098724,
        -0.566365 0.512127 0.099028,
        -0.341774 0.512128 0.099024,
        -0.340228 0.515629 0.100270,
        -0.566365 0.512156 0.099031,
        -0.566365 0.516650 0.100790,
        -0.336480 0.520609 0.103597,
        -0.337034 0.519912 0.103101,
        -0.339627 0.516652 0.100783,
        -0.566365 0.516704 0.100811,
        -0.566365 0.520603 0.103606,
        -0.332988 0.523387 0.106859,
        -0.332523 0.523756 0.107293,
        -0.566365 0.520673 0.103656,
        -0.566365 0.523746 0.107302,
        -0.328264 0.525778 0.111392,
        -0.327998 0.525904 0.111647,
        -0.566365 0.523820 0.107391,
        -0.566365 0.525888 0.111655,
        -0.566365 0.525951 0.111785,
        -0.569824 0.520218 0.103656,
        -0.568796 0.516383 0.100811,
        -0.567619 0.511991 0.099031,
        -0.568788 0.511507 0.099031,
        -0.570562 0.509733 0.099031,
        -0.569792 0.510737 0.099031,
        -0.571046 0.508564 0.099031,
        -0.571190 0.525316 0.111785,
        -0.575685 0.523454 0.111785,
        -0.579546 0.520491 0.111785,
        -0.582509 0.516630 0.111785,
        -0.584371 0.512135 0.111785,
        -0.585006 0.507310 0.111785,
        -0.571182 0.507310 0.099028,
        -0.571062 0.515445 0.100811,
        -0.573007 0.513952 0.100811,
        -0.574500 0.512007 0.100811,
        -0.575439 0.509741 0.100811,
        -0.571211 0.507310 0.099031,
        -0.575705 0.507310 0.100790,
        -0.575759 0.507310 0.100811,
        -0.579658 0.507310 0.103606,
        -0.573047 0.518883 0.103656,
        -0.575814 0.516759 0.103656,
        -0.577938 0.513992 0.103656,
        -0.579273 0.510769 0.103656,
        -0.570638 0.523258 0.107391,
        -0.574620 0.521608 0.107391,
        -0.578040 0.518985 0.107391,
        -0.580663 0.515565 0.107391,
        -0.582313 0.511583 0.107391,
        -0.579728 0.507310 0.103656,
        -0.582801 0.507310 0.107302,
        -0.582876 0.507310 0.107391,
        -0.584943 0.507310 0.111655,
        -0.342195 0.505496 0.038926,
        -0.328276 0.519363 0.037713,
        -0.333023 0.517404 0.037884,
        -0.337100 0.514287 0.038157,
        -0.340228 0.510226 0.038512,
        -0.571182 -0.507310 0.099028,
        -0.571211 -0.507310 0.099031,
        -0.575705 -0.507310 0.100790,
        -0.575759 -0.507310 0.100811,
        -0.579658 -0.507310 0.103606,
        -0.579728 -0.507310 0.103656,
        -0.582801 -0.507310 0.107302,
        -0.582876 -0.507310 0.107391,
        -0.584943 -0.507310 0.111655,
        -0.585006 -0.507310 0.111785,
        -0.328276 0.500421 0.020356,
        -0.328276 0.505074 0.020934,
        -0.340228 0.505092 0.030707,
        -0.342195 0.502839 0.034885,
        -0.342195 0.503863 0.035614,
        -0.342195 0.505233 0.037697,
        -0.342195 0.501668 0.034430,
        -0.340228 0.502830 0.029827,
        -0.337100 0.503828 0.025874,
        -0.342195 0.500421 0.034275,
        -0.340228 0.507070 0.032113,
        -0.342195 0.504678 0.036570,
        -0.340228 0.508644 0.033961,
        -0.340228 0.509718 0.036139,
        -0.340228 0.500421 0.029528,
        -0.337100 0.500421 0.025451,
        -0.333023 0.500421 0.022322,
        -0.337100 0.507027 0.027118,
        -0.337100 0.509825 0.029107,
        -0.337100 0.512050 0.031721,
        -0.337100 0.513569 0.034800,
        -0.333023 0.504593 0.022841,
        -0.333023 0.508512 0.024365,
        -0.333023 0.511938 0.026801,
        -0.333023 0.514664 0.030002,
        -0.333023 0.516524 0.033773,
        -0.328276 0.509445 0.022634,
        -0.328276 0.513267 0.025351,
        -0.328276 0.516307 0.028922,
        -0.328276 0.518381 0.033127,
        -0.582461 -0.510984 0.107391,
        -0.579393 -0.510283 0.103656,
        -0.575523 -0.509400 0.100811,
        -0.571089 -0.508388 0.099031,
        -0.570731 -0.509413 0.099031,
        -0.568468 -0.511676 0.099031,
        -0.569386 -0.511099 0.099031,
        -0.567443 -0.512034 0.099031,
        -0.584539 -0.511458 0.111785,
        -0.583160 -0.515398 0.111785,
        -0.580939 -0.518933 0.111785,
        -0.577988 -0.521884 0.111785,
        -0.574453 -0.524105 0.111785,
        -0.570513 -0.525484 0.111785,
        -0.566365 -0.525951 0.111785,
        -0.566365 -0.512127 0.099028,
        -0.573709 -0.513167 0.100811,
        -0.572222 -0.514654 0.100811,
        -0.570441 -0.515773 0.100811,
        -0.568455 -0.516468 0.100811,
        -0.574829 -0.511386 0.100811,
        -0.570154 -0.510331 0.099031,
        -0.566365 -0.512156 0.099031,
        -0.566365 -0.516650 0.100790,
        -0.566365 -0.516704 0.100811,
        -0.566365 -0.520603 0.103606,
        -0.578405 -0.513108 0.103656,
        -0.576813 -0.515642 0.103656,
        -0.574697 -0.517758 0.103656,
        -0.572163 -0.519350 0.103656,
        -0.569339 -0.520338 0.103656,
        -0.581241 -0.514474 0.107391,
        -0.579273 -0.517604 0.107391,
        -0.576659 -0.520218 0.107391,
        -0.573529 -0.522185 0.107391,
        -0.570039 -0.523406 0.107391,
        -0.566365 -0.520673 0.103656,
        -0.566365 -0.523746 0.107302,
        -0.566365 -0.523820 0.107391,
        -0.566365 -0.525888 0.111655,
        -0.328276 -0.500421 0.020356,
        -0.333023 -0.500421 0.022322,
        -0.337100 -0.500421 0.025451,
        -0.340228 -0.500421 0.029528,
        -0.342195 -0.500421 0.034275,
        -0.327993 -0.525869 0.111656,
        -0.328276 -0.525808 0.111378,
        -0.332497 -0.523698 0.107325,
        -0.333023 -0.523435 0.106819,
        -0.336422 -0.520541 0.103661,
        -0.337100 -0.519963 0.103031,
        -0.339627 -0.516652 0.100783,
        -0.340228 -0.515629 0.100270,
        -0.341774 -0.512128 0.099024,
        -0.342195 -0.510728 0.098724,
        -0.328276 -0.519363 0.037713,
        -0.328276 -0.518381 0.033127,
        -0.340228 -0.508644 0.033961,
        -0.342195 -0.504678 0.036570,
        -0.342195 -0.503863 0.035614,
        -0.342195 -0.501668 0.034430,
        -0.342195 -0.505233 0.037697,
        -0.340228 -0.509718 0.036139,
        -0.337100 -0.513569 0.034800,
        -0.342195 -0.505496 0.038926,
        -0.340228 -0.507070 0.032113,
        -0.342195 -0.502839 0.034885,
        -0.340228 -0.505092 0.030707,
        -0.340228 -0.502830 0.029827,
        -0.340228 -0.510226 0.038512,
        -0.337100 -0.514287 0.038157,
        -0.333023 -0.517404 0.037884,
        -0.337100 -0.512050 0.031721,
        -0.337100 -0.509825 0.029107,
        -0.337100 -0.507027 0.027118,
        -0.337100 -0.503828 0.025874,
        -0.333023 -0.516524 0.033773,
        -0.333023 -0.514664 0.030002,
        -0.333023 -0.511938 0.026801,
        -0.333023 -0.508512 0.024365,
        -0.333023 -0.504593 0.022841,
        -0.328276 -0.516307 0.028922,
        -0.328276 -0.513267 0.025351,
        -0.328276 -0.509445 0.022634,
        -0.328276 -0.505074 0.020934,
      ]
    }
    coordIndex [
      68, 69, 70, -1,
      70, 69, 71, -1,
      72, 73, 74, -1,
      71, 75, 70, -1,
      70, 75, 76, -1,
      70, 76, 74, -1,
      74, 76, 77, -1,
      74, 77, 72, -1,
      78, 79, 80, -1,
      81, 82, 83, -1,
      8, 84, 9, -1,
      9, 84, 85, -1,
      9, 85, 83, -1,
      83, 85, 78, -1,
      83, 78, 81, -1,
      81, 78, 80, -1,
      86, 87, 88, -1,
      88, 87, 89, -1,
      90, 91, 89, -1,
      89, 91, 92, -1,
      89, 92, 88, -1,
      88, 92, 93, -1,
      88, 93, 94, -1,
      94, 93, 95, -1,
      96, 97, 80, -1,
      80, 97, 98, -1,
      80, 79, 96, -1,
      96, 79, 99, -1,
      96, 99, 100, -1,
      100, 84, 96, -1,
      96, 84, 8, -1,
      96, 8, 10, -1,
      101, 102, 103, -1,
      104, 15, 105, -1,
      105, 15, 14, -1,
      105, 14, 106, -1,
      107, 108, 106, -1,
      106, 108, 101, -1,
      106, 101, 105, -1,
      105, 101, 103, -1,
      98, 97, 109, -1,
      109, 97, 110, -1,
      109, 110, 111, -1,
      111, 110, 112, -1,
      111, 112, 113, -1,
      113, 112, 114, -1,
      113, 114, 115, -1,
      114, 116, 115, -1,
      115, 116, 117, -1,
      115, 117, 118, -1,
      94, 119, 120, -1,
      120, 119, 121, -1,
      120, 121, 122, -1,
      122, 121, 123, -1,
      122, 123, 124, -1,
      124, 123, 125, -1,
      124, 125, 126, -1,
      126, 125, 127, -1,
      126, 127, 128, -1,
      128, 127, 118, -1,
      128, 118, 129, -1,
      129, 118, 117, -1,
      87, 86, 130, -1,
      131, 5, 3, -1,
      87, 130, 132, -1,
      132, 130, 133, -1,
      132, 133, 134, -1,
      134, 133, 135, -1,
      134, 135, 136, -1,
      136, 135, 137, -1,
      136, 137, 138, -1,
      138, 137, 131, -1,
      138, 131, 139, -1,
      139, 131, 3, -1,
      139, 3, 4, -1,
      19, 18, 140, -1,
      140, 18, 17, -1,
      140, 17, 104, -1,
      104, 17, 16, -1,
      104, 16, 15, -1,
      140, 141, 19, -1,
      19, 141, 142, -1,
      19, 142, 20, -1,
      20, 142, 143, -1,
      143, 144, 20, -1,
      20, 144, 145, -1,
      20, 145, 21, -1,
      21, 145, 146, -1,
      21, 146, 22, -1,
      22, 146, 147, -1,
      22, 147, 12, -1,
      12, 147, 148, -1,
      12, 148, 11, -1,
      11, 148, 96, -1,
      11, 96, 149, -1,
      0, 7, 150, -1,
      151, 152, 153, -1,
      153, 152, 154, -1,
      153, 154, 155, -1,
      155, 154, 156, -1,
      155, 156, 157, -1,
      157, 156, 158, -1,
      157, 158, 159, -1,
      159, 158, 103, -1,
      159, 103, 102, -1,
      2, 0, 151, -1,
      151, 0, 150, -1,
      151, 150, 152, -1,
      160, 161, 162, -1,
      162, 161, 163, -1,
      162, 163, 164, -1,
      160, 165, 161, -1,
      161, 165, 166, -1,
      161, 166, 167, -1,
      91, 90, 168, -1,
      168, 90, 169, -1,
      168, 169, 170, -1,
      170, 169, 171, -1,
      170, 171, 172, -1,
      172, 171, 173, -1,
      172, 173, 174, -1,
      173, 175, 174, -1,
      174, 175, 176, -1,
      174, 176, 177, -1,
      161, 178, 179, -1,
      179, 178, 180, -1,
      179, 180, 181, -1,
      181, 180, 182, -1,
      181, 182, 183, -1,
      183, 182, 184, -1,
      183, 184, 185, -1,
      185, 184, 186, -1,
      185, 186, 187, -1,
      187, 186, 177, -1,
      187, 177, 188, -1,
      188, 177, 176, -1,
      164, 163, 189, -1,
      189, 163, 190, -1,
      189, 190, 191, -1,
      191, 190, 192, -1,
      191, 192, 193, -1,
      193, 192, 194, -1,
      193, 194, 195, -1,
      194, 196, 195, -1,
      195, 196, 197, -1,
      195, 197, 198, -1,
      108, 199, 200, -1,
      200, 199, 201, -1,
      200, 201, 202, -1,
      202, 201, 203, -1,
      202, 203, 204, -1,
      204, 203, 205, -1,
      204, 205, 206, -1,
      206, 205, 207, -1,
      206, 207, 208, -1,
      208, 207, 198, -1,
      208, 198, 209, -1,
      209, 198, 197, -1,
      166, 165, 210, -1,
      160, 162, 211, -1,
      211, 162, 212, -1,
      211, 212, 210, -1,
      210, 212, 213, -1,
      210, 213, 166, -1,
      14, 13, 214, -1,
      215, 216, 214, -1,
      214, 216, 106, -1,
      214, 106, 14, -1,
      93, 92, 217, -1,
      217, 92, 218, -1,
      67, 66, 219, -1,
      48, 49, 220, -1,
      60, 61, 221, -1,
      221, 61, 62, -1,
      221, 62, 219, -1,
      219, 62, 63, -1,
      219, 63, 67, -1,
      57, 58, 221, -1,
      221, 58, 59, -1,
      221, 59, 60, -1,
      66, 23, 219, -1,
      219, 23, 24, -1,
      219, 24, 25, -1,
      64, 39, 222, -1,
      222, 39, 40, -1,
      222, 40, 220, -1,
      220, 40, 41, -1,
      220, 41, 42, -1,
      42, 43, 220, -1,
      220, 43, 44, -1,
      220, 44, 45, -1,
      49, 50, 220, -1,
      220, 50, 51, -1,
      220, 51, 221, -1,
      51, 52, 221, -1,
      221, 52, 53, -1,
      221, 53, 54, -1,
      45, 46, 220, -1,
      220, 46, 47, -1,
      220, 47, 48, -1,
      54, 55, 221, -1,
      221, 55, 56, -1,
      221, 56, 57, -1,
      25, 26, 219, -1,
      219, 26, 27, -1,
      219, 27, 28, -1,
      28, 29, 219, -1,
      219, 29, 30, -1,
      219, 30, 223, -1,
      30, 31, 223, -1,
      223, 31, 32, -1,
      223, 32, 33, -1,
      37, 38, 222, -1,
      222, 38, 65, -1,
      222, 65, 64, -1,
      33, 34, 223, -1,
      223, 34, 35, -1,
      223, 35, 222, -1,
      222, 35, 36, -1,
      222, 36, 37, -1,
      217, 218, 224, -1,
      224, 218, 225, -1,
      224, 225, 226, -1,
      226, 225, 227, -1,
      226, 227, 228, -1,
      228, 227, 229, -1,
      228, 229, 230, -1,
      230, 229, 231, -1,
      230, 231, 232, -1,
      232, 231, 233, -1,
      232, 233, 234, -1,
      234, 233, 235, -1,
      234, 235, 236, -1,
      236, 235, 237, -1,
      236, 237, 238, -1,
      238, 237, 239, -1,
      238, 239, 240, -1,
      240, 239, 241, -1,
      240, 241, 242, -1,
      241, 243, 242, -1,
      242, 243, 221, -1,
      242, 221, 219, -1,
      244, 245, 246, -1,
      247, 248, 249, -1,
      221, 250, 251, -1,
      252, 250, 221, -1,
      249, 248, 221, -1,
      253, 221, 248, -1,
      254, 255, 256, -1,
      254, 256, 257, -1,
      257, 256, 258, -1,
      257, 258, 259, -1,
      259, 258, 260, -1,
      259, 260, 261, -1,
      261, 260, 262, -1,
      261, 262, 263, -1,
      263, 262, 225, -1,
      263, 225, 218, -1,
      243, 252, 221, -1,
      264, 265, 247, -1,
      247, 265, 266, -1,
      247, 266, 248, -1,
      248, 266, 267, -1,
      248, 267, 253, -1,
      268, 251, 269, -1,
      269, 251, 250, -1,
      269, 250, 270, -1,
      270, 250, 252, -1,
      270, 252, 271, -1,
      243, 241, 252, -1,
      252, 241, 239, -1,
      252, 239, 271, -1,
      271, 239, 237, -1,
      271, 237, 235, -1,
      246, 268, 272, -1,
      272, 268, 269, -1,
      272, 269, 273, -1,
      273, 269, 270, -1,
      273, 270, 274, -1,
      274, 270, 271, -1,
      274, 271, 275, -1,
      275, 271, 235, -1,
      276, 277, 278, -1,
      278, 277, 244, -1,
      244, 246, 278, -1,
      278, 246, 272, -1,
      278, 272, 279, -1,
      279, 272, 273, -1,
      279, 273, 280, -1,
      280, 273, 274, -1,
      280, 274, 281, -1,
      281, 274, 275, -1,
      281, 275, 282, -1,
      245, 264, 246, -1,
      246, 264, 247, -1,
      246, 247, 268, -1,
      268, 247, 249, -1,
      268, 249, 251, -1,
      251, 249, 221, -1,
      254, 213, 255, -1,
      255, 213, 283, -1,
      255, 283, 276, -1,
      235, 233, 275, -1,
      275, 233, 231, -1,
      275, 231, 282, -1,
      282, 231, 229, -1,
      282, 229, 227, -1,
      276, 278, 255, -1,
      255, 278, 279, -1,
      255, 279, 256, -1,
      256, 279, 280, -1,
      256, 280, 258, -1,
      258, 280, 281, -1,
      258, 281, 260, -1,
      260, 281, 282, -1,
      260, 282, 262, -1,
      262, 282, 227, -1,
      262, 227, 225, -1,
      226, 228, 284, -1,
      230, 232, 285, -1,
      286, 287, 288, -1,
      219, 289, 290, -1,
      291, 289, 219, -1,
      288, 287, 219, -1,
      242, 219, 287, -1,
      292, 293, 294, -1,
      294, 293, 295, -1,
      294, 295, 296, -1,
      296, 295, 297, -1,
      297, 295, 298, -1,
      297, 298, 299, -1,
      299, 298, 300, -1,
      300, 298, 301, -1,
      300, 301, 302, -1,
      302, 301, 303, -1,
      303, 301, 304, -1,
      303, 304, 305, -1,
      305, 304, 306, -1,
      306, 304, 307, -1,
      306, 307, 308, -1,
      308, 307, 309, -1,
      308, 309, 81, -1,
      310, 291, 219, -1,
      234, 236, 286, -1,
      286, 236, 238, -1,
      286, 238, 287, -1,
      287, 238, 240, -1,
      287, 240, 242, -1,
      311, 290, 312, -1,
      312, 290, 289, -1,
      312, 289, 313, -1,
      313, 289, 291, -1,
      313, 291, 314, -1,
      232, 234, 285, -1,
      285, 234, 286, -1,
      285, 286, 315, -1,
      315, 286, 288, -1,
      315, 288, 316, -1,
      316, 288, 219, -1,
      310, 317, 291, -1,
      291, 317, 318, -1,
      291, 318, 314, -1,
      314, 318, 319, -1,
      314, 319, 320, -1,
      321, 311, 322, -1,
      322, 311, 312, -1,
      322, 312, 323, -1,
      323, 312, 313, -1,
      323, 313, 324, -1,
      324, 313, 314, -1,
      324, 314, 325, -1,
      325, 314, 320, -1,
      284, 321, 326, -1,
      326, 321, 322, -1,
      326, 322, 327, -1,
      327, 322, 323, -1,
      327, 323, 328, -1,
      328, 323, 324, -1,
      328, 324, 329, -1,
      329, 324, 325, -1,
      329, 325, 330, -1,
      228, 230, 284, -1,
      284, 230, 285, -1,
      284, 285, 321, -1,
      321, 285, 315, -1,
      321, 315, 311, -1,
      311, 315, 316, -1,
      311, 316, 290, -1,
      290, 316, 219, -1,
      292, 217, 293, -1,
      293, 217, 224, -1,
      293, 224, 226, -1,
      320, 331, 325, -1,
      325, 331, 332, -1,
      325, 332, 330, -1,
      330, 332, 333, -1,
      330, 333, 334, -1,
      226, 284, 293, -1,
      293, 284, 326, -1,
      293, 326, 295, -1,
      295, 326, 327, -1,
      295, 327, 298, -1,
      298, 327, 328, -1,
      298, 328, 301, -1,
      301, 328, 329, -1,
      301, 329, 304, -1,
      304, 329, 330, -1,
      304, 330, 307, -1,
      307, 330, 334, -1,
      307, 334, 309, -1,
      166, 213, 167, -1,
      167, 213, 254, -1,
      167, 254, 180, -1,
      180, 254, 182, -1,
      182, 254, 257, -1,
      182, 257, 184, -1,
      184, 257, 186, -1,
      186, 257, 259, -1,
      186, 259, 177, -1,
      177, 259, 174, -1,
      174, 259, 261, -1,
      174, 261, 172, -1,
      172, 261, 170, -1,
      170, 261, 263, -1,
      170, 263, 168, -1,
      218, 92, 263, -1,
      263, 92, 91, -1,
      263, 91, 168, -1,
      213, 212, 283, -1,
      283, 212, 335, -1,
      283, 335, 276, -1,
      276, 335, 336, -1,
      276, 336, 277, -1,
      277, 336, 337, -1,
      277, 337, 244, -1,
      244, 337, 338, -1,
      244, 338, 245, -1,
      245, 338, 339, -1,
      245, 339, 264, -1,
      264, 339, 340, -1,
      264, 340, 265, -1,
      265, 340, 341, -1,
      265, 341, 266, -1,
      266, 341, 342, -1,
      266, 342, 267, -1,
      267, 342, 343, -1,
      267, 343, 253, -1,
      343, 344, 253, -1,
      253, 344, 220, -1,
      253, 220, 221, -1,
      345, 346, 347, -1,
      348, 349, 350, -1,
      351, 352, 353, -1,
      353, 352, 222, -1,
      353, 222, 220, -1,
      353, 354, 351, -1,
      351, 354, 355, -1,
      351, 355, 356, -1,
      355, 357, 356, -1,
      356, 357, 358, -1,
      356, 358, 349, -1,
      349, 358, 359, -1,
      349, 359, 350, -1,
      348, 350, 346, -1,
      346, 350, 360, -1,
      346, 360, 347, -1,
      345, 347, 215, -1,
      215, 347, 361, -1,
      215, 361, 216, -1,
      82, 81, 362, -1,
      362, 81, 309, -1,
      362, 309, 363, -1,
      363, 309, 334, -1,
      363, 334, 364, -1,
      364, 334, 333, -1,
      364, 333, 365, -1,
      365, 333, 332, -1,
      365, 332, 366, -1,
      332, 331, 366, -1,
      366, 331, 320, -1,
      366, 320, 367, -1,
      320, 319, 367, -1,
      367, 319, 318, -1,
      367, 318, 368, -1,
      368, 318, 317, -1,
      317, 310, 368, -1,
      368, 310, 219, -1,
      368, 219, 223, -1,
      294, 121, 95, -1,
      294, 95, 292, -1,
      292, 95, 93, -1,
      292, 93, 217, -1,
      121, 294, 123, -1,
      123, 294, 296, -1,
      123, 296, 125, -1,
      125, 296, 297, -1,
      125, 297, 127, -1,
      127, 297, 299, -1,
      127, 299, 118, -1,
      299, 300, 118, -1,
      118, 300, 302, -1,
      118, 302, 115, -1,
      115, 302, 303, -1,
      115, 303, 113, -1,
      113, 303, 111, -1,
      111, 303, 305, -1,
      111, 305, 109, -1,
      109, 305, 306, -1,
      109, 306, 98, -1,
      98, 306, 80, -1,
      80, 306, 308, -1,
      80, 308, 81, -1,
      350, 359, 369, -1,
      370, 371, 372, -1,
      220, 373, 374, -1,
      375, 373, 220, -1,
      372, 371, 220, -1,
      353, 220, 371, -1,
      376, 377, 378, -1,
      376, 378, 379, -1,
      379, 378, 380, -1,
      379, 380, 381, -1,
      381, 380, 382, -1,
      381, 382, 383, -1,
      383, 382, 384, -1,
      383, 384, 385, -1,
      385, 384, 335, -1,
      385, 335, 212, -1,
      344, 375, 220, -1,
      358, 357, 370, -1,
      370, 357, 355, -1,
      370, 355, 371, -1,
      371, 355, 354, -1,
      371, 354, 353, -1,
      386, 374, 387, -1,
      387, 374, 373, -1,
      387, 373, 388, -1,
      388, 373, 375, -1,
      388, 375, 389, -1,
      344, 343, 375, -1,
      375, 343, 342, -1,
      375, 342, 389, -1,
      389, 342, 341, -1,
      389, 341, 340, -1,
      369, 386, 390, -1,
      390, 386, 387, -1,
      390, 387, 391, -1,
      391, 387, 388, -1,
      391, 388, 392, -1,
      392, 388, 389, -1,
      392, 389, 393, -1,
      393, 389, 340, -1,
      347, 360, 394, -1,
      394, 360, 350, -1,
      350, 369, 394, -1,
      394, 369, 390, -1,
      394, 390, 395, -1,
      395, 390, 391, -1,
      395, 391, 396, -1,
      396, 391, 392, -1,
      396, 392, 397, -1,
      397, 392, 393, -1,
      397, 393, 398, -1,
      359, 358, 369, -1,
      369, 358, 370, -1,
      369, 370, 386, -1,
      386, 370, 372, -1,
      386, 372, 374, -1,
      374, 372, 220, -1,
      376, 216, 377, -1,
      377, 216, 361, -1,
      377, 361, 347, -1,
      340, 339, 393, -1,
      393, 339, 338, -1,
      393, 338, 398, -1,
      398, 338, 337, -1,
      398, 337, 336, -1,
      347, 394, 377, -1,
      377, 394, 395, -1,
      377, 395, 378, -1,
      378, 395, 396, -1,
      378, 396, 380, -1,
      380, 396, 397, -1,
      380, 397, 382, -1,
      382, 397, 398, -1,
      382, 398, 384, -1,
      384, 398, 336, -1,
      384, 336, 335, -1,
      106, 216, 107, -1,
      107, 216, 376, -1,
      107, 376, 201, -1,
      201, 376, 203, -1,
      203, 376, 379, -1,
      203, 379, 205, -1,
      205, 379, 207, -1,
      207, 379, 381, -1,
      207, 381, 198, -1,
      198, 381, 195, -1,
      195, 381, 383, -1,
      195, 383, 193, -1,
      193, 383, 191, -1,
      191, 383, 385, -1,
      191, 385, 189, -1,
      212, 162, 385, -1,
      385, 162, 164, -1,
      385, 164, 189, -1,
      399, 400, 74, -1,
      74, 400, 70, -1,
      401, 101, 108, -1,
      108, 402, 401, -1,
      401, 402, 403, -1,
      401, 403, 404, -1,
      404, 403, 405, -1,
      403, 406, 405, -1,
      405, 406, 407, -1,
      405, 407, 408, -1,
      408, 407, 409, -1,
      407, 410, 409, -1,
      409, 410, 411, -1,
      409, 411, 412, -1,
      412, 411, 413, -1,
      414, 69, 68, -1,
      411, 415, 413, -1,
      413, 415, 416, -1,
      413, 416, 417, -1,
      417, 416, 418, -1,
      417, 418, 419, -1,
      419, 418, 414, -1,
      419, 414, 420, -1,
      420, 414, 68, -1,
      421, 422, 423, -1,
      424, 425, 426, -1,
      427, 428, 429, -1,
      69, 430, 431, -1,
      432, 430, 69, -1,
      429, 428, 69, -1,
      433, 69, 428, -1,
      190, 434, 192, -1,
      192, 434, 435, -1,
      192, 435, 194, -1,
      194, 435, 196, -1,
      196, 435, 436, -1,
      196, 436, 197, -1,
      197, 436, 209, -1,
      209, 436, 437, -1,
      209, 437, 208, -1,
      208, 437, 206, -1,
      206, 437, 438, -1,
      206, 438, 204, -1,
      204, 438, 202, -1,
      202, 438, 439, -1,
      202, 439, 200, -1,
      200, 439, 402, -1,
      200, 402, 108, -1,
      414, 432, 69, -1,
      440, 441, 427, -1,
      427, 441, 442, -1,
      427, 442, 428, -1,
      428, 442, 443, -1,
      428, 443, 433, -1,
      444, 431, 445, -1,
      445, 431, 430, -1,
      445, 430, 446, -1,
      446, 430, 432, -1,
      446, 432, 447, -1,
      425, 440, 426, -1,
      426, 440, 427, -1,
      426, 427, 448, -1,
      448, 427, 429, -1,
      448, 429, 449, -1,
      449, 429, 69, -1,
      414, 418, 432, -1,
      432, 418, 416, -1,
      432, 416, 447, -1,
      447, 416, 415, -1,
      447, 415, 411, -1,
      450, 444, 451, -1,
      451, 444, 445, -1,
      451, 445, 452, -1,
      452, 445, 446, -1,
      452, 446, 453, -1,
      453, 446, 447, -1,
      453, 447, 454, -1,
      454, 447, 411, -1,
      423, 450, 455, -1,
      455, 450, 451, -1,
      455, 451, 456, -1,
      456, 451, 452, -1,
      456, 452, 457, -1,
      457, 452, 453, -1,
      457, 453, 458, -1,
      458, 453, 454, -1,
      458, 454, 459, -1,
      422, 424, 423, -1,
      423, 424, 426, -1,
      423, 426, 450, -1,
      450, 426, 448, -1,
      450, 448, 444, -1,
      444, 448, 449, -1,
      444, 449, 431, -1,
      431, 449, 69, -1,
      190, 163, 434, -1,
      434, 163, 460, -1,
      434, 460, 421, -1,
      411, 410, 454, -1,
      454, 410, 407, -1,
      454, 407, 459, -1,
      459, 407, 406, -1,
      459, 406, 403, -1,
      421, 423, 434, -1,
      434, 423, 455, -1,
      434, 455, 435, -1,
      435, 455, 456, -1,
      435, 456, 436, -1,
      436, 456, 457, -1,
      436, 457, 437, -1,
      437, 457, 458, -1,
      437, 458, 438, -1,
      438, 458, 459, -1,
      438, 459, 439, -1,
      439, 459, 403, -1,
      439, 403, 402, -1,
      70, 400, 68, -1,
      68, 400, 461, -1,
      68, 461, 420, -1,
      420, 461, 419, -1,
      419, 461, 462, -1,
      419, 462, 417, -1,
      417, 462, 413, -1,
      413, 462, 463, -1,
      413, 463, 412, -1,
      412, 463, 409, -1,
      409, 463, 464, -1,
      409, 464, 408, -1,
      408, 464, 405, -1,
      405, 464, 465, -1,
      405, 465, 404, -1,
      404, 465, 401, -1,
      401, 465, 102, -1,
      401, 102, 101, -1,
      71, 69, 433, -1,
      71, 433, 77, -1,
      72, 77, 466, -1,
      466, 77, 433, -1,
      466, 433, 467, -1,
      467, 433, 443, -1,
      467, 443, 468, -1,
      468, 443, 442, -1,
      468, 442, 469, -1,
      469, 442, 441, -1,
      469, 441, 470, -1,
      470, 441, 440, -1,
      470, 440, 471, -1,
      471, 440, 425, -1,
      471, 425, 472, -1,
      472, 425, 424, -1,
      472, 424, 473, -1,
      473, 424, 422, -1,
      473, 422, 474, -1,
      474, 422, 421, -1,
      474, 421, 475, -1,
      475, 421, 460, -1,
      475, 460, 161, -1,
      161, 460, 163, -1,
      151, 153, 476, -1,
      476, 153, 477, -1,
      476, 477, 478, -1,
      478, 477, 479, -1,
      478, 479, 480, -1,
      480, 479, 481, -1,
      480, 481, 482, -1,
      482, 481, 483, -1,
      482, 483, 484, -1,
      484, 483, 485, -1,
      484, 485, 400, -1,
      153, 155, 477, -1,
      477, 155, 486, -1,
      477, 486, 479, -1,
      479, 486, 487, -1,
      479, 487, 481, -1,
      481, 487, 488, -1,
      481, 488, 483, -1,
      483, 488, 489, -1,
      483, 489, 485, -1,
      485, 489, 490, -1,
      485, 490, 400, -1,
      2, 151, 491, -1,
      491, 151, 476, -1,
      491, 476, 492, -1,
      492, 476, 478, -1,
      492, 478, 493, -1,
      493, 478, 480, -1,
      493, 480, 494, -1,
      494, 480, 482, -1,
      494, 482, 495, -1,
      495, 482, 484, -1,
      495, 484, 400, -1,
      157, 159, 496, -1,
      496, 159, 497, -1,
      496, 497, 498, -1,
      498, 497, 499, -1,
      498, 499, 500, -1,
      500, 499, 501, -1,
      500, 501, 502, -1,
      502, 501, 503, -1,
      502, 503, 504, -1,
      504, 503, 505, -1,
      504, 505, 400, -1,
      159, 102, 497, -1,
      497, 102, 465, -1,
      497, 465, 499, -1,
      499, 465, 464, -1,
      499, 464, 501, -1,
      501, 464, 463, -1,
      501, 463, 503, -1,
      503, 463, 462, -1,
      503, 462, 505, -1,
      505, 462, 461, -1,
      505, 461, 400, -1,
      155, 157, 486, -1,
      486, 157, 496, -1,
      486, 496, 487, -1,
      487, 496, 498, -1,
      487, 498, 488, -1,
      488, 498, 500, -1,
      488, 500, 489, -1,
      489, 500, 502, -1,
      489, 502, 490, -1,
      490, 502, 504, -1,
      490, 504, 400, -1,
      506, 507, 508, -1,
      509, 510, 511, -1,
      512, 513, 514, -1,
      72, 515, 516, -1,
      517, 515, 72, -1,
      514, 513, 72, -1,
      518, 72, 513, -1,
      169, 519, 171, -1,
      171, 519, 520, -1,
      171, 520, 173, -1,
      173, 520, 175, -1,
      175, 520, 521, -1,
      175, 521, 176, -1,
      176, 521, 188, -1,
      188, 521, 522, -1,
      188, 522, 187, -1,
      187, 522, 185, -1,
      185, 522, 523, -1,
      185, 523, 183, -1,
      183, 523, 181, -1,
      181, 523, 524, -1,
      181, 524, 179, -1,
      179, 524, 475, -1,
      179, 475, 161, -1,
      466, 517, 72, -1,
      525, 526, 512, -1,
      512, 526, 527, -1,
      512, 527, 513, -1,
      513, 527, 528, -1,
      513, 528, 518, -1,
      529, 516, 530, -1,
      530, 516, 515, -1,
      530, 515, 531, -1,
      531, 515, 517, -1,
      531, 517, 532, -1,
      510, 525, 511, -1,
      511, 525, 512, -1,
      511, 512, 533, -1,
      533, 512, 514, -1,
      533, 514, 534, -1,
      534, 514, 72, -1,
      466, 467, 517, -1,
      517, 467, 468, -1,
      517, 468, 532, -1,
      532, 468, 469, -1,
      532, 469, 470, -1,
      535, 529, 536, -1,
      536, 529, 530, -1,
      536, 530, 537, -1,
      537, 530, 531, -1,
      537, 531, 538, -1,
      538, 531, 532, -1,
      538, 532, 539, -1,
      539, 532, 470, -1,
      508, 535, 540, -1,
      540, 535, 536, -1,
      540, 536, 541, -1,
      541, 536, 537, -1,
      541, 537, 542, -1,
      542, 537, 538, -1,
      542, 538, 543, -1,
      543, 538, 539, -1,
      543, 539, 544, -1,
      507, 509, 508, -1,
      508, 509, 511, -1,
      508, 511, 535, -1,
      535, 511, 533, -1,
      535, 533, 529, -1,
      529, 533, 534, -1,
      529, 534, 516, -1,
      516, 534, 72, -1,
      169, 90, 519, -1,
      519, 90, 545, -1,
      519, 545, 506, -1,
      470, 471, 539, -1,
      539, 471, 472, -1,
      539, 472, 544, -1,
      544, 472, 473, -1,
      544, 473, 474, -1,
      506, 508, 519, -1,
      519, 508, 540, -1,
      519, 540, 520, -1,
      520, 540, 541, -1,
      520, 541, 521, -1,
      521, 541, 542, -1,
      521, 542, 522, -1,
      522, 542, 543, -1,
      522, 543, 523, -1,
      523, 543, 544, -1,
      523, 544, 524, -1,
      524, 544, 474, -1,
      524, 474, 475, -1,
      1, 2, 491, -1,
      546, 4, 1, -1,
      1, 491, 546, -1,
      546, 491, 492, -1,
      546, 492, 547, -1,
      547, 492, 493, -1,
      547, 493, 548, -1,
      548, 493, 494, -1,
      548, 494, 549, -1,
      549, 494, 495, -1,
      549, 495, 550, -1,
      550, 495, 400, -1,
      550, 400, 399, -1,
      73, 72, 551, -1,
      551, 72, 518, -1,
      551, 518, 552, -1,
      527, 553, 554, -1,
      552, 518, 554, -1,
      554, 518, 528, -1,
      554, 528, 527, -1,
      525, 555, 556, -1,
      553, 527, 556, -1,
      556, 527, 526, -1,
      556, 526, 525, -1,
      509, 557, 558, -1,
      555, 525, 558, -1,
      558, 525, 510, -1,
      558, 510, 509, -1,
      506, 559, 560, -1,
      557, 509, 560, -1,
      560, 509, 507, -1,
      560, 507, 506, -1,
      90, 89, 561, -1,
      559, 506, 561, -1,
      561, 506, 545, -1,
      561, 545, 90, -1,
      562, 563, 399, -1,
      564, 565, 566, -1,
      567, 568, 569, -1,
      570, 139, 4, -1,
      571, 136, 138, -1,
      87, 132, 572, -1,
      572, 132, 573, -1,
      572, 573, 574, -1,
      134, 136, 575, -1,
      575, 136, 571, -1,
      575, 571, 576, -1,
      574, 573, 577, -1,
      577, 573, 578, -1,
      577, 578, 579, -1,
      132, 134, 573, -1,
      573, 134, 575, -1,
      573, 575, 578, -1,
      578, 575, 576, -1,
      578, 576, 569, -1,
      569, 568, 578, -1,
      578, 568, 580, -1,
      578, 580, 579, -1,
      547, 548, 581, -1,
      565, 567, 566, -1,
      566, 567, 569, -1,
      566, 569, 582, -1,
      582, 569, 576, -1,
      582, 576, 583, -1,
      583, 576, 571, -1,
      583, 571, 584, -1,
      584, 571, 138, -1,
      584, 138, 139, -1,
      581, 585, 586, -1,
      139, 570, 584, -1,
      584, 570, 587, -1,
      584, 587, 583, -1,
      583, 587, 588, -1,
      583, 588, 582, -1,
      582, 588, 589, -1,
      582, 589, 566, -1,
      566, 589, 590, -1,
      566, 590, 564, -1,
      563, 562, 586, -1,
      586, 585, 563, -1,
      563, 585, 591, -1,
      563, 591, 399, -1,
      581, 548, 585, -1,
      585, 548, 549, -1,
      585, 549, 591, -1,
      591, 549, 550, -1,
      591, 550, 399, -1,
      399, 592, 590, -1,
      590, 592, 593, -1,
      590, 593, 564, -1,
      4, 546, 570, -1,
      570, 546, 594, -1,
      570, 594, 587, -1,
      587, 594, 595, -1,
      587, 595, 588, -1,
      588, 595, 596, -1,
      588, 596, 589, -1,
      589, 596, 597, -1,
      589, 597, 590, -1,
      590, 597, 399, -1,
      546, 547, 594, -1,
      594, 547, 581, -1,
      594, 581, 595, -1,
      595, 581, 586, -1,
      595, 586, 596, -1,
      596, 586, 562, -1,
      596, 562, 597, -1,
      597, 562, 399, -1,
      89, 87, 572, -1,
      592, 399, 74, -1,
      74, 73, 592, -1,
      592, 73, 551, -1,
      592, 551, 593, -1,
      593, 551, 552, -1,
      593, 552, 564, -1,
      564, 552, 554, -1,
      564, 554, 565, -1,
      565, 554, 553, -1,
      565, 553, 567, -1,
      567, 553, 556, -1,
      567, 556, 568, -1,
      568, 556, 555, -1,
      568, 555, 580, -1,
      580, 555, 558, -1,
      580, 558, 579, -1,
      579, 558, 557, -1,
      579, 557, 577, -1,
      577, 557, 560, -1,
      577, 560, 574, -1,
      574, 560, 559, -1,
      574, 559, 572, -1,
      572, 559, 561, -1,
      572, 561, 89, -1,
      598, 599, 600, -1,
      600, 599, 601, -1,
      598, 602, 603, -1,
      604, 599, 605, -1,
      605, 599, 598, -1,
      605, 598, 606, -1,
      606, 598, 603, -1,
      604, 607, 599, -1,
      599, 607, 608, -1,
      599, 608, 609, -1,
      609, 608, 610, -1,
      610, 608, 611, -1,
      610, 611, 612, -1,
      612, 611, 613, -1,
      613, 611, 614, -1,
      613, 614, 615, -1,
      616, 617, 615, -1,
      615, 617, 618, -1,
      615, 618, 613, -1,
      615, 619, 616, -1,
      616, 619, 620, -1,
      616, 620, 621, -1,
      621, 620, 622, -1,
      620, 623, 622, -1,
      622, 623, 624, -1,
      622, 624, 625, -1,
      625, 624, 626, -1,
      624, 627, 626, -1,
      626, 627, 628, -1,
      626, 628, 105, -1,
      105, 628, 629, -1,
      105, 629, 104, -1,
      624, 623, 630, -1,
      631, 632, 633, -1,
      608, 634, 635, -1,
      636, 634, 608, -1,
      633, 632, 608, -1,
      611, 608, 632, -1,
      637, 141, 140, -1,
      141, 637, 142, -1,
      142, 637, 638, -1,
      142, 638, 143, -1,
      143, 638, 639, -1,
      143, 639, 144, -1,
      144, 639, 640, -1,
      144, 640, 145, -1,
      145, 640, 146, -1,
      146, 640, 641, -1,
      146, 641, 147, -1,
      147, 641, 148, -1,
      148, 641, 642, -1,
      148, 642, 96, -1,
      643, 636, 608, -1,
      620, 619, 631, -1,
      631, 619, 615, -1,
      631, 615, 632, -1,
      632, 615, 614, -1,
      632, 614, 611, -1,
      644, 635, 645, -1,
      645, 635, 634, -1,
      645, 634, 646, -1,
      646, 634, 636, -1,
      646, 636, 647, -1,
      643, 648, 636, -1,
      636, 648, 649, -1,
      636, 649, 647, -1,
      647, 649, 650, -1,
      647, 650, 651, -1,
      630, 644, 652, -1,
      652, 644, 645, -1,
      652, 645, 653, -1,
      653, 645, 646, -1,
      653, 646, 654, -1,
      654, 646, 647, -1,
      654, 647, 655, -1,
      655, 647, 651, -1,
      628, 627, 656, -1,
      656, 627, 624, -1,
      624, 630, 656, -1,
      656, 630, 652, -1,
      656, 652, 657, -1,
      657, 652, 653, -1,
      657, 653, 658, -1,
      658, 653, 654, -1,
      658, 654, 659, -1,
      659, 654, 655, -1,
      659, 655, 660, -1,
      623, 620, 630, -1,
      630, 620, 631, -1,
      630, 631, 644, -1,
      644, 631, 633, -1,
      644, 633, 635, -1,
      635, 633, 608, -1,
      628, 637, 629, -1,
      629, 637, 140, -1,
      629, 140, 104, -1,
      651, 661, 655, -1,
      655, 661, 662, -1,
      655, 662, 660, -1,
      660, 662, 663, -1,
      660, 663, 664, -1,
      628, 656, 637, -1,
      637, 656, 657, -1,
      637, 657, 638, -1,
      638, 657, 658, -1,
      638, 658, 639, -1,
      639, 658, 659, -1,
      639, 659, 640, -1,
      640, 659, 660, -1,
      640, 660, 641, -1,
      641, 660, 664, -1,
      641, 664, 642, -1,
      665, 601, 599, -1,
      666, 667, 621, -1,
      621, 622, 666, -1,
      666, 622, 625, -1,
      666, 625, 103, -1,
      103, 625, 626, -1,
      103, 626, 105, -1,
      668, 669, 613, -1,
      613, 618, 668, -1,
      668, 618, 617, -1,
      668, 617, 667, -1,
      667, 617, 616, -1,
      667, 616, 621, -1,
      599, 609, 665, -1,
      665, 609, 610, -1,
      665, 610, 669, -1,
      669, 610, 612, -1,
      669, 612, 613, -1,
      606, 603, 670, -1,
      643, 608, 607, -1,
      607, 606, 643, -1,
      643, 606, 670, -1,
      643, 670, 648, -1,
      648, 670, 671, -1,
      648, 671, 649, -1,
      649, 671, 672, -1,
      649, 672, 650, -1,
      650, 672, 673, -1,
      650, 673, 651, -1,
      651, 673, 674, -1,
      651, 674, 661, -1,
      661, 674, 675, -1,
      661, 675, 662, -1,
      662, 675, 676, -1,
      662, 676, 663, -1,
      663, 676, 677, -1,
      663, 677, 664, -1,
      664, 677, 678, -1,
      664, 678, 642, -1,
      642, 678, 679, -1,
      642, 679, 96, -1,
      96, 679, 97, -1,
      7, 680, 681, -1,
      682, 683, 684, -1,
      601, 665, 685, -1,
      684, 683, 601, -1,
      686, 601, 683, -1,
      686, 683, 687, -1,
      687, 683, 682, -1,
      687, 682, 688, -1,
      689, 601, 686, -1,
      690, 691, 692, -1,
      692, 691, 685, -1,
      692, 685, 693, -1,
      693, 685, 665, -1,
      693, 665, 669, -1,
      689, 686, 694, -1,
      694, 686, 687, -1,
      694, 687, 695, -1,
      695, 687, 688, -1,
      695, 688, 696, -1,
      697, 690, 698, -1,
      698, 690, 692, -1,
      698, 692, 699, -1,
      699, 692, 693, -1,
      699, 693, 700, -1,
      700, 693, 669, -1,
      700, 669, 668, -1,
      701, 697, 702, -1,
      702, 697, 698, -1,
      702, 698, 703, -1,
      703, 698, 699, -1,
      703, 699, 704, -1,
      704, 699, 700, -1,
      704, 700, 705, -1,
      705, 700, 668, -1,
      705, 668, 667, -1,
      680, 701, 681, -1,
      681, 701, 702, -1,
      681, 702, 706, -1,
      706, 702, 703, -1,
      706, 703, 707, -1,
      707, 703, 704, -1,
      707, 704, 708, -1,
      708, 704, 705, -1,
      708, 705, 709, -1,
      709, 705, 667, -1,
      709, 667, 666, -1,
      7, 681, 150, -1,
      150, 681, 706, -1,
      150, 706, 152, -1,
      152, 706, 707, -1,
      152, 707, 154, -1,
      154, 707, 708, -1,
      154, 708, 156, -1,
      156, 708, 709, -1,
      156, 709, 158, -1,
      158, 709, 666, -1,
      158, 666, 103, -1,
      691, 601, 685, -1,
      680, 696, 701, -1,
      701, 696, 688, -1,
      701, 688, 697, -1,
      697, 688, 682, -1,
      697, 682, 690, -1,
      690, 682, 684, -1,
      690, 684, 691, -1,
      691, 684, 601, -1,
      678, 677, 710, -1,
      676, 675, 711, -1,
      712, 713, 714, -1,
      603, 715, 716, -1,
      717, 715, 603, -1,
      714, 713, 603, -1,
      670, 603, 713, -1,
      110, 718, 112, -1,
      112, 718, 719, -1,
      112, 719, 114, -1,
      114, 719, 116, -1,
      116, 719, 720, -1,
      116, 720, 117, -1,
      117, 720, 129, -1,
      129, 720, 721, -1,
      129, 721, 128, -1,
      128, 721, 126, -1,
      126, 721, 722, -1,
      126, 722, 124, -1,
      124, 722, 122, -1,
      122, 722, 723, -1,
      122, 723, 120, -1,
      120, 723, 724, -1,
      120, 724, 94, -1,
      725, 717, 603, -1,
      674, 673, 712, -1,
      712, 673, 672, -1,
      712, 672, 713, -1,
      713, 672, 671, -1,
      713, 671, 670, -1,
      726, 716, 727, -1,
      727, 716, 715, -1,
      727, 715, 728, -1,
      728, 715, 717, -1,
      728, 717, 729, -1,
      675, 674, 711, -1,
      711, 674, 712, -1,
      711, 712, 730, -1,
      730, 712, 714, -1,
      730, 714, 731, -1,
      731, 714, 603, -1,
      725, 732, 717, -1,
      717, 732, 733, -1,
      717, 733, 729, -1,
      729, 733, 734, -1,
      729, 734, 735, -1,
      736, 726, 737, -1,
      737, 726, 727, -1,
      737, 727, 738, -1,
      738, 727, 728, -1,
      738, 728, 739, -1,
      739, 728, 729, -1,
      739, 729, 740, -1,
      740, 729, 735, -1,
      710, 736, 741, -1,
      741, 736, 737, -1,
      741, 737, 742, -1,
      742, 737, 738, -1,
      742, 738, 743, -1,
      743, 738, 739, -1,
      743, 739, 744, -1,
      744, 739, 740, -1,
      744, 740, 745, -1,
      677, 676, 710, -1,
      710, 676, 711, -1,
      710, 711, 736, -1,
      736, 711, 730, -1,
      736, 730, 726, -1,
      726, 730, 731, -1,
      726, 731, 716, -1,
      716, 731, 603, -1,
      110, 97, 718, -1,
      718, 97, 679, -1,
      718, 679, 678, -1,
      735, 746, 740, -1,
      740, 746, 747, -1,
      740, 747, 745, -1,
      745, 747, 748, -1,
      745, 748, 749, -1,
      678, 710, 718, -1,
      718, 710, 741, -1,
      718, 741, 719, -1,
      719, 741, 742, -1,
      719, 742, 720, -1,
      720, 742, 743, -1,
      720, 743, 721, -1,
      721, 743, 744, -1,
      721, 744, 722, -1,
      722, 744, 745, -1,
      722, 745, 723, -1,
      723, 745, 749, -1,
      723, 749, 724, -1,
      6, 5, 750, -1,
      680, 7, 6, -1,
      6, 750, 680, -1,
      680, 750, 751, -1,
      680, 751, 696, -1,
      696, 751, 752, -1,
      696, 752, 695, -1,
      695, 752, 753, -1,
      695, 753, 694, -1,
      694, 753, 754, -1,
      694, 754, 689, -1,
      689, 754, 600, -1,
      689, 600, 601, -1,
      755, 88, 94, -1,
      94, 724, 755, -1,
      755, 724, 749, -1,
      755, 749, 756, -1,
      756, 749, 757, -1,
      749, 748, 757, -1,
      757, 748, 747, -1,
      757, 747, 758, -1,
      758, 747, 759, -1,
      747, 746, 759, -1,
      759, 746, 735, -1,
      759, 735, 760, -1,
      760, 735, 761, -1,
      725, 603, 602, -1,
      735, 734, 761, -1,
      761, 734, 733, -1,
      761, 733, 762, -1,
      762, 733, 732, -1,
      762, 732, 763, -1,
      763, 732, 725, -1,
      763, 725, 764, -1,
      764, 725, 602, -1,
      86, 765, 766, -1,
      767, 768, 769, -1,
      600, 754, 770, -1,
      769, 768, 600, -1,
      771, 600, 768, -1,
      771, 768, 772, -1,
      772, 768, 767, -1,
      772, 767, 773, -1,
      774, 600, 771, -1,
      775, 776, 777, -1,
      777, 776, 770, -1,
      777, 770, 778, -1,
      778, 770, 754, -1,
      778, 754, 753, -1,
      774, 771, 779, -1,
      779, 771, 772, -1,
      779, 772, 780, -1,
      780, 772, 773, -1,
      780, 773, 781, -1,
      782, 775, 783, -1,
      783, 775, 777, -1,
      783, 777, 784, -1,
      784, 777, 778, -1,
      784, 778, 785, -1,
      785, 778, 753, -1,
      785, 753, 752, -1,
      786, 782, 787, -1,
      787, 782, 783, -1,
      787, 783, 788, -1,
      788, 783, 784, -1,
      788, 784, 789, -1,
      789, 784, 785, -1,
      789, 785, 790, -1,
      790, 785, 752, -1,
      790, 752, 751, -1,
      765, 786, 766, -1,
      766, 786, 787, -1,
      766, 787, 791, -1,
      791, 787, 788, -1,
      791, 788, 792, -1,
      792, 788, 789, -1,
      792, 789, 793, -1,
      793, 789, 790, -1,
      793, 790, 794, -1,
      794, 790, 751, -1,
      794, 751, 750, -1,
      86, 766, 130, -1,
      130, 766, 791, -1,
      130, 791, 133, -1,
      133, 791, 792, -1,
      133, 792, 135, -1,
      135, 792, 793, -1,
      135, 793, 137, -1,
      137, 793, 794, -1,
      137, 794, 131, -1,
      131, 794, 750, -1,
      131, 750, 5, -1,
      776, 600, 770, -1,
      765, 781, 786, -1,
      786, 781, 773, -1,
      786, 773, 782, -1,
      782, 773, 767, -1,
      782, 767, 775, -1,
      775, 767, 769, -1,
      775, 769, 776, -1,
      776, 769, 600, -1,
      598, 600, 602, -1,
      602, 600, 774, -1,
      602, 774, 764, -1,
      764, 774, 763, -1,
      763, 774, 779, -1,
      763, 779, 762, -1,
      762, 779, 761, -1,
      761, 779, 780, -1,
      761, 780, 760, -1,
      760, 780, 759, -1,
      759, 780, 781, -1,
      759, 781, 758, -1,
      758, 781, 757, -1,
      757, 781, 765, -1,
      757, 765, 756, -1,
      756, 765, 755, -1,
      755, 765, 86, -1,
      755, 86, 88, -1,
    ]
  }
}

Shape {
  appearance Appearance {
    material Material {
      diffuseColor 0.7686 0.7686 0.7686
      specularColor 0.6157 0.6157 0.6157
      ambientIntensity 0.2
      transparency 0.0000
      shininess 0.5
    }
  }
  geometry IndexedFaceSet {
    ccw TRUE
    solid FALSE
    coord DEF co Coordinate {
      point [
        -0.688976 -0.236220 0.393701,
        -0.688976 -0.433071 0.393701,
        -0.687002 -0.433071 0.411222,
        -0.687002 -0.236220 0.411222,
        -0.681179 -0.433071 0.427865,
        -0.681179 -0.236220 0.427865,
        -0.671798 -0.433071 0.442794,
        -0.671798 -0.236220 0.442794,
        -0.659330 -0.433071 0.455262,
        -0.659330 -0.236220 0.455262,
        -0.644400 -0.433071 0.464643,
        -0.644400 -0.236220 0.464643,
        -0.627757 -0.433071 0.470467,
        -0.627757 -0.236220 0.470467,
        -0.610236 -0.433071 0.472441,
        -0.610236 -0.236220 0.472441,
        0.566365 0.433071 0.098425,
        0.362551 0.433071 0.098425,
        0.362551 -0.433071 0.098425,
        0.566365 -0.433071 0.098425,
        -0.607487 -0.433071 0.472441,
        -0.610236 -0.433071 0.393701,
        -0.610236 0.433071 0.393701,
        -0.607487 0.433071 0.472441,
        -0.610236 -0.236220 0.393701,
        -0.610236 0.236220 0.393701,
        0.610236 0.433071 0.393701,
        0.610236 -0.433071 0.393701,
        0.607487 -0.433071 0.472441,
        0.607487 0.433071 0.472441,
        -0.362551 0.433071 0.098425,
        -0.362551 -0.433071 0.098425,
        -0.566365 -0.433071 0.098425,
        -0.566365 0.433071 0.098425,
        -0.610236 0.433071 0.472441,
        -0.610236 0.236220 0.472441,
        -0.362551 0.433071 0.019685,
        -0.362551 -0.433071 0.019685,
        -0.610236 0.433071 0.019685,
        -0.610236 -0.433071 0.019685,
        -0.610236 0.433071 0.098425,
        -0.610236 -0.433071 0.098425,
        -0.627757 -0.433071 0.021659,
        -0.627757 0.433071 0.021659,
        -0.644400 -0.433071 0.027483,
        -0.644400 0.433071 0.027483,
        -0.659330 -0.433071 0.036864,
        -0.659330 0.433071 0.036864,
        -0.671798 -0.433071 0.049331,
        -0.671798 0.433071 0.049331,
        -0.681179 -0.433071 0.064261,
        -0.681179 0.433071 0.064261,
        -0.687002 -0.433071 0.080904,
        -0.687002 0.433071 0.080904,
        -0.688976 -0.433071 0.098425,
        -0.688976 0.433071 0.098425,
        -0.688976 0.236220 0.393701,
        -0.688976 0.433071 0.393701,
        -0.688976 0.236220 0.354331,
        -0.688976 -0.236220 0.354331,
        -0.610236 -0.236220 0.354331,
        -0.610236 0.236220 0.354331,
        -0.687002 0.236220 0.411222,
        -0.687002 0.433071 0.411222,
        -0.681179 0.236220 0.427865,
        -0.681179 0.433071 0.427865,
        -0.671798 0.236220 0.442794,
        -0.671798 0.433071 0.442794,
        -0.659330 0.236220 0.455262,
        -0.659330 0.433071 0.455262,
        -0.644400 0.236220 0.464643,
        -0.644400 0.433071 0.464643,
        -0.627757 0.236220 0.470467,
        -0.627757 0.433071 0.470467,
        0.610236 -0.433071 0.472441,
        0.610236 0.433071 0.472441,
        0.610236 -0.433071 0.098425,
        0.610236 0.433071 0.098425,
        0.610236 0.433071 0.019685,
        0.362551 0.433071 0.019685,
        0.362551 -0.433071 0.019685,
        0.610236 -0.433071 0.019685,
        0.627757 0.433071 0.021659,
        0.688976 0.433071 0.098425,
        0.687002 0.433071 0.080904,
        0.681179 0.433071 0.064261,
        0.671798 0.433071 0.049331,
        0.659330 0.433071 0.036864,
        0.644400 0.433071 0.027483,
        0.627757 -0.433071 0.021659,
        0.644400 -0.433071 0.027483,
        0.659330 -0.433071 0.036864,
        0.671798 -0.433071 0.049331,
        0.681179 -0.433071 0.064261,
        0.687002 -0.433071 0.080904,
        0.688976 -0.433071 0.098425,
        0.688976 0.433071 0.393701,
        0.688976 -0.433071 0.393701,
        0.627757 0.433071 0.470467,
        0.644400 0.433071 0.464643,
        0.659330 0.433071 0.455262,
        0.671798 0.433071 0.442794,
        0.681179 0.433071 0.427865,
        0.687002 0.433071 0.411222,
        0.687002 -0.433071 0.411222,
        0.681179 -0.433071 0.427865,
        0.671798 -0.433071 0.442794,
        0.659330 -0.433071 0.455262,
        0.644400 -0.433071 0.464643,
        0.627757 -0.433071 0.470467,
      ]
    }
    coordIndex [
      21, 20, 14, -1,
      34, 35, 23, -1,
      23, 35, 15, -1,
      23, 15, 20, -1,
      20, 15, 14, -1,
      23, 22, 34, -1,
      36, 37, 38, -1,
      38, 37, 39, -1,
      30, 36, 33, -1,
      33, 36, 38, -1,
      33, 38, 40, -1,
      33, 40, 32, -1,
      32, 40, 41, -1,
      41, 39, 32, -1,
      32, 39, 37, -1,
      32, 37, 31, -1,
      38, 39, 42, -1,
      38, 42, 43, -1,
      43, 42, 44, -1,
      43, 44, 45, -1,
      45, 44, 46, -1,
      45, 46, 47, -1,
      47, 46, 48, -1,
      47, 48, 49, -1,
      49, 48, 50, -1,
      49, 50, 51, -1,
      51, 50, 52, -1,
      51, 52, 53, -1,
      53, 52, 54, -1,
      53, 54, 55, -1,
      40, 38, 43, -1,
      43, 45, 40, -1,
      40, 45, 47, -1,
      40, 47, 49, -1,
      49, 51, 40, -1,
      40, 51, 53, -1,
      40, 53, 55, -1,
      42, 39, 41, -1,
      54, 52, 41, -1,
      41, 52, 50, -1,
      41, 50, 48, -1,
      48, 46, 41, -1,
      41, 46, 44, -1,
      41, 44, 42, -1,
      56, 57, 58, -1,
      58, 57, 55, -1,
      58, 55, 59, -1,
      59, 55, 54, -1,
      59, 54, 0, -1,
      0, 54, 1, -1,
      40, 55, 22, -1,
      22, 55, 57, -1,
      24, 21, 60, -1,
      60, 21, 41, -1,
      60, 41, 61, -1,
      61, 41, 40, -1,
      61, 40, 25, -1,
      25, 40, 22, -1,
      54, 41, 1, -1,
      1, 41, 21, -1,
      57, 56, 62, -1,
      57, 62, 63, -1,
      63, 62, 64, -1,
      63, 64, 65, -1,
      65, 64, 66, -1,
      65, 66, 67, -1,
      67, 66, 68, -1,
      67, 68, 69, -1,
      69, 68, 70, -1,
      69, 70, 71, -1,
      71, 70, 72, -1,
      71, 72, 73, -1,
      73, 72, 35, -1,
      73, 35, 34, -1,
      73, 34, 22, -1,
      67, 69, 22, -1,
      22, 69, 71, -1,
      22, 71, 73, -1,
      57, 63, 22, -1,
      22, 63, 65, -1,
      22, 65, 67, -1,
      21, 14, 12, -1,
      12, 10, 21, -1,
      21, 10, 8, -1,
      21, 8, 6, -1,
      6, 4, 21, -1,
      21, 4, 2, -1,
      21, 2, 1, -1,
      36, 30, 37, -1,
      37, 30, 31, -1,
      27, 74, 28, -1,
      29, 75, 26, -1,
      74, 75, 28, -1,
      28, 75, 29, -1,
      19, 76, 16, -1,
      16, 76, 77, -1,
      77, 78, 16, -1,
      16, 78, 79, -1,
      16, 79, 17, -1,
      80, 79, 81, -1,
      81, 79, 78, -1,
      18, 80, 19, -1,
      19, 80, 81, -1,
      19, 81, 76, -1,
      82, 78, 77, -1,
      83, 84, 77, -1,
      77, 84, 85, -1,
      77, 85, 86, -1,
      86, 87, 77, -1,
      77, 87, 88, -1,
      77, 88, 82, -1,
      81, 78, 82, -1,
      81, 82, 89, -1,
      89, 82, 88, -1,
      89, 88, 90, -1,
      90, 88, 87, -1,
      90, 87, 91, -1,
      91, 87, 86, -1,
      91, 86, 92, -1,
      92, 86, 85, -1,
      92, 85, 93, -1,
      93, 85, 84, -1,
      93, 84, 94, -1,
      94, 84, 83, -1,
      94, 83, 95, -1,
      76, 81, 89, -1,
      89, 90, 76, -1,
      76, 90, 91, -1,
      76, 91, 92, -1,
      92, 93, 76, -1,
      76, 93, 94, -1,
      76, 94, 95, -1,
      77, 76, 26, -1,
      26, 76, 27, -1,
      83, 77, 96, -1,
      96, 77, 26, -1,
      95, 83, 97, -1,
      97, 83, 96, -1,
      76, 95, 27, -1,
      27, 95, 97, -1,
      26, 75, 98, -1,
      98, 99, 26, -1,
      26, 99, 100, -1,
      26, 100, 101, -1,
      101, 102, 26, -1,
      26, 102, 103, -1,
      26, 103, 96, -1,
      97, 96, 103, -1,
      97, 103, 104, -1,
      104, 103, 102, -1,
      104, 102, 105, -1,
      105, 102, 101, -1,
      105, 101, 106, -1,
      106, 101, 100, -1,
      106, 100, 107, -1,
      107, 100, 99, -1,
      107, 99, 108, -1,
      108, 99, 98, -1,
      108, 98, 109, -1,
      109, 98, 75, -1,
      109, 75, 74, -1,
      27, 97, 104, -1,
      104, 105, 27, -1,
      27, 105, 106, -1,
      27, 106, 107, -1,
      107, 108, 27, -1,
      27, 108, 109, -1,
      27, 109, 74, -1,
      17, 79, 18, -1,
      18, 79, 80, -1,
      13, 15, 24, -1,
      60, 59, 24, -1,
      24, 59, 0, -1,
      0, 3, 24, -1,
      24, 3, 5, -1,
      24, 5, 7, -1,
      7, 9, 24, -1,
      24, 9, 11, -1,
      24, 11, 13, -1,
      60, 61, 59, -1,
      59, 61, 58, -1,
      58, 61, 56, -1,
      56, 61, 25, -1,
      25, 35, 72, -1,
      72, 70, 25, -1,
      25, 70, 68, -1,
      25, 68, 66, -1,
      66, 64, 25, -1,
      25, 64, 62, -1,
      25, 62, 56, -1,
    ]
  }
}

Shape {
  appearance Appearance {
    material Material {
      diffuseColor 0.7200 0.8400 1.0000
      specularColor 0.3020 0.3020 0.3020
      ambientIntensity 0.2
      transparency 0.0000
      shininess 0.5
    }
  }
  geometry IndexedFaceSet {
    ccw TRUE
    solid FALSE
    coord DEF co Coordinate {
      point [
        -0.610236 -0.236220 0.472441,
        -0.610236 -0.236220 0.393701,
        -0.610236 0.236220 0.393701,
        -0.610236 0.236220 0.472441,
        -0.688976 -0.222337 0.458557,
        -0.688976 -0.222337 0.407585,
        -0.688976 0.222337 0.458557,
        -0.688976 0.222337 0.407585,
      ]
    }
    coordIndex [
      4, 5, 0, -1,
      0, 5, 1, -1,
      6, 4, 3, -1,
      3, 4, 0, -1,
      7, 6, 2, -1,
      2, 6, 3, -1,
      5, 7, 1, -1,
      1, 7, 2, -1,
      6, 7, 4, -1,
      4, 7, 5, -1,
    ]
  }
}

Shape {
  appearance Appearance {
    material Material {
      diffuseColor 0.7686 0.7686 0.7686
      specularColor 0.6157 0.6157 0.6157
      ambientIntensity 0.2
      transparency 0.0000
      shininess 0.5
    }
  }
  geometry IndexedFaceSet {
    ccw TRUE
    solid FALSE
    coord DEF co Coordinate {
      point [
        -0.000000 -0.472441 0.531496,
        -0.000000 -0.472441 0.452756,
        -0.277763 0.382163 0.531496,
        -0.277763 0.382163 0.452756,
        -0.277763 -0.382163 0.531496,
        -0.290864 -0.372289 0.531496,
        -0.339846 -0.328185 0.531496,
        -0.382213 -0.277694 0.531496,
        -0.417141 -0.221798 0.531496,
        -0.443949 -0.161584 0.531496,
        -0.462117 -0.098226 0.531496,
        -0.471290 -0.032956 0.531496,
        -0.471290 0.032956 0.531496,
        -0.462117 0.098226 0.531496,
        -0.443949 0.161584 0.531496,
        -0.417141 0.221798 0.531496,
        -0.382213 0.277694 0.531496,
        -0.339846 0.328185 0.531496,
        -0.290864 0.372289 0.531496,
        0.000000 0.472441 0.531496,
        0.016488 0.472153 0.531496,
        0.082039 0.465263 0.531496,
        0.145992 0.449318 0.531496,
        0.207104 0.424627 0.531496,
        0.264185 0.391671 0.531496,
        0.316125 0.351092 0.531496,
        0.361911 0.303679 0.531496,
        0.400653 0.250356 0.531496,
        0.431596 0.192159 0.531496,
        0.454139 0.130222 0.531496,
        0.467843 0.065751 0.531496,
        0.472441 -0.000000 0.531496,
        0.467843 -0.065751 0.531496,
        0.454139 -0.130222 0.531496,
        0.431596 -0.192159 0.531496,
        0.400653 -0.250356 0.531496,
        0.361911 -0.303679 0.531496,
        0.316125 -0.351092 0.531496,
        0.264185 -0.391671 0.531496,
        0.207104 -0.424627 0.531496,
        0.145992 -0.449318 0.531496,
        0.082039 -0.465263 0.531496,
        0.016488 -0.472153 0.531496,
        0.000000 0.472441 0.452756,
        -0.277763 -0.382163 0.452756,
        0.121094 -0.187070 0.452756,
        -0.056976 -0.187070 0.452756,
        -0.056976 0.187070 0.452756,
        0.000000 0.382163 0.452756,
        0.121094 0.187070 0.452756,
        0.315265 0.187070 0.452756,
        0.315265 -0.187070 0.452756,
        0.000000 -0.382163 0.452756,
        0.000000 0.382163 0.531496,
        0.315265 0.187070 0.531496,
        0.315265 -0.187070 0.531496,
        0.000000 -0.382163 0.531496,
        0.377033 0.003174 0.531496,
        0.377447 0.002480 0.531496,
        0.377426 -0.002517 0.531496,
        0.377173 -0.002959 0.531496,
        0.367453 -0.004649 0.531496,
        0.366787 -0.004057 0.531496,
        0.366363 -0.003680 0.531496,
        0.366006 -0.003213 0.531496,
        0.365831 -0.002984 0.531496,
        0.365509 -0.002337 0.531496,
        0.365246 -0.001808 0.531496,
        0.378009 0.000580 0.531496,
        0.377995 -0.000521 0.531496,
        0.374041 0.005457 0.531496,
        0.374257 0.005346 0.531496,
        0.375421 0.004750 0.531496,
        0.376105 0.004220 0.531496,
        0.376158 0.004161 0.531496,
        0.377457 0.002451 0.531496,
        0.377793 0.001528 0.531496,
        0.377896 0.001246 0.531496,
        0.365132 -0.001398 0.531496,
        0.365042 -0.001074 0.531496,
        0.364979 -0.000444 0.531496,
        0.364934 0.000000 0.531496,
        0.377993 -0.000711 0.531496,
        0.377888 -0.001275 0.531496,
        0.377790 -0.001538 0.531496,
        0.369689 -0.005673 0.531496,
        0.369191 -0.005480 0.531496,
        0.369717 -0.005679 0.531496,
        0.368645 -0.005270 0.531496,
        0.368163 -0.005083 0.531496,
        0.373315 0.005684 0.531496,
        0.373161 0.005704 0.531496,
        0.375928 -0.004367 0.531496,
        0.376279 -0.004054 0.531496,
        0.376813 -0.003400 0.531496,
        0.365059 0.001022 0.531496,
        0.365088 0.001259 0.531496,
        0.365239 0.001767 0.531496,
        0.365822 0.002949 0.531496,
        0.365833 0.002970 0.531496,
        0.366099 0.003346 0.531496,
        0.366604 0.003859 0.531496,
        0.367131 0.004396 0.531496,
        0.367480 0.004657 0.531496,
        0.368393 0.005142 0.531496,
        0.368911 0.005417 0.531496,
        0.369359 0.005574 0.531496,
        0.369526 0.005605 0.531496,
        0.371638 0.005905 0.531496,
        0.371360 0.005898 0.531496,
        0.371048 0.005889 0.531496,
        0.371957 0.005863 0.531496,
        0.372553 0.005784 0.531496,
        0.373320 -0.005629 0.531496,
        0.372583 -0.005828 0.531496,
        0.371468 -0.005859 0.531496,
        0.370921 -0.005835 0.531496,
        0.370339 -0.005810 0.531496,
        0.370153 0.005722 0.531496,
        0.370766 0.005837 0.531496,
        0.375454 -0.004672 0.531496,
        0.374628 -0.005202 0.531496,
        0.374204 -0.005390 0.531496,
        0.373948 -0.005459 0.531496,
        0.372127 -0.005878 0.531496,
        0.372066 -0.005885 0.531496,
        0.371525 -0.005861 0.531496,
        0.121094 -0.187070 0.531496,
        -0.056976 -0.187070 0.531496,
        0.121094 0.187070 0.531496,
        -0.056976 0.187070 0.531496,
        -0.016750 -0.001193 0.531496,
        -0.016922 -0.001820 0.531496,
        -0.017155 -0.002313 0.531496,
        -0.028670 0.001514 0.531496,
        -0.028326 0.002507 0.531496,
        -0.028000 0.003090 0.531496,
        -0.027822 0.003307 0.531496,
        -0.027115 0.004173 0.531496,
        -0.026603 0.004615 0.531496,
        -0.026288 0.004803 0.531496,
        -0.025357 0.005358 0.531496,
        -0.024842 0.005556 0.531496,
        -0.024749 0.005592 0.531496,
        -0.017506 -0.003053 0.531496,
        -0.017901 -0.003609 0.531496,
        -0.018330 -0.004029 0.531496,
        -0.028856 -0.000520 0.531496,
        -0.028872 0.000600 0.531496,
        -0.028771 0.001222 0.531496,
        -0.016789 0.001340 0.531496,
        -0.016750 0.001018 0.531496,
        -0.016626 0.000000 0.531496,
        -0.016672 -0.000440 0.531496,
        -0.028853 -0.000748 0.531496,
        -0.017876 0.003560 0.531496,
        -0.017563 0.003124 0.531496,
        -0.018911 -0.004600 0.531496,
        -0.019465 -0.004982 0.531496,
        -0.020061 -0.005256 0.531496,
        -0.027998 -0.003085 0.531496,
        -0.028271 -0.002608 0.531496,
        -0.024297 0.005683 0.531496,
        -0.023744 0.005794 0.531496,
        -0.023285 0.005885 0.531496,
        -0.017472 0.002939 0.531496,
        -0.016951 0.001883 0.531496,
        -0.028313 -0.002496 0.531496,
        -0.028746 -0.001324 0.531496,
        -0.023185 0.005889 0.531496,
        -0.022681 0.005905 0.531496,
        -0.022052 0.005820 0.531496,
        -0.021466 0.005741 0.531496,
        -0.021189 0.005704 0.531496,
        -0.020654 0.005541 0.531496,
        -0.022202 -0.005836 0.531496,
        -0.022765 -0.005890 0.531496,
        -0.022913 -0.005904 0.531496,
        -0.023494 -0.005863 0.531496,
        -0.020803 -0.005597 0.531496,
        -0.021084 -0.005672 0.531496,
        -0.021414 -0.005761 0.531496,
        -0.024954 -0.005517 0.531496,
        -0.025459 -0.005306 0.531496,
        -0.020343 0.005387 0.531496,
        -0.019815 0.005126 0.531496,
        -0.019326 0.004883 0.531496,
        -0.018901 0.004579 0.531496,
        -0.018891 0.004573 0.531496,
        -0.023906 -0.005766 0.531496,
        -0.024474 -0.005631 0.531496,
        -0.025583 -0.005228 0.531496,
        -0.026701 -0.004531 0.531496,
        -0.027102 -0.004178 0.531496,
        -0.027277 -0.003965 0.531496,
        -0.027760 -0.003375 0.531496,
      ]
    }
    coordIndex [
      53, 19, 48, -1,
      48, 19, 43, -1,
      54, 53, 50, -1,
      50, 53, 48, -1,
      55, 54, 51, -1,
      51, 54, 50, -1,
      56, 55, 52, -1,
      52, 55, 51, -1,
      0, 56, 1, -1,
      1, 56, 52, -1,
      20, 19, 53, -1,
      20, 53, 21, -1,
      56, 0, 42, -1,
      27, 26, 54, -1,
      54, 26, 25, -1,
      30, 57, 58, -1,
      25, 24, 54, -1,
      54, 24, 23, -1,
      54, 23, 53, -1,
      53, 23, 22, -1,
      53, 22, 21, -1,
      38, 37, 55, -1,
      55, 37, 36, -1,
      55, 36, 35, -1,
      59, 60, 32, -1,
      61, 62, 55, -1,
      55, 62, 63, -1,
      55, 63, 64, -1,
      64, 65, 55, -1,
      55, 65, 66, -1,
      55, 66, 67, -1,
      31, 68, 69, -1,
      29, 70, 71, -1,
      71, 72, 29, -1,
      29, 72, 73, -1,
      29, 73, 30, -1,
      30, 73, 74, -1,
      30, 74, 57, -1,
      58, 75, 30, -1,
      30, 75, 76, -1,
      30, 76, 31, -1,
      31, 76, 77, -1,
      31, 77, 68, -1,
      42, 41, 56, -1,
      56, 41, 40, -1,
      56, 40, 55, -1,
      55, 40, 39, -1,
      55, 39, 38, -1,
      67, 78, 55, -1,
      55, 78, 79, -1,
      55, 79, 54, -1,
      54, 79, 80, -1,
      54, 80, 81, -1,
      69, 82, 31, -1,
      31, 82, 83, -1,
      31, 83, 32, -1,
      32, 83, 84, -1,
      32, 84, 59, -1,
      85, 86, 55, -1,
      85, 55, 87, -1,
      86, 88, 55, -1,
      55, 88, 89, -1,
      55, 89, 61, -1,
      70, 29, 90, -1,
      90, 29, 28, -1,
      90, 28, 91, -1,
      92, 33, 93, -1,
      93, 33, 32, -1,
      93, 32, 94, -1,
      94, 32, 60, -1,
      81, 95, 54, -1,
      54, 95, 96, -1,
      54, 96, 27, -1,
      27, 96, 97, -1,
      27, 97, 28, -1,
      28, 97, 98, -1,
      98, 99, 28, -1,
      28, 99, 100, -1,
      28, 100, 101, -1,
      101, 102, 28, -1,
      28, 102, 103, -1,
      28, 103, 104, -1,
      104, 105, 28, -1,
      28, 105, 106, -1,
      28, 106, 107, -1,
      108, 28, 109, -1,
      109, 28, 110, -1,
      108, 111, 28, -1,
      28, 111, 112, -1,
      28, 112, 91, -1,
      113, 114, 35, -1,
      115, 116, 55, -1,
      55, 116, 117, -1,
      55, 117, 87, -1,
      107, 118, 28, -1,
      28, 118, 119, -1,
      28, 119, 110, -1,
      92, 120, 33, -1,
      33, 120, 121, -1,
      33, 121, 34, -1,
      34, 121, 122, -1,
      34, 122, 35, -1,
      35, 122, 123, -1,
      35, 123, 113, -1,
      114, 124, 35, -1,
      35, 124, 125, -1,
      35, 125, 55, -1,
      55, 125, 126, -1,
      55, 126, 115, -1,
      127, 128, 45, -1,
      45, 128, 46, -1,
      129, 127, 49, -1,
      49, 127, 45, -1,
      130, 129, 47, -1,
      47, 129, 49, -1,
      2, 130, 3, -1,
      3, 130, 47, -1,
      128, 4, 46, -1,
      46, 4, 44, -1,
      5, 4, 128, -1,
      2, 18, 128, -1,
      128, 18, 17, -1,
      131, 132, 127, -1,
      127, 132, 133, -1,
      17, 16, 128, -1,
      128, 16, 15, -1,
      128, 15, 14, -1,
      11, 10, 128, -1,
      128, 10, 9, -1,
      128, 9, 8, -1,
      134, 135, 130, -1,
      130, 135, 136, -1,
      130, 136, 137, -1,
      14, 13, 128, -1,
      128, 13, 12, -1,
      128, 12, 11, -1,
      8, 7, 128, -1,
      128, 7, 6, -1,
      128, 6, 5, -1,
      137, 138, 130, -1,
      130, 138, 139, -1,
      130, 139, 140, -1,
      140, 141, 130, -1,
      130, 141, 142, -1,
      130, 142, 143, -1,
      133, 144, 127, -1,
      127, 144, 145, -1,
      127, 145, 146, -1,
      147, 148, 130, -1,
      130, 148, 149, -1,
      130, 149, 134, -1,
      150, 151, 129, -1,
      129, 151, 152, -1,
      129, 152, 127, -1,
      127, 152, 153, -1,
      127, 153, 131, -1,
      2, 128, 130, -1,
      130, 128, 154, -1,
      130, 154, 147, -1,
      129, 155, 156, -1,
      146, 157, 127, -1,
      127, 157, 158, -1,
      127, 158, 159, -1,
      128, 160, 161, -1,
      143, 162, 130, -1,
      130, 162, 163, -1,
      130, 163, 164, -1,
      156, 165, 129, -1,
      129, 165, 166, -1,
      129, 166, 150, -1,
      161, 167, 128, -1,
      128, 167, 168, -1,
      128, 168, 154, -1,
      164, 169, 130, -1,
      130, 169, 170, -1,
      130, 170, 171, -1,
      171, 172, 130, -1,
      130, 172, 173, -1,
      130, 173, 129, -1,
      129, 173, 174, -1,
      175, 176, 128, -1,
      128, 176, 177, -1,
      128, 177, 178, -1,
      159, 179, 127, -1,
      127, 179, 180, -1,
      127, 180, 128, -1,
      128, 180, 181, -1,
      128, 181, 175, -1,
      128, 182, 183, -1,
      174, 184, 129, -1,
      129, 184, 185, -1,
      129, 185, 186, -1,
      186, 187, 129, -1,
      129, 187, 188, -1,
      129, 188, 155, -1,
      178, 189, 128, -1,
      128, 189, 190, -1,
      128, 190, 182, -1,
      183, 191, 128, -1,
      128, 191, 192, -1,
      128, 192, 193, -1,
      193, 194, 128, -1,
      128, 194, 195, -1,
      128, 195, 160, -1,
    ]
  }
}

Shape {
  appearance Appearance {
    material Material {
      diffuseColor 0.7200 0.8400 1.0000
      specularColor 0.8784 0.8784 0.8784
      ambientIntensity 0.2
      transparency 0.0000
      shininess 0.5
    }
  }
  geometry IndexedFaceSet {
    ccw TRUE
    solid FALSE
    coord DEF co Coordinate {
      point [
        0.377033 0.003174 0.531496,
        0.377447 0.002480 0.531496,
        0.377426 -0.002517 0.531496,
        0.377173 -0.002959 0.531496,
        0.367453 -0.004649 0.531496,
        0.366787 -0.004057 0.531496,
        0.366363 -0.003680 0.531496,
        0.366006 -0.003213 0.531496,
        0.365831 -0.002984 0.531496,
        0.365509 -0.002337 0.531496,
        0.365246 -0.001808 0.531496,
        0.378009 0.000580 0.531496,
        0.377995 -0.000521 0.531496,
        0.374041 0.005457 0.531496,
        0.374257 0.005346 0.531496,
        0.375421 0.004750 0.531496,
        0.376105 0.004220 0.531496,
        0.376158 0.004161 0.531496,
        0.377457 0.002451 0.531496,
        0.377793 0.001528 0.531496,
        0.377896 0.001246 0.531496,
        0.365132 -0.001398 0.531496,
        0.365042 -0.001074 0.531496,
        0.364979 -0.000444 0.531496,
        0.364934 0.000000 0.531496,
        0.377993 -0.000711 0.531496,
        0.377888 -0.001275 0.531496,
        0.377790 -0.001538 0.531496,
        0.369689 -0.005673 0.531496,
        0.369191 -0.005480 0.531496,
        0.369717 -0.005679 0.531496,
        0.368645 -0.005270 0.531496,
        0.368163 -0.005083 0.531496,
        0.373315 0.005684 0.531496,
        0.373161 0.005704 0.531496,
        0.375928 -0.004367 0.531496,
        0.376279 -0.004054 0.531496,
        0.376813 -0.003400 0.531496,
        0.365059 0.001022 0.531496,
        0.365088 0.001259 0.531496,
        0.365239 0.001767 0.531496,
        0.365822 0.002949 0.531496,
        0.365833 0.002970 0.531496,
        0.366099 0.003346 0.531496,
        0.366604 0.003859 0.531496,
        0.367131 0.004396 0.531496,
        0.367480 0.004657 0.531496,
        0.368393 0.005142 0.531496,
        0.368911 0.005417 0.531496,
        0.369359 0.005574 0.531496,
        0.369526 0.005605 0.531496,
        0.371638 0.005905 0.531496,
        0.371360 0.005898 0.531496,
        0.371048 0.005889 0.531496,
        0.371957 0.005863 0.531496,
        0.372553 0.005784 0.531496,
        0.373320 -0.005629 0.531496,
        0.372583 -0.005828 0.531496,
        0.371468 -0.005859 0.531496,
        0.370921 -0.005835 0.531496,
        0.370339 -0.005810 0.531496,
        0.370153 0.005722 0.531496,
        0.370766 0.005837 0.531496,
        0.375454 -0.004672 0.531496,
        0.374628 -0.005202 0.531496,
        0.374204 -0.005390 0.531496,
        0.373948 -0.005459 0.531496,
        0.372127 -0.005878 0.531496,
        0.372066 -0.005885 0.531496,
        0.371525 -0.005861 0.531496,
        -0.016750 -0.001193 0.531496,
        -0.016922 -0.001820 0.531496,
        -0.017155 -0.002313 0.531496,
        -0.028670 0.001514 0.531496,
        -0.028326 0.002507 0.531496,
        -0.028000 0.003090 0.531496,
        -0.027822 0.003307 0.531496,
        -0.027115 0.004173 0.531496,
        -0.026603 0.004615 0.531496,
        -0.026288 0.004803 0.531496,
        -0.025357 0.005358 0.531496,
        -0.024842 0.005556 0.531496,
        -0.024749 0.005592 0.531496,
        -0.017506 -0.003053 0.531496,
        -0.017901 -0.003609 0.531496,
        -0.018330 -0.004029 0.531496,
        -0.028856 -0.000520 0.531496,
        -0.028872 0.000600 0.531496,
        -0.028771 0.001222 0.531496,
        -0.016789 0.001340 0.531496,
        -0.016750 0.001018 0.531496,
        -0.016626 0.000000 0.531496,
        -0.016672 -0.000440 0.531496,
        -0.028853 -0.000748 0.531496,
        -0.017876 0.003560 0.531496,
        -0.017563 0.003124 0.531496,
        -0.018911 -0.004600 0.531496,
        -0.019465 -0.004982 0.531496,
        -0.020061 -0.005256 0.531496,
        -0.027998 -0.003085 0.531496,
        -0.028271 -0.002608 0.531496,
        -0.024297 0.005683 0.531496,
        -0.023744 0.005794 0.531496,
        -0.023285 0.005885 0.531496,
        -0.017472 0.002939 0.531496,
        -0.016951 0.001883 0.531496,
        -0.028313 -0.002496 0.531496,
        -0.028746 -0.001324 0.531496,
        -0.023185 0.005889 0.531496,
        -0.022681 0.005905 0.531496,
        -0.022052 0.005820 0.531496,
        -0.021466 0.005741 0.531496,
        -0.021189 0.005704 0.531496,
        -0.020654 0.005541 0.531496,
        -0.022202 -0.005836 0.531496,
        -0.022765 -0.005890 0.531496,
        -0.022913 -0.005904 0.531496,
        -0.023494 -0.005863 0.531496,
        -0.020803 -0.005597 0.531496,
        -0.021084 -0.005672 0.531496,
        -0.021414 -0.005761 0.531496,
        -0.024954 -0.005517 0.531496,
        -0.025459 -0.005306 0.531496,
        -0.020343 0.005387 0.531496,
        -0.019815 0.005126 0.531496,
        -0.019326 0.004883 0.531496,
        -0.018901 0.004579 0.531496,
        -0.018891 0.004573 0.531496,
        -0.023906 -0.005766 0.531496,
        -0.024474 -0.005631 0.531496,
        -0.025583 -0.005228 0.531496,
        -0.026701 -0.004531 0.531496,
        -0.027102 -0.004178 0.531496,
        -0.027277 -0.003965 0.531496,
        -0.027760 -0.003375 0.531496,
        -0.002259 -0.005805 0.542644,
        -0.001735 -0.005680 0.542603,
        0.020657 -0.005680 0.554047,
        0.216430 -0.003210 0.585883,
        0.255516 -0.003210 0.578376,
        0.255067 -0.004057 0.578866,
        0.080395 -0.004745 0.575821,
        0.060488 -0.004745 0.569423,
        0.061241 -0.004057 0.569231,
        0.292689 0.005768 0.569067,
        0.292356 0.005863 0.569520,
        0.312440 0.005863 0.561585,
        0.001811 0.002948 0.542377,
        0.002233 0.002013 0.542337,
        -0.004696 0.005719 0.542914,
        -0.004166 0.005831 0.542872,
        -0.008600 -0.002500 0.543181,
        -0.008943 -0.001533 0.543214,
        -0.006021 -0.005241 0.542955,
        -0.006884 -0.004683 0.543029,
        -0.005511 -0.005479 0.542912,
        -0.003335 -0.005906 0.542732,
        -0.001227 -0.005508 0.542562,
        0.333135 -0.005680 0.551514,
        0.371220 -0.005880 0.532044,
        0.369428 -0.003395 0.536018,
        0.369628 -0.003981 0.535580,
        0.334867 0.002948 0.548492,
        0.335087 0.002013 0.548113,
        0.335222 0.001021 0.547882,
        0.334543 0.003857 0.549052,
        0.334169 0.004580 0.549698,
        0.333738 0.005162 0.550444,
        0.333481 0.005415 0.550888,
        0.370699 0.005719 0.532992,
        0.370490 0.005561 0.533467,
        0.369337 0.003323 0.536110,
        0.369609 0.004160 0.535481,
        0.369925 0.004830 0.534757,
        0.369020 0.001523 0.536856,
        0.369146 0.002450 0.536556,
        0.368967 -0.000521 0.537006,
        0.368959 0.000572 0.537008,
        0.369050 -0.001533 0.536834,
        0.369205 -0.002500 0.536502,
        0.370533 -0.005479 0.533578,
        0.370317 -0.005241 0.534057,
        0.333635 -0.005294 0.550647,
        0.334085 -0.004745 0.549868,
        0.334471 -0.004057 0.549196,
        0.334803 -0.003210 0.548620,
        0.335036 -0.002329 0.548214,
        0.335189 -0.001396 0.547946,
        0.335269 0.000000 0.547803,
        0.335262 -0.000443 0.547817,
        0.002381 -0.001396 0.542298,
        0.002065 -0.002329 0.542316,
        0.001591 -0.003210 0.542348,
        0.000924 -0.004057 0.542396,
        0.000151 -0.004745 0.542455,
        -0.000743 -0.005294 0.542524,
        -0.008094 -0.003395 0.543135,
        -0.007634 -0.003981 0.543094,
        -0.009103 0.000572 0.543237,
        -0.009114 -0.000521 0.543233,
        -0.008590 0.002450 0.543205,
        -0.008926 0.001523 0.543227,
        -0.007406 0.004160 0.543120,
        -0.008097 0.003323 0.543170,
        -0.005702 0.005358 0.542992,
        -0.005211 0.005561 0.542954,
        -0.001981 0.005768 0.542698,
        -0.002538 0.005863 0.542743,
        -0.003080 0.005904 0.542786,
        -0.003625 0.005893 0.542830,
        -0.001442 0.005621 0.542654,
        -0.000904 0.005415 0.542610,
        0.000450 0.004580 0.542497,
        -0.000398 0.005162 0.542568,
        0.001180 0.003857 0.542434,
        0.002541 -0.000443 0.542292,
        0.002562 0.000000 0.542294,
        0.002485 0.001021 0.542309,
        0.313454 -0.005294 0.560013,
        0.312904 -0.005680 0.560848,
        0.293165 -0.005508 0.568398,
        0.095201 0.005561 0.582931,
        0.115185 0.005358 0.587452,
        0.095686 0.005719 0.582750,
        0.116109 0.005719 0.587042,
        0.096185 0.005831 0.582563,
        0.330962 -0.005241 0.555276,
        0.369950 -0.004683 0.534870,
        0.330522 -0.004683 0.556037,
        0.371136 0.005893 0.532001,
        0.332361 0.005866 0.552769,
        0.370988 -0.005801 0.532564,
        0.370761 -0.005669 0.533070,
        0.331497 -0.005669 0.554351,
        0.331222 -0.005479 0.554827,
        0.310810 -0.005479 0.564034,
        0.310527 -0.005241 0.564465,
        0.290292 -0.005241 0.572296,
        0.310048 -0.004683 0.565195,
        0.289774 -0.004683 0.572999,
        0.288541 0.001523 0.574683,
        0.288436 0.000572 0.574823,
        0.308810 0.000572 0.567089,
        0.288431 -0.000521 0.574828,
        0.308806 -0.000521 0.567094,
        0.288535 -0.001533 0.574685,
        0.308902 -0.001533 0.566946,
        0.288742 -0.002500 0.574404,
        0.309093 -0.002500 0.566653,
        0.289046 -0.003395 0.573989,
        0.309375 -0.003395 0.566222,
        0.289323 -0.003981 0.573612,
        0.309631 -0.003981 0.565831,
        0.370915 0.005831 0.532502,
        0.332106 0.005893 0.553271,
        0.292031 0.005904 0.569959,
        0.313626 0.005162 0.559780,
        0.314097 0.004580 0.559063,
        0.314503 0.003857 0.558444,
        0.314854 0.002948 0.557908,
        0.315090 0.002013 0.557547,
        0.315232 0.001021 0.557328,
        0.315277 0.000000 0.557257,
        0.315266 -0.000443 0.557272,
        0.315180 -0.001396 0.557400,
        0.315006 -0.002329 0.557662,
        0.314744 -0.003210 0.558056,
        0.314377 -0.004057 0.558613,
        0.313949 -0.004745 0.559261,
        0.333392 -0.005508 0.551069,
        0.331772 -0.005801 0.553876,
        0.311111 -0.005669 0.563577,
        0.290598 -0.005479 0.571880,
        0.250327 -0.005241 0.584035,
        0.249734 -0.004683 0.584681,
        0.250482 0.005358 0.583863,
        0.249864 0.004830 0.584537,
        0.269896 0.004830 0.579293,
        0.249328 0.004160 0.585122,
        0.269392 0.004160 0.579907,
        0.248862 0.003323 0.585630,
        0.268953 0.003323 0.580441,
        0.248530 0.002450 0.585992,
        0.268641 0.002450 0.580821,
        0.248306 0.001523 0.586237,
        0.268429 0.001523 0.581079,
        0.248190 0.000572 0.586364,
        0.268319 0.000572 0.581212,
        0.248187 -0.000521 0.586367,
        0.268315 -0.000521 0.581216,
        0.248309 -0.001533 0.586234,
        0.268428 -0.001533 0.581078,
        0.248548 -0.002500 0.585974,
        0.268651 -0.002500 0.580806,
        0.248899 -0.003395 0.585591,
        0.268979 -0.003395 0.580406,
        0.249217 -0.003981 0.585245,
        0.269277 -0.003981 0.580043,
        0.332935 0.005768 0.551833,
        0.333208 0.005621 0.551361,
        0.313047 0.005621 0.560661,
        0.313346 0.005415 0.560207,
        0.293335 0.005415 0.568191,
        0.293638 0.005162 0.567780,
        0.254098 0.005162 0.579920,
        0.294146 0.004580 0.567089,
        0.254680 0.004580 0.579285,
        0.294585 0.003857 0.566493,
        0.255183 0.003857 0.578737,
        0.294965 0.002948 0.565976,
        0.255620 0.002948 0.578261,
        0.295219 0.002013 0.565629,
        0.255915 0.002013 0.577941,
        0.295373 0.001021 0.565419,
        0.256094 0.001021 0.577745,
        0.295422 0.000000 0.565350,
        0.256155 0.000000 0.577679,
        0.295410 -0.000443 0.565364,
        0.256144 -0.000443 0.577691,
        0.295317 -0.001396 0.565488,
        0.256043 -0.001396 0.577801,
        0.295129 -0.002329 0.565740,
        0.255833 -0.002329 0.578030,
        0.215925 -0.004057 0.586317,
        0.254543 -0.004745 0.579437,
        0.215338 -0.004745 0.586822,
        0.253935 -0.005294 0.580100,
        0.214656 -0.005294 0.587409,
        0.213898 -0.005680 0.588061,
        0.253606 -0.005508 0.580459,
        0.293454 -0.005294 0.568006,
        0.293989 -0.004745 0.567282,
        0.294450 -0.004057 0.566657,
        0.294847 -0.003210 0.566120,
        0.371439 -0.005861 0.531553,
        0.332054 -0.005880 0.553387,
        0.311411 -0.005801 0.563120,
        0.290922 -0.005669 0.571440,
        0.250677 -0.005479 0.583653,
        0.210611 -0.005241 0.590891,
        0.209946 -0.004683 0.591462,
        0.229300 -0.003981 0.589202,
        0.209367 -0.003981 0.591961,
        0.228962 -0.003395 0.589530,
        0.209010 -0.003395 0.592268,
        0.228589 -0.002500 0.589892,
        0.208617 -0.002500 0.592606,
        0.228336 -0.001533 0.590138,
        0.208350 -0.001533 0.592836,
        0.228206 -0.000521 0.590263,
        0.208213 -0.000521 0.592954,
        0.228209 0.000572 0.590261,
        0.208217 0.000572 0.592951,
        0.228332 0.001523 0.590141,
        0.208347 0.001523 0.592839,
        0.228570 0.002450 0.589910,
        0.208599 0.002450 0.592622,
        0.228922 0.003323 0.589568,
        0.208971 0.003323 0.592302,
        0.229416 0.004160 0.589088,
        0.209494 0.004160 0.591852,
        0.210095 0.004830 0.591334,
        0.332644 0.005837 0.552307,
        0.312748 0.005768 0.561116,
        0.293012 0.005621 0.568629,
        0.253752 0.005415 0.580297,
        0.214844 0.005162 0.587248,
        0.215496 0.004580 0.586686,
        0.216059 0.003857 0.586201,
        0.216548 0.002948 0.585780,
        0.216878 0.002013 0.585496,
        0.217080 0.001021 0.585323,
        0.217147 0.000000 0.585265,
        0.217135 -0.000443 0.585276,
        0.217021 -0.001396 0.585374,
        0.216785 -0.002329 0.585576,
        0.191757 0.005719 0.591759,
        0.190951 0.005358 0.592372,
        0.210789 0.005358 0.590737,
        0.190223 0.004830 0.592926,
        0.189590 0.004160 0.593406,
        0.189041 0.003323 0.593824,
        0.188650 0.002450 0.594121,
        0.188385 0.001523 0.594322,
        0.188248 0.000572 0.594426,
        0.188244 -0.000521 0.594429,
        0.188387 -0.001533 0.594321,
        0.188667 -0.002500 0.594107,
        0.189080 -0.003395 0.593794,
        0.189454 -0.003981 0.593510,
        0.190063 -0.004683 0.593048,
        0.190761 -0.005241 0.592517,
        0.211003 -0.005479 0.590553,
        0.251048 -0.005669 0.583249,
        0.291246 -0.005801 0.571000,
        0.311719 -0.005880 0.562651,
        0.332326 -0.005906 0.552915,
        0.211163 0.005561 0.590416,
        0.253016 0.005768 0.581100,
        0.253384 0.005621 0.580699,
        0.214043 0.005621 0.587937,
        0.214456 0.005415 0.587581,
        0.195213 0.005162 0.589134,
        0.176922 0.003857 0.588931,
        0.176304 0.004580 0.589344,
        0.195897 0.004580 0.588614,
        0.175589 0.005162 0.589822,
        0.194805 0.005415 0.589444,
        0.096696 0.005893 0.582372,
        0.116596 0.005831 0.586825,
        0.136548 0.005719 0.590059,
        0.135651 0.005358 0.590527,
        0.114349 0.004830 0.587824,
        0.134840 0.004830 0.590950,
        0.113624 0.004160 0.588146,
        0.134136 0.004160 0.591317,
        0.112993 0.003323 0.588426,
        0.133524 0.003323 0.591636,
        0.112544 0.002450 0.588625,
        0.133089 0.002450 0.591863,
        0.112240 0.001523 0.588759,
        0.132793 0.001523 0.592017,
        0.112082 0.000572 0.588829,
        0.132641 0.000572 0.592096,
        0.112078 -0.000521 0.588831,
        0.132637 -0.000521 0.592098,
        0.112241 -0.001533 0.588757,
        0.132796 -0.001533 0.592015,
        0.112563 -0.002500 0.588614,
        0.133109 -0.002500 0.591852,
        0.113035 -0.003395 0.588403,
        0.133568 -0.003395 0.591613,
        0.113464 -0.003981 0.588212,
        0.133985 -0.003981 0.591396,
        0.114161 -0.004683 0.587901,
        0.134662 -0.004683 0.591042,
        0.114961 -0.005241 0.587545,
        0.135439 -0.005241 0.590637,
        0.135898 -0.005479 0.590398,
        0.171370 -0.005479 0.592644,
        0.171826 -0.005669 0.592339,
        0.191609 -0.005669 0.591872,
        0.192046 -0.005801 0.591541,
        0.211834 -0.005801 0.589837,
        0.212261 -0.005880 0.589470,
        0.251799 -0.005880 0.582430,
        0.252167 -0.005906 0.582028,
        0.291902 -0.005906 0.570110,
        0.292225 -0.005880 0.569672,
        0.312316 -0.005880 0.561742,
        0.312614 -0.005805 0.561289,
        0.332871 -0.005805 0.551972,
        0.119106 0.005621 0.585709,
        0.118608 0.005768 0.585930,
        0.138976 0.005768 0.588793,
        0.138477 0.005863 0.589054,
        0.173788 0.005863 0.591025,
        0.173333 0.005904 0.591329,
        0.193054 0.005904 0.590775,
        0.192617 0.005893 0.591107,
        0.212373 0.005893 0.589374,
        0.211959 0.005831 0.589730,
        0.251526 0.005831 0.582725,
        0.251166 0.005719 0.583118,
        0.291065 0.005719 0.571269,
        0.290757 0.005561 0.571686,
        0.331308 0.005561 0.554655,
        0.331061 0.005358 0.555082,
        0.370291 0.005358 0.533919,
        0.330605 0.004830 0.555875,
        0.330209 0.004160 0.556562,
        0.329865 0.003323 0.557159,
        0.329621 0.002450 0.557584,
        0.329456 0.001523 0.557871,
        0.329372 0.000572 0.558019,
        0.329371 -0.000521 0.558022,
        0.329463 -0.001533 0.557866,
        0.329641 -0.002500 0.557559,
        0.329902 -0.003395 0.557109,
        0.330138 -0.003981 0.556700,
        0.331567 0.005719 0.554206,
        0.291382 0.005831 0.570840,
        0.251895 0.005893 0.582323,
        0.212789 0.005904 0.589016,
        0.193489 0.005863 0.590444,
        0.174256 0.005768 0.590712,
        0.139459 0.005621 0.588541,
        0.120070 0.005162 0.585280,
        0.099746 0.005162 0.581231,
        0.120856 0.004580 0.584930,
        0.100551 0.004580 0.580930,
        0.121534 0.003857 0.584628,
        0.101246 0.003857 0.580670,
        0.122122 0.002948 0.584366,
        0.101849 0.002948 0.580444,
        0.122519 0.002013 0.584189,
        0.102255 0.002013 0.580291,
        0.122760 0.001021 0.584081,
        0.102502 0.001021 0.580198,
        0.122841 0.000000 0.584044,
        0.102583 0.000000 0.580166,
        0.122825 -0.000443 0.584050,
        0.102568 -0.000443 0.580171,
        0.122687 -0.001396 0.584111,
        0.102426 -0.001396 0.580223,
        0.122402 -0.002329 0.584237,
        0.102133 -0.002329 0.580331,
        0.121972 -0.003210 0.584428,
        0.101693 -0.003210 0.580495,
        0.121364 -0.004057 0.584697,
        0.101069 -0.004057 0.580728,
        0.120656 -0.004745 0.585012,
        0.100343 -0.004745 0.580998,
        0.119834 -0.005294 0.585377,
        0.331833 0.005831 0.553744,
        0.291706 0.005893 0.570401,
        0.252266 0.005904 0.581918,
        0.213203 0.005863 0.588659,
        0.193937 0.005768 0.590104,
        0.174710 0.005621 0.590409,
        0.139943 0.005415 0.588289,
        0.059615 -0.005294 0.569644,
        0.099501 -0.005294 0.581313,
        0.059143 -0.005508 0.569764,
        0.099045 -0.005508 0.581483,
        0.058644 -0.005680 0.569890,
        0.292546 -0.005805 0.569236,
        0.252535 -0.005880 0.581627,
        0.212674 -0.005906 0.589115,
        0.192494 -0.005880 0.591200,
        0.172281 -0.005801 0.592035,
        0.136385 -0.005669 0.590144,
        0.115433 -0.005479 0.587335,
        0.094507 -0.005241 0.583181,
        0.093687 -0.004683 0.583488,
        0.092973 -0.003981 0.583756,
        0.092533 -0.003395 0.583920,
        0.092049 -0.002500 0.584102,
        0.091720 -0.001533 0.584226,
        0.091553 -0.000521 0.584289,
        0.091558 0.000572 0.584288,
        0.091719 0.001523 0.584228,
        0.092031 0.002450 0.584113,
        0.092492 0.003323 0.583941,
        0.093138 0.004160 0.583700,
        0.093882 0.004830 0.583423,
        0.094739 0.005358 0.583103,
        0.055115 0.005561 0.570757,
        0.055618 0.005719 0.570630,
        0.056136 0.005831 0.570499,
        0.056666 0.005893 0.570365,
        0.057199 0.005904 0.570230,
        0.058277 0.005768 0.569957,
        0.057730 0.005863 0.570095,
        0.077709 0.005863 0.576654,
        0.097209 0.005904 0.582180,
        0.117094 0.005893 0.586604,
        0.137022 0.005831 0.589812,
        0.171980 0.005719 0.592233,
        0.171138 0.005358 0.592796,
        0.170377 0.004830 0.593304,
        0.169717 0.004160 0.593746,
        0.169143 0.003323 0.594130,
        0.168734 0.002450 0.594403,
        0.168457 0.001523 0.594588,
        0.168314 0.000572 0.594683,
        0.168310 -0.000521 0.594687,
        0.168459 -0.001533 0.594587,
        0.168753 -0.002500 0.594391,
        0.169183 -0.003395 0.594104,
        0.169574 -0.003981 0.593843,
        0.170210 -0.004683 0.593418,
        0.170939 -0.005241 0.592931,
        0.191172 -0.005479 0.592204,
        0.211419 -0.005669 0.590195,
        0.251419 -0.005801 0.582845,
        0.291580 -0.005880 0.570548,
        0.312018 -0.005906 0.562196,
        0.332599 -0.005880 0.552443,
        0.081136 -0.004057 0.575591,
        0.061885 -0.003210 0.569067,
        0.081772 -0.003210 0.575394,
        0.062340 -0.002329 0.568950,
        0.082221 -0.002329 0.575254,
        0.062640 -0.001396 0.568871,
        0.082518 -0.001396 0.575162,
        0.062784 -0.000443 0.568833,
        0.082662 -0.000443 0.575117,
        0.062798 0.000000 0.568828,
        0.082678 0.000000 0.575112,
        0.062709 0.001021 0.568847,
        0.082593 0.001021 0.575139,
        0.062449 0.002013 0.568911,
        0.082339 0.002013 0.575217,
        0.062024 0.002948 0.569016,
        0.081924 0.002948 0.575346,
        0.061396 0.003857 0.569172,
        0.081308 0.003857 0.575537,
        0.060671 0.004580 0.569354,
        0.080598 0.004580 0.575757,
        0.059834 0.005162 0.569565,
        0.079776 0.005162 0.576012,
        0.079287 0.005415 0.576164,
        0.099268 0.005415 0.581411,
        0.098758 0.005621 0.581602,
        -0.002797 -0.005880 0.542688,
        0.019596 -0.005880 0.554203,
        0.020133 -0.005805 0.554124,
        0.058130 -0.005805 0.570020,
        0.098565 -0.005680 0.581663,
        -0.004430 -0.005801 0.542822,
        -0.003874 -0.005880 0.542776,
        0.018518 -0.005880 0.554361,
        0.019057 -0.005906 0.554282,
        0.057074 -0.005906 0.570287,
        0.057603 -0.005880 0.570153,
        0.097562 -0.005880 0.582037,
        0.098070 -0.005805 0.581848,
        0.118438 -0.005805 0.585998,
        0.118921 -0.005680 0.585783,
        0.139285 -0.005680 0.588632,
        0.140172 -0.005294 0.588169,
        0.140970 -0.004745 0.587754,
        0.141657 -0.004057 0.587395,
        0.142248 -0.003210 0.587087,
        0.142665 -0.002329 0.586870,
        0.142941 -0.001396 0.586726,
        0.143074 -0.000443 0.586656,
        0.143089 0.000000 0.586649,
        0.143010 0.001021 0.586690,
        0.142776 0.002013 0.586812,
        0.142390 0.002948 0.587013,
        0.141818 0.003857 0.587311,
        0.141159 0.004580 0.587655,
        0.140396 0.005162 0.588053,
        0.175163 0.005415 0.590107,
        0.194371 0.005621 0.589774,
        0.213630 0.005768 0.588293,
        0.252635 0.005863 0.581515,
        -0.004970 -0.005669 0.542867,
        0.017418 -0.005669 0.554522,
        0.017960 -0.005801 0.554443,
        0.055997 -0.005801 0.570558,
        0.056544 -0.005880 0.570420,
        0.096543 -0.005880 0.582419,
        0.097053 -0.005906 0.582228,
        0.117445 -0.005906 0.586439,
        0.117943 -0.005880 0.586218,
        0.138335 -0.005880 0.589127,
        0.138817 -0.005805 0.588876,
        0.174107 -0.005805 0.590815,
        0.174547 -0.005680 0.590522,
        0.194215 -0.005680 0.589893,
        0.175378 -0.005294 0.589966,
        0.195011 -0.005294 0.589288,
        0.176127 -0.004745 0.589466,
        0.195727 -0.004745 0.588744,
        0.176772 -0.004057 0.589035,
        0.196345 -0.004057 0.588274,
        0.177325 -0.003210 0.588665,
        0.196875 -0.003210 0.587872,
        0.177717 -0.002329 0.588403,
        0.177975 -0.001396 0.588230,
        0.178101 -0.000443 0.588146,
        0.178115 0.000000 0.588136,
        0.178041 0.001021 0.588185,
        0.177820 0.002013 0.588332,
        0.177459 0.002948 0.588574,
        0.054636 0.005358 0.570879,
        0.015688 0.004830 0.554772,
        0.053748 0.004830 0.571105,
        0.014903 0.004160 0.554888,
        0.052979 0.004160 0.571301,
        0.014220 0.003323 0.554988,
        0.052310 0.003323 0.571472,
        0.013734 0.002450 0.555060,
        0.051835 0.002450 0.571594,
        0.013405 0.001523 0.555109,
        0.051513 0.001523 0.571677,
        0.013235 0.000572 0.555134,
        0.051348 0.000572 0.571720,
        0.013231 -0.000521 0.555135,
        0.051345 -0.000521 0.571722,
        0.013409 -0.001533 0.555109,
        0.051521 -0.001533 0.571680,
        0.013759 -0.002500 0.555058,
        0.051866 -0.002500 0.571594,
        0.014272 -0.003395 0.554983,
        0.052371 -0.003395 0.571469,
        0.014737 -0.003981 0.554915,
        0.052829 -0.003981 0.571354,
        0.015494 -0.004683 0.554804,
        0.053573 -0.004683 0.571167,
        0.016363 -0.005241 0.554677,
        0.054427 -0.005241 0.570953,
        0.054930 -0.005479 0.570827,
        0.094991 -0.005479 0.583000,
        0.095504 -0.005669 0.582807,
        0.115934 -0.005669 0.587112,
        0.116434 -0.005801 0.586889,
        0.136870 -0.005801 0.589891,
        0.137370 -0.005880 0.589631,
        0.172750 -0.005880 0.591722,
        0.173203 -0.005906 0.591419,
        0.192928 -0.005906 0.590871,
        0.193361 -0.005880 0.590541,
        0.213086 -0.005880 0.588760,
        0.213498 -0.005805 0.588406,
        0.252902 -0.005805 0.581227,
        0.253259 -0.005680 0.580837,
        0.292860 -0.005680 0.568811,
        0.017595 0.005719 0.554492,
        0.017082 0.005561 0.554567,
        0.016594 0.005358 0.554639,
        0.018123 0.005831 0.554414,
        0.018663 0.005893 0.554335,
        0.019206 0.005904 0.554255,
        0.019747 0.005863 0.554176,
        0.020304 0.005768 0.554094,
        0.020844 0.005621 0.554015,
        0.024427 -0.002329 0.553493,
        0.024735 -0.001396 0.553447,
        0.024883 -0.000443 0.553425,
        0.024899 0.000000 0.553422,
        0.024811 0.001021 0.553434,
        0.024548 0.002013 0.553472,
        0.024117 0.002948 0.553535,
        0.023478 0.003857 0.553629,
        0.022742 0.004580 0.553736,
        0.021890 0.005162 0.553861,
        0.059337 0.005415 0.569690,
        0.078767 0.005621 0.576325,
        0.098248 0.005768 0.581792,
        0.118094 0.005863 0.586159,
        0.137992 0.005904 0.589306,
        0.172877 0.005893 0.591634,
        0.192182 0.005831 0.591437,
        0.211555 0.005719 0.590078,
        0.250815 0.005561 0.583500,
        0.290463 0.005358 0.572084,
        0.289919 0.004830 0.572821,
        0.289446 0.004160 0.573461,
        0.289034 0.003323 0.574017,
        0.288740 0.002450 0.574414,
        0.021164 -0.005508 0.553973,
        0.021646 -0.005294 0.553902,
        0.022537 -0.004745 0.553771,
        0.023304 -0.004057 0.553658,
        0.023962 -0.003210 0.553561,
        0.016875 -0.005479 0.554602,
        0.055464 -0.005669 0.570693,
        0.096017 -0.005801 0.582616,
        0.116948 -0.005880 0.586661,
        0.137853 -0.005906 0.589379,
        0.173656 -0.005880 0.591117,
        0.193793 -0.005805 0.590213,
        -0.006614 0.004830 0.543061,
        0.021383 0.005415 0.553935,
        0.058807 0.005621 0.569824,
        0.078246 0.005768 0.576487,
        0.097721 0.005863 0.581989,
        0.117595 0.005904 0.586381,
        0.137505 0.005893 0.589560,
        0.172423 0.005831 0.591937,
      ]
    }
    coordIndex [
      135, 136, 137, -1,
      138, 139, 140, -1,
      141, 142, 143, -1,
      144, 145, 146, -1,
      104, 147, 148, -1,
      101, 149, 150, -1,
      106, 151, 152, -1,
      130, 153, 154, -1,
      122, 121, 155, -1,
      116, 115, 156, -1,
      157, 136, 118, -1,
      28, 30, 158, -1,
      68, 67, 159, -1,
      37, 160, 161, -1,
      162, 40, 163, -1,
      163, 40, 39, -1,
      163, 39, 164, -1,
      44, 43, 165, -1,
      165, 43, 42, -1,
      165, 42, 162, -1,
      162, 42, 41, -1,
      162, 41, 40, -1,
      44, 165, 45, -1,
      45, 165, 166, -1,
      45, 166, 46, -1,
      46, 166, 167, -1,
      46, 167, 47, -1,
      49, 48, 168, -1,
      49, 168, 50, -1,
      33, 34, 169, -1,
      170, 14, 13, -1,
      171, 17, 172, -1,
      172, 17, 16, -1,
      172, 16, 173, -1,
      174, 18, 175, -1,
      175, 18, 1, -1,
      175, 1, 171, -1,
      171, 1, 0, -1,
      171, 0, 17, -1,
      25, 12, 176, -1,
      176, 12, 11, -1,
      176, 11, 177, -1,
      177, 11, 20, -1,
      177, 20, 174, -1,
      174, 20, 19, -1,
      174, 19, 18, -1,
      25, 176, 26, -1,
      26, 176, 178, -1,
      26, 178, 27, -1,
      27, 178, 179, -1,
      27, 179, 2, -1,
      160, 37, 179, -1,
      179, 37, 3, -1,
      179, 3, 2, -1,
      63, 35, 161, -1,
      161, 35, 36, -1,
      161, 36, 37, -1,
      180, 66, 181, -1,
      181, 66, 65, -1,
      68, 159, 69, -1,
      28, 158, 29, -1,
      4, 32, 182, -1,
      182, 183, 4, -1,
      4, 183, 184, -1,
      4, 184, 5, -1,
      185, 186, 9, -1,
      9, 8, 185, -1,
      185, 8, 7, -1,
      185, 7, 184, -1,
      184, 7, 6, -1,
      184, 6, 5, -1,
      23, 22, 187, -1,
      187, 22, 21, -1,
      187, 21, 186, -1,
      186, 21, 10, -1,
      186, 10, 9, -1,
      39, 38, 164, -1,
      164, 38, 24, -1,
      164, 24, 188, -1,
      188, 24, 23, -1,
      188, 23, 189, -1,
      189, 23, 187, -1,
      190, 191, 71, -1,
      71, 191, 72, -1,
      72, 191, 192, -1,
      72, 192, 83, -1,
      83, 192, 84, -1,
      84, 192, 193, -1,
      84, 193, 85, -1,
      85, 193, 194, -1,
      85, 194, 96, -1,
      96, 194, 97, -1,
      97, 194, 195, -1,
      97, 195, 98, -1,
      118, 136, 119, -1,
      119, 136, 135, -1,
      119, 135, 120, -1,
      196, 133, 197, -1,
      197, 133, 132, -1,
      197, 132, 154, -1,
      154, 132, 131, -1,
      154, 131, 130, -1,
      106, 100, 151, -1,
      151, 100, 99, -1,
      151, 99, 196, -1,
      196, 99, 134, -1,
      196, 134, 133, -1,
      198, 86, 199, -1,
      199, 86, 93, -1,
      199, 93, 152, -1,
      152, 93, 107, -1,
      152, 107, 106, -1,
      200, 73, 201, -1,
      201, 73, 88, -1,
      201, 88, 198, -1,
      198, 88, 87, -1,
      198, 87, 86, -1,
      76, 75, 200, -1,
      200, 75, 74, -1,
      200, 74, 73, -1,
      78, 77, 202, -1,
      202, 77, 76, -1,
      202, 76, 203, -1,
      203, 76, 200, -1,
      79, 204, 80, -1,
      80, 204, 205, -1,
      80, 205, 81, -1,
      149, 101, 205, -1,
      205, 101, 82, -1,
      205, 82, 81, -1,
      108, 103, 150, -1,
      150, 103, 102, -1,
      150, 102, 101, -1,
      206, 110, 207, -1,
      207, 110, 109, -1,
      207, 109, 208, -1,
      208, 109, 108, -1,
      208, 108, 209, -1,
      209, 108, 150, -1,
      113, 112, 206, -1,
      206, 112, 111, -1,
      206, 111, 110, -1,
      206, 210, 113, -1,
      113, 210, 211, -1,
      113, 211, 123, -1,
      212, 126, 213, -1,
      213, 126, 125, -1,
      213, 125, 124, -1,
      147, 104, 214, -1,
      104, 95, 214, -1,
      214, 95, 94, -1,
      214, 94, 212, -1,
      212, 94, 127, -1,
      212, 127, 126, -1,
      90, 89, 148, -1,
      148, 89, 105, -1,
      148, 105, 104, -1,
      71, 70, 190, -1,
      190, 70, 92, -1,
      190, 92, 215, -1,
      215, 92, 91, -1,
      215, 91, 216, -1,
      216, 91, 90, -1,
      216, 90, 217, -1,
      217, 90, 148, -1,
      218, 219, 220, -1,
      221, 222, 223, -1,
      223, 222, 224, -1,
      223, 224, 225, -1,
      180, 181, 226, -1,
      226, 181, 227, -1,
      226, 227, 228, -1,
      54, 51, 229, -1,
      229, 51, 52, -1,
      229, 52, 230, -1,
      57, 56, 231, -1,
      231, 56, 232, -1,
      231, 232, 233, -1,
      233, 232, 234, -1,
      233, 234, 235, -1,
      235, 234, 236, -1,
      235, 236, 237, -1,
      237, 236, 238, -1,
      237, 238, 239, -1,
      56, 66, 232, -1,
      232, 66, 180, -1,
      232, 180, 234, -1,
      234, 180, 226, -1,
      234, 226, 236, -1,
      236, 226, 228, -1,
      236, 228, 238, -1,
      240, 241, 242, -1,
      242, 241, 243, -1,
      242, 243, 244, -1,
      244, 243, 245, -1,
      244, 245, 246, -1,
      246, 245, 247, -1,
      246, 247, 248, -1,
      248, 247, 249, -1,
      248, 249, 250, -1,
      250, 249, 251, -1,
      250, 251, 252, -1,
      55, 54, 253, -1,
      253, 54, 229, -1,
      253, 229, 254, -1,
      254, 229, 230, -1,
      254, 230, 255, -1,
      48, 47, 168, -1,
      168, 47, 167, -1,
      168, 167, 256, -1,
      256, 167, 166, -1,
      256, 166, 257, -1,
      257, 166, 165, -1,
      257, 165, 258, -1,
      258, 165, 162, -1,
      258, 162, 259, -1,
      259, 162, 163, -1,
      259, 163, 260, -1,
      260, 163, 164, -1,
      260, 164, 261, -1,
      261, 164, 188, -1,
      261, 188, 262, -1,
      262, 188, 189, -1,
      262, 189, 263, -1,
      263, 189, 187, -1,
      263, 187, 264, -1,
      264, 187, 186, -1,
      264, 186, 265, -1,
      265, 186, 185, -1,
      265, 185, 266, -1,
      266, 185, 184, -1,
      266, 184, 267, -1,
      267, 184, 183, -1,
      267, 183, 268, -1,
      268, 183, 182, -1,
      268, 182, 218, -1,
      218, 182, 269, -1,
      218, 269, 219, -1,
      67, 57, 159, -1,
      159, 57, 231, -1,
      159, 231, 270, -1,
      270, 231, 233, -1,
      270, 233, 271, -1,
      271, 233, 235, -1,
      271, 235, 272, -1,
      272, 235, 237, -1,
      272, 237, 273, -1,
      273, 237, 239, -1,
      273, 239, 274, -1,
      275, 276, 277, -1,
      277, 276, 278, -1,
      277, 278, 279, -1,
      279, 278, 280, -1,
      279, 280, 281, -1,
      281, 280, 282, -1,
      281, 282, 283, -1,
      283, 282, 284, -1,
      283, 284, 285, -1,
      285, 284, 286, -1,
      285, 286, 287, -1,
      287, 286, 288, -1,
      287, 288, 289, -1,
      289, 288, 290, -1,
      289, 290, 291, -1,
      291, 290, 292, -1,
      291, 292, 293, -1,
      293, 292, 294, -1,
      293, 294, 295, -1,
      295, 294, 296, -1,
      295, 296, 297, -1,
      298, 299, 300, -1,
      300, 299, 301, -1,
      300, 301, 302, -1,
      302, 301, 303, -1,
      302, 303, 304, -1,
      304, 303, 305, -1,
      304, 305, 306, -1,
      306, 305, 307, -1,
      306, 307, 308, -1,
      308, 307, 309, -1,
      308, 309, 310, -1,
      310, 309, 311, -1,
      310, 311, 312, -1,
      312, 311, 313, -1,
      312, 313, 314, -1,
      314, 313, 315, -1,
      314, 315, 316, -1,
      316, 315, 317, -1,
      316, 317, 318, -1,
      318, 317, 319, -1,
      318, 319, 320, -1,
      320, 319, 321, -1,
      320, 321, 322, -1,
      138, 140, 323, -1,
      323, 140, 324, -1,
      323, 324, 325, -1,
      325, 324, 326, -1,
      325, 326, 327, -1,
      328, 327, 329, -1,
      329, 327, 326, -1,
      329, 326, 330, -1,
      330, 326, 324, -1,
      330, 324, 331, -1,
      331, 324, 140, -1,
      331, 140, 332, -1,
      332, 140, 139, -1,
      332, 139, 333, -1,
      58, 69, 334, -1,
      334, 69, 159, -1,
      334, 159, 335, -1,
      335, 159, 270, -1,
      335, 270, 336, -1,
      336, 270, 271, -1,
      336, 271, 337, -1,
      337, 271, 272, -1,
      337, 272, 338, -1,
      338, 272, 273, -1,
      338, 273, 339, -1,
      339, 273, 274, -1,
      339, 274, 340, -1,
      340, 274, 341, -1,
      340, 341, 342, -1,
      342, 341, 343, -1,
      342, 343, 344, -1,
      344, 343, 345, -1,
      344, 345, 346, -1,
      346, 345, 347, -1,
      346, 347, 348, -1,
      348, 347, 349, -1,
      348, 349, 350, -1,
      350, 349, 351, -1,
      350, 351, 352, -1,
      352, 351, 353, -1,
      352, 353, 354, -1,
      354, 353, 355, -1,
      354, 355, 356, -1,
      356, 355, 357, -1,
      356, 357, 358, -1,
      358, 357, 359, -1,
      358, 359, 360, -1,
      360, 359, 361, -1,
      362, 298, 363, -1,
      363, 298, 300, -1,
      363, 300, 364, -1,
      364, 300, 302, -1,
      364, 302, 365, -1,
      365, 302, 304, -1,
      365, 304, 366, -1,
      366, 304, 306, -1,
      366, 306, 367, -1,
      367, 306, 308, -1,
      367, 308, 368, -1,
      368, 308, 310, -1,
      368, 310, 369, -1,
      369, 310, 312, -1,
      369, 312, 370, -1,
      370, 312, 314, -1,
      370, 314, 371, -1,
      371, 314, 316, -1,
      371, 316, 372, -1,
      372, 316, 318, -1,
      372, 318, 373, -1,
      373, 318, 320, -1,
      373, 320, 374, -1,
      374, 320, 322, -1,
      374, 322, 375, -1,
      376, 377, 378, -1,
      378, 377, 379, -1,
      378, 379, 361, -1,
      361, 379, 380, -1,
      361, 380, 360, -1,
      360, 380, 381, -1,
      360, 381, 358, -1,
      358, 381, 382, -1,
      358, 382, 356, -1,
      356, 382, 383, -1,
      356, 383, 354, -1,
      354, 383, 384, -1,
      354, 384, 352, -1,
      352, 384, 385, -1,
      352, 385, 350, -1,
      350, 385, 386, -1,
      350, 386, 348, -1,
      348, 386, 387, -1,
      348, 387, 346, -1,
      346, 387, 388, -1,
      346, 388, 344, -1,
      344, 388, 389, -1,
      344, 389, 342, -1,
      342, 389, 390, -1,
      342, 390, 340, -1,
      340, 390, 391, -1,
      340, 391, 339, -1,
      339, 391, 392, -1,
      339, 392, 338, -1,
      338, 392, 393, -1,
      338, 393, 337, -1,
      337, 393, 394, -1,
      337, 394, 336, -1,
      336, 394, 395, -1,
      336, 395, 335, -1,
      335, 395, 396, -1,
      335, 396, 334, -1,
      239, 297, 274, -1,
      274, 297, 296, -1,
      274, 296, 341, -1,
      341, 296, 294, -1,
      341, 294, 343, -1,
      343, 294, 292, -1,
      343, 292, 345, -1,
      345, 292, 290, -1,
      345, 290, 347, -1,
      347, 290, 288, -1,
      347, 288, 349, -1,
      349, 288, 286, -1,
      349, 286, 351, -1,
      351, 286, 284, -1,
      351, 284, 353, -1,
      353, 284, 282, -1,
      353, 282, 355, -1,
      355, 282, 280, -1,
      355, 280, 357, -1,
      357, 280, 278, -1,
      357, 278, 359, -1,
      359, 278, 276, -1,
      359, 276, 361, -1,
      361, 276, 275, -1,
      361, 275, 378, -1,
      378, 275, 397, -1,
      378, 397, 376, -1,
      145, 144, 398, -1,
      398, 144, 399, -1,
      398, 399, 400, -1,
      400, 399, 401, -1,
      400, 401, 402, -1,
      403, 404, 405, -1,
      405, 404, 406, -1,
      405, 406, 402, -1,
      402, 406, 407, -1,
      402, 407, 400, -1,
      408, 225, 409, -1,
      409, 225, 224, -1,
      409, 224, 410, -1,
      410, 224, 222, -1,
      410, 222, 411, -1,
      411, 222, 412, -1,
      411, 412, 413, -1,
      413, 412, 414, -1,
      413, 414, 415, -1,
      415, 414, 416, -1,
      415, 416, 417, -1,
      417, 416, 418, -1,
      417, 418, 419, -1,
      419, 418, 420, -1,
      419, 420, 421, -1,
      421, 420, 422, -1,
      421, 422, 423, -1,
      423, 422, 424, -1,
      423, 424, 425, -1,
      425, 424, 426, -1,
      425, 426, 427, -1,
      427, 426, 428, -1,
      427, 428, 429, -1,
      429, 428, 430, -1,
      429, 430, 431, -1,
      431, 430, 432, -1,
      431, 432, 433, -1,
      433, 432, 434, -1,
      433, 434, 435, -1,
      435, 434, 436, -1,
      435, 436, 437, -1,
      437, 436, 438, -1,
      437, 438, 439, -1,
      439, 438, 440, -1,
      439, 440, 441, -1,
      441, 440, 442, -1,
      441, 442, 443, -1,
      443, 442, 444, -1,
      443, 444, 445, -1,
      445, 444, 446, -1,
      445, 446, 447, -1,
      447, 446, 448, -1,
      447, 448, 449, -1,
      449, 448, 450, -1,
      449, 450, 451, -1,
      451, 450, 158, -1,
      451, 158, 60, -1,
      60, 158, 30, -1,
      452, 453, 454, -1,
      454, 453, 455, -1,
      454, 455, 456, -1,
      456, 455, 457, -1,
      456, 457, 458, -1,
      458, 457, 459, -1,
      458, 459, 460, -1,
      460, 459, 461, -1,
      460, 461, 462, -1,
      462, 461, 463, -1,
      462, 463, 464, -1,
      464, 463, 465, -1,
      464, 465, 466, -1,
      466, 465, 467, -1,
      466, 467, 468, -1,
      468, 467, 469, -1,
      468, 469, 173, -1,
      173, 469, 470, -1,
      173, 470, 172, -1,
      172, 470, 471, -1,
      172, 471, 171, -1,
      171, 471, 472, -1,
      171, 472, 175, -1,
      175, 472, 473, -1,
      175, 473, 174, -1,
      174, 473, 474, -1,
      174, 474, 177, -1,
      177, 474, 475, -1,
      177, 475, 176, -1,
      176, 475, 476, -1,
      176, 476, 178, -1,
      178, 476, 477, -1,
      178, 477, 179, -1,
      179, 477, 478, -1,
      179, 478, 160, -1,
      160, 478, 479, -1,
      160, 479, 161, -1,
      16, 15, 173, -1,
      173, 15, 14, -1,
      173, 14, 468, -1,
      468, 14, 170, -1,
      468, 170, 466, -1,
      466, 170, 480, -1,
      466, 480, 464, -1,
      464, 480, 481, -1,
      464, 481, 462, -1,
      462, 481, 482, -1,
      462, 482, 460, -1,
      460, 482, 483, -1,
      460, 483, 458, -1,
      458, 483, 484, -1,
      458, 484, 456, -1,
      456, 484, 485, -1,
      456, 485, 454, -1,
      454, 485, 486, -1,
      454, 486, 452, -1,
      452, 486, 487, -1,
      452, 487, 488, -1,
      488, 487, 489, -1,
      488, 489, 490, -1,
      490, 489, 491, -1,
      490, 491, 492, -1,
      492, 491, 493, -1,
      492, 493, 494, -1,
      494, 493, 495, -1,
      494, 495, 496, -1,
      496, 495, 497, -1,
      496, 497, 498, -1,
      498, 497, 499, -1,
      498, 499, 500, -1,
      500, 499, 501, -1,
      500, 501, 502, -1,
      502, 501, 503, -1,
      502, 503, 504, -1,
      504, 503, 505, -1,
      504, 505, 506, -1,
      506, 505, 507, -1,
      506, 507, 508, -1,
      508, 507, 509, -1,
      508, 509, 510, -1,
      510, 509, 511, -1,
      510, 511, 512, -1,
      512, 511, 513, -1,
      13, 33, 170, -1,
      170, 33, 169, -1,
      170, 169, 480, -1,
      480, 169, 514, -1,
      480, 514, 481, -1,
      481, 514, 515, -1,
      481, 515, 482, -1,
      482, 515, 516, -1,
      482, 516, 483, -1,
      483, 516, 517, -1,
      483, 517, 484, -1,
      484, 517, 518, -1,
      484, 518, 485, -1,
      485, 518, 519, -1,
      485, 519, 486, -1,
      486, 519, 520, -1,
      486, 520, 487, -1,
      142, 141, 521, -1,
      521, 141, 522, -1,
      521, 522, 523, -1,
      523, 522, 524, -1,
      523, 524, 525, -1,
      32, 31, 182, -1,
      182, 31, 29, -1,
      182, 29, 269, -1,
      269, 29, 158, -1,
      269, 158, 219, -1,
      219, 158, 450, -1,
      219, 450, 526, -1,
      526, 450, 448, -1,
      526, 448, 527, -1,
      527, 448, 446, -1,
      527, 446, 528, -1,
      528, 446, 444, -1,
      528, 444, 529, -1,
      529, 444, 442, -1,
      529, 442, 530, -1,
      530, 442, 440, -1,
      530, 440, 531, -1,
      531, 440, 438, -1,
      531, 438, 532, -1,
      532, 438, 436, -1,
      532, 436, 533, -1,
      533, 436, 434, -1,
      533, 434, 534, -1,
      534, 434, 432, -1,
      534, 432, 535, -1,
      535, 432, 430, -1,
      535, 430, 536, -1,
      536, 430, 428, -1,
      536, 428, 537, -1,
      537, 428, 426, -1,
      537, 426, 538, -1,
      538, 426, 424, -1,
      538, 424, 539, -1,
      539, 424, 422, -1,
      539, 422, 540, -1,
      540, 422, 420, -1,
      540, 420, 541, -1,
      541, 420, 418, -1,
      541, 418, 542, -1,
      542, 418, 416, -1,
      542, 416, 543, -1,
      543, 416, 414, -1,
      543, 414, 544, -1,
      544, 414, 412, -1,
      544, 412, 545, -1,
      545, 412, 222, -1,
      545, 222, 546, -1,
      546, 222, 221, -1,
      546, 221, 547, -1,
      547, 221, 548, -1,
      548, 221, 223, -1,
      548, 223, 549, -1,
      549, 223, 225, -1,
      549, 225, 550, -1,
      550, 225, 408, -1,
      550, 408, 551, -1,
      552, 553, 554, -1,
      554, 553, 551, -1,
      554, 551, 555, -1,
      555, 551, 408, -1,
      555, 408, 556, -1,
      556, 408, 409, -1,
      556, 409, 557, -1,
      557, 409, 410, -1,
      557, 410, 558, -1,
      558, 410, 411, -1,
      558, 411, 559, -1,
      559, 411, 413, -1,
      559, 413, 560, -1,
      560, 413, 415, -1,
      560, 415, 561, -1,
      561, 415, 417, -1,
      561, 417, 562, -1,
      562, 417, 419, -1,
      562, 419, 563, -1,
      563, 419, 421, -1,
      563, 421, 564, -1,
      564, 421, 423, -1,
      564, 423, 565, -1,
      565, 423, 425, -1,
      565, 425, 566, -1,
      566, 425, 427, -1,
      566, 427, 567, -1,
      567, 427, 429, -1,
      567, 429, 568, -1,
      568, 429, 431, -1,
      568, 431, 569, -1,
      569, 431, 433, -1,
      569, 433, 570, -1,
      570, 433, 435, -1,
      570, 435, 571, -1,
      571, 435, 437, -1,
      571, 437, 572, -1,
      572, 437, 439, -1,
      572, 439, 573, -1,
      573, 439, 441, -1,
      573, 441, 574, -1,
      574, 441, 443, -1,
      574, 443, 575, -1,
      575, 443, 445, -1,
      575, 445, 576, -1,
      576, 445, 447, -1,
      576, 447, 577, -1,
      577, 447, 449, -1,
      577, 449, 578, -1,
      578, 449, 451, -1,
      578, 451, 59, -1,
      59, 451, 60, -1,
      579, 580, 581, -1,
      581, 580, 582, -1,
      581, 582, 583, -1,
      583, 582, 584, -1,
      583, 584, 585, -1,
      585, 584, 586, -1,
      585, 586, 587, -1,
      587, 586, 588, -1,
      587, 588, 589, -1,
      589, 588, 590, -1,
      589, 590, 591, -1,
      591, 590, 592, -1,
      591, 592, 593, -1,
      593, 592, 594, -1,
      593, 594, 595, -1,
      595, 594, 596, -1,
      595, 596, 597, -1,
      597, 596, 598, -1,
      597, 598, 599, -1,
      599, 598, 600, -1,
      599, 600, 601, -1,
      601, 600, 602, -1,
      601, 602, 603, -1,
      603, 602, 604, -1,
      512, 579, 510, -1,
      510, 579, 581, -1,
      510, 581, 508, -1,
      508, 581, 583, -1,
      508, 583, 506, -1,
      506, 583, 585, -1,
      506, 585, 504, -1,
      504, 585, 587, -1,
      504, 587, 502, -1,
      502, 587, 589, -1,
      502, 589, 500, -1,
      500, 589, 591, -1,
      500, 591, 498, -1,
      498, 591, 593, -1,
      498, 593, 496, -1,
      496, 593, 595, -1,
      496, 595, 494, -1,
      494, 595, 597, -1,
      494, 597, 492, -1,
      492, 597, 599, -1,
      492, 599, 490, -1,
      490, 599, 601, -1,
      490, 601, 488, -1,
      488, 601, 603, -1,
      488, 603, 452, -1,
      452, 603, 604, -1,
      452, 604, 453, -1,
      115, 114, 156, -1,
      156, 114, 605, -1,
      156, 605, 606, -1,
      606, 605, 607, -1,
      606, 607, 608, -1,
      608, 607, 525, -1,
      608, 525, 609, -1,
      609, 525, 524, -1,
      128, 117, 610, -1,
      610, 117, 611, -1,
      610, 611, 612, -1,
      612, 611, 613, -1,
      612, 613, 614, -1,
      614, 613, 615, -1,
      614, 615, 616, -1,
      616, 615, 617, -1,
      616, 617, 618, -1,
      618, 617, 619, -1,
      618, 619, 620, -1,
      620, 619, 513, -1,
      620, 513, 621, -1,
      621, 513, 511, -1,
      621, 511, 622, -1,
      622, 511, 509, -1,
      622, 509, 623, -1,
      623, 509, 507, -1,
      623, 507, 624, -1,
      624, 507, 505, -1,
      624, 505, 625, -1,
      625, 505, 503, -1,
      625, 503, 626, -1,
      626, 503, 501, -1,
      626, 501, 627, -1,
      627, 501, 499, -1,
      627, 499, 628, -1,
      628, 499, 497, -1,
      628, 497, 629, -1,
      629, 497, 495, -1,
      629, 495, 630, -1,
      630, 495, 493, -1,
      630, 493, 631, -1,
      631, 493, 491, -1,
      631, 491, 632, -1,
      632, 491, 489, -1,
      632, 489, 633, -1,
      633, 489, 487, -1,
      633, 487, 634, -1,
      634, 487, 520, -1,
      634, 520, 635, -1,
      635, 520, 519, -1,
      635, 519, 636, -1,
      636, 519, 518, -1,
      636, 518, 637, -1,
      637, 518, 517, -1,
      637, 517, 638, -1,
      638, 517, 516, -1,
      638, 516, 255, -1,
      255, 516, 515, -1,
      255, 515, 254, -1,
      254, 515, 514, -1,
      254, 514, 253, -1,
      253, 514, 169, -1,
      253, 169, 55, -1,
      55, 169, 34, -1,
      121, 129, 155, -1,
      155, 129, 639, -1,
      155, 639, 640, -1,
      640, 639, 641, -1,
      640, 641, 642, -1,
      642, 641, 643, -1,
      642, 643, 644, -1,
      644, 643, 645, -1,
      644, 645, 646, -1,
      646, 645, 647, -1,
      646, 647, 648, -1,
      648, 647, 649, -1,
      648, 649, 650, -1,
      650, 649, 651, -1,
      650, 651, 652, -1,
      652, 651, 653, -1,
      652, 653, 654, -1,
      654, 653, 655, -1,
      654, 655, 656, -1,
      656, 655, 657, -1,
      656, 657, 658, -1,
      658, 657, 659, -1,
      658, 659, 660, -1,
      660, 659, 661, -1,
      660, 661, 375, -1,
      375, 661, 662, -1,
      375, 662, 374, -1,
      374, 662, 663, -1,
      374, 663, 373, -1,
      373, 663, 664, -1,
      373, 664, 372, -1,
      372, 664, 665, -1,
      372, 665, 371, -1,
      371, 665, 666, -1,
      371, 666, 370, -1,
      370, 666, 667, -1,
      370, 667, 369, -1,
      369, 667, 403, -1,
      369, 403, 368, -1,
      368, 403, 405, -1,
      368, 405, 367, -1,
      367, 405, 402, -1,
      367, 402, 366, -1,
      366, 402, 401, -1,
      366, 401, 365, -1,
      365, 401, 399, -1,
      365, 399, 364, -1,
      364, 399, 144, -1,
      364, 144, 363, -1,
      363, 144, 146, -1,
      363, 146, 362, -1,
      668, 669, 670, -1,
      670, 669, 671, -1,
      670, 671, 672, -1,
      672, 671, 673, -1,
      672, 673, 674, -1,
      674, 673, 675, -1,
      674, 675, 676, -1,
      676, 675, 677, -1,
      676, 677, 678, -1,
      678, 677, 679, -1,
      678, 679, 680, -1,
      680, 679, 681, -1,
      680, 681, 682, -1,
      682, 681, 683, -1,
      682, 683, 684, -1,
      684, 683, 685, -1,
      684, 685, 686, -1,
      686, 685, 687, -1,
      686, 687, 688, -1,
      688, 687, 689, -1,
      688, 689, 690, -1,
      690, 689, 691, -1,
      690, 691, 692, -1,
      692, 691, 693, -1,
      692, 693, 694, -1,
      694, 693, 695, -1,
      694, 695, 696, -1,
      696, 695, 697, -1,
      696, 697, 698, -1,
      698, 697, 699, -1,
      698, 699, 700, -1,
      700, 699, 701, -1,
      700, 701, 702, -1,
      702, 701, 703, -1,
      702, 703, 704, -1,
      704, 703, 705, -1,
      704, 705, 706, -1,
      706, 705, 707, -1,
      706, 707, 708, -1,
      708, 707, 709, -1,
      708, 709, 710, -1,
      710, 709, 220, -1,
      711, 712, 668, -1,
      668, 712, 713, -1,
      668, 713, 669, -1,
      220, 219, 710, -1,
      710, 219, 526, -1,
      710, 526, 708, -1,
      708, 526, 527, -1,
      708, 527, 706, -1,
      706, 527, 528, -1,
      706, 528, 704, -1,
      704, 528, 529, -1,
      704, 529, 702, -1,
      702, 529, 530, -1,
      702, 530, 700, -1,
      700, 530, 531, -1,
      700, 531, 698, -1,
      698, 531, 532, -1,
      698, 532, 696, -1,
      696, 532, 533, -1,
      696, 533, 694, -1,
      694, 533, 534, -1,
      694, 534, 692, -1,
      692, 534, 535, -1,
      692, 535, 690, -1,
      690, 535, 536, -1,
      690, 536, 688, -1,
      688, 536, 537, -1,
      688, 537, 686, -1,
      686, 537, 538, -1,
      686, 538, 684, -1,
      684, 538, 539, -1,
      684, 539, 682, -1,
      682, 539, 540, -1,
      682, 540, 680, -1,
      680, 540, 541, -1,
      680, 541, 678, -1,
      678, 541, 542, -1,
      678, 542, 676, -1,
      676, 542, 543, -1,
      676, 543, 674, -1,
      674, 543, 544, -1,
      674, 544, 672, -1,
      672, 544, 545, -1,
      672, 545, 670, -1,
      670, 545, 546, -1,
      670, 546, 668, -1,
      668, 546, 547, -1,
      668, 547, 711, -1,
      711, 547, 548, -1,
      711, 548, 714, -1,
      714, 548, 549, -1,
      714, 549, 715, -1,
      715, 549, 550, -1,
      715, 550, 716, -1,
      716, 550, 551, -1,
      716, 551, 717, -1,
      717, 551, 553, -1,
      717, 553, 718, -1,
      718, 553, 552, -1,
      718, 552, 719, -1,
      580, 720, 582, -1,
      582, 720, 721, -1,
      582, 721, 584, -1,
      584, 721, 722, -1,
      584, 722, 586, -1,
      586, 722, 723, -1,
      586, 723, 588, -1,
      588, 723, 724, -1,
      588, 724, 590, -1,
      590, 724, 725, -1,
      590, 725, 592, -1,
      592, 725, 726, -1,
      592, 726, 594, -1,
      594, 726, 727, -1,
      594, 727, 596, -1,
      596, 727, 728, -1,
      596, 728, 598, -1,
      598, 728, 729, -1,
      598, 729, 600, -1,
      600, 729, 730, -1,
      600, 730, 602, -1,
      602, 730, 731, -1,
      602, 731, 604, -1,
      604, 731, 732, -1,
      604, 732, 453, -1,
      453, 732, 733, -1,
      453, 733, 455, -1,
      455, 733, 734, -1,
      455, 734, 457, -1,
      457, 734, 735, -1,
      457, 735, 459, -1,
      459, 735, 736, -1,
      459, 736, 461, -1,
      461, 736, 737, -1,
      461, 737, 463, -1,
      463, 737, 738, -1,
      463, 738, 465, -1,
      465, 738, 739, -1,
      465, 739, 467, -1,
      467, 739, 740, -1,
      467, 740, 469, -1,
      469, 740, 741, -1,
      469, 741, 470, -1,
      470, 741, 742, -1,
      470, 742, 471, -1,
      471, 742, 743, -1,
      471, 743, 472, -1,
      472, 743, 240, -1,
      472, 240, 473, -1,
      473, 240, 242, -1,
      473, 242, 474, -1,
      474, 242, 244, -1,
      474, 244, 475, -1,
      475, 244, 246, -1,
      475, 246, 476, -1,
      476, 246, 248, -1,
      476, 248, 477, -1,
      477, 248, 250, -1,
      477, 250, 478, -1,
      478, 250, 252, -1,
      478, 252, 479, -1,
      137, 136, 744, -1,
      744, 136, 157, -1,
      744, 157, 745, -1,
      114, 120, 605, -1,
      605, 120, 135, -1,
      605, 135, 607, -1,
      607, 135, 137, -1,
      607, 137, 525, -1,
      525, 137, 744, -1,
      525, 744, 523, -1,
      523, 744, 745, -1,
      523, 745, 521, -1,
      521, 745, 746, -1,
      521, 746, 142, -1,
      142, 746, 747, -1,
      142, 747, 143, -1,
      143, 747, 748, -1,
      117, 116, 611, -1,
      611, 116, 156, -1,
      611, 156, 613, -1,
      613, 156, 606, -1,
      613, 606, 615, -1,
      615, 606, 608, -1,
      615, 608, 617, -1,
      617, 608, 609, -1,
      617, 609, 619, -1,
      619, 609, 524, -1,
      619, 524, 513, -1,
      513, 524, 522, -1,
      513, 522, 512, -1,
      512, 522, 141, -1,
      512, 141, 579, -1,
      579, 141, 143, -1,
      579, 143, 580, -1,
      580, 143, 748, -1,
      580, 748, 720, -1,
      129, 128, 639, -1,
      639, 128, 610, -1,
      639, 610, 641, -1,
      641, 610, 612, -1,
      641, 612, 643, -1,
      643, 612, 614, -1,
      643, 614, 645, -1,
      645, 614, 616, -1,
      645, 616, 647, -1,
      647, 616, 618, -1,
      647, 618, 649, -1,
      649, 618, 620, -1,
      649, 620, 651, -1,
      651, 620, 621, -1,
      651, 621, 653, -1,
      653, 621, 622, -1,
      653, 622, 655, -1,
      655, 622, 623, -1,
      655, 623, 657, -1,
      657, 623, 624, -1,
      657, 624, 659, -1,
      659, 624, 625, -1,
      659, 625, 661, -1,
      661, 625, 626, -1,
      661, 626, 662, -1,
      662, 626, 627, -1,
      662, 627, 663, -1,
      663, 627, 628, -1,
      663, 628, 664, -1,
      664, 628, 629, -1,
      664, 629, 665, -1,
      665, 629, 630, -1,
      665, 630, 666, -1,
      666, 630, 631, -1,
      666, 631, 667, -1,
      667, 631, 632, -1,
      667, 632, 403, -1,
      403, 632, 633, -1,
      403, 633, 404, -1,
      404, 633, 634, -1,
      404, 634, 406, -1,
      406, 634, 635, -1,
      406, 635, 407, -1,
      407, 635, 636, -1,
      407, 636, 400, -1,
      400, 636, 637, -1,
      400, 637, 398, -1,
      398, 637, 638, -1,
      398, 638, 145, -1,
      145, 638, 255, -1,
      145, 255, 146, -1,
      146, 255, 230, -1,
      146, 230, 362, -1,
      362, 230, 52, -1,
      362, 52, 53, -1,
      130, 122, 153, -1,
      153, 122, 155, -1,
      153, 155, 749, -1,
      749, 155, 640, -1,
      749, 640, 750, -1,
      750, 640, 642, -1,
      750, 642, 751, -1,
      751, 642, 644, -1,
      751, 644, 752, -1,
      752, 644, 646, -1,
      752, 646, 753, -1,
      753, 646, 648, -1,
      753, 648, 754, -1,
      754, 648, 650, -1,
      754, 650, 755, -1,
      755, 650, 652, -1,
      755, 652, 328, -1,
      328, 652, 654, -1,
      328, 654, 327, -1,
      327, 654, 656, -1,
      327, 656, 325, -1,
      325, 656, 658, -1,
      325, 658, 323, -1,
      323, 658, 660, -1,
      323, 660, 138, -1,
      138, 660, 375, -1,
      138, 375, 139, -1,
      139, 375, 322, -1,
      139, 322, 333, -1,
      333, 322, 321, -1,
      713, 756, 669, -1,
      669, 756, 202, -1,
      669, 202, 671, -1,
      671, 202, 203, -1,
      671, 203, 673, -1,
      673, 203, 200, -1,
      673, 200, 675, -1,
      675, 200, 201, -1,
      675, 201, 677, -1,
      677, 201, 198, -1,
      677, 198, 679, -1,
      679, 198, 199, -1,
      679, 199, 681, -1,
      681, 199, 152, -1,
      681, 152, 683, -1,
      683, 152, 151, -1,
      683, 151, 685, -1,
      685, 151, 196, -1,
      685, 196, 687, -1,
      687, 196, 197, -1,
      687, 197, 689, -1,
      689, 197, 154, -1,
      689, 154, 691, -1,
      691, 154, 153, -1,
      691, 153, 693, -1,
      693, 153, 749, -1,
      693, 749, 695, -1,
      695, 749, 750, -1,
      695, 750, 697, -1,
      697, 750, 751, -1,
      697, 751, 699, -1,
      699, 751, 752, -1,
      699, 752, 701, -1,
      701, 752, 753, -1,
      701, 753, 703, -1,
      703, 753, 754, -1,
      703, 754, 705, -1,
      705, 754, 755, -1,
      705, 755, 707, -1,
      707, 755, 328, -1,
      707, 328, 709, -1,
      709, 328, 329, -1,
      709, 329, 220, -1,
      220, 329, 330, -1,
      220, 330, 218, -1,
      218, 330, 331, -1,
      218, 331, 268, -1,
      268, 331, 332, -1,
      268, 332, 267, -1,
      267, 332, 333, -1,
      267, 333, 266, -1,
      266, 333, 321, -1,
      266, 321, 265, -1,
      265, 321, 319, -1,
      265, 319, 264, -1,
      264, 319, 317, -1,
      264, 317, 263, -1,
      263, 317, 315, -1,
      263, 315, 262, -1,
      262, 315, 313, -1,
      262, 313, 261, -1,
      261, 313, 311, -1,
      261, 311, 260, -1,
      260, 311, 309, -1,
      260, 309, 259, -1,
      259, 309, 307, -1,
      259, 307, 258, -1,
      258, 307, 305, -1,
      258, 305, 257, -1,
      257, 305, 303, -1,
      257, 303, 256, -1,
      256, 303, 301, -1,
      256, 301, 168, -1,
      168, 301, 299, -1,
      168, 299, 50, -1,
      50, 299, 298, -1,
      50, 298, 61, -1,
      61, 298, 362, -1,
      61, 362, 62, -1,
      62, 362, 53, -1,
      78, 202, 79, -1,
      79, 202, 756, -1,
      79, 756, 204, -1,
      204, 756, 713, -1,
      204, 713, 205, -1,
      205, 713, 712, -1,
      205, 712, 149, -1,
      149, 712, 711, -1,
      149, 711, 150, -1,
      150, 711, 714, -1,
      150, 714, 209, -1,
      209, 714, 715, -1,
      209, 715, 208, -1,
      208, 715, 716, -1,
      208, 716, 207, -1,
      207, 716, 717, -1,
      207, 717, 206, -1,
      206, 717, 718, -1,
      206, 718, 210, -1,
      210, 718, 719, -1,
      210, 719, 211, -1,
      124, 123, 213, -1,
      213, 123, 211, -1,
      213, 211, 757, -1,
      757, 211, 719, -1,
      757, 719, 758, -1,
      758, 719, 552, -1,
      758, 552, 759, -1,
      759, 552, 554, -1,
      759, 554, 760, -1,
      760, 554, 555, -1,
      760, 555, 761, -1,
      761, 555, 556, -1,
      761, 556, 762, -1,
      762, 556, 557, -1,
      762, 557, 763, -1,
      763, 557, 558, -1,
      763, 558, 376, -1,
      376, 558, 559, -1,
      376, 559, 377, -1,
      377, 559, 560, -1,
      377, 560, 379, -1,
      379, 560, 561, -1,
      379, 561, 380, -1,
      380, 561, 562, -1,
      380, 562, 381, -1,
      381, 562, 563, -1,
      381, 563, 382, -1,
      382, 563, 564, -1,
      382, 564, 383, -1,
      383, 564, 565, -1,
      383, 565, 384, -1,
      384, 565, 566, -1,
      384, 566, 385, -1,
      385, 566, 567, -1,
      385, 567, 386, -1,
      386, 567, 568, -1,
      386, 568, 387, -1,
      387, 568, 569, -1,
      387, 569, 388, -1,
      388, 569, 570, -1,
      388, 570, 389, -1,
      389, 570, 571, -1,
      389, 571, 390, -1,
      390, 571, 572, -1,
      390, 572, 391, -1,
      391, 572, 573, -1,
      391, 573, 392, -1,
      392, 573, 574, -1,
      392, 574, 393, -1,
      393, 574, 575, -1,
      393, 575, 394, -1,
      394, 575, 576, -1,
      394, 576, 395, -1,
      395, 576, 577, -1,
      395, 577, 396, -1,
      396, 577, 578, -1,
      396, 578, 334, -1,
      334, 578, 59, -1,
      334, 59, 58, -1,
      118, 98, 157, -1,
      157, 98, 195, -1,
      157, 195, 745, -1,
      745, 195, 194, -1,
      745, 194, 746, -1,
      746, 194, 193, -1,
      746, 193, 747, -1,
      747, 193, 192, -1,
      747, 192, 748, -1,
      748, 192, 191, -1,
      748, 191, 720, -1,
      720, 191, 190, -1,
      720, 190, 721, -1,
      721, 190, 215, -1,
      721, 215, 722, -1,
      722, 215, 216, -1,
      722, 216, 723, -1,
      723, 216, 217, -1,
      723, 217, 724, -1,
      724, 217, 148, -1,
      724, 148, 725, -1,
      725, 148, 147, -1,
      725, 147, 726, -1,
      726, 147, 214, -1,
      726, 214, 727, -1,
      727, 214, 212, -1,
      727, 212, 728, -1,
      728, 212, 213, -1,
      728, 213, 729, -1,
      729, 213, 757, -1,
      729, 757, 730, -1,
      730, 757, 758, -1,
      730, 758, 731, -1,
      731, 758, 759, -1,
      731, 759, 732, -1,
      732, 759, 760, -1,
      732, 760, 733, -1,
      733, 760, 761, -1,
      733, 761, 734, -1,
      734, 761, 762, -1,
      734, 762, 735, -1,
      735, 762, 763, -1,
      735, 763, 736, -1,
      736, 763, 376, -1,
      736, 376, 737, -1,
      737, 376, 397, -1,
      737, 397, 738, -1,
      738, 397, 275, -1,
      738, 275, 739, -1,
      739, 275, 277, -1,
      739, 277, 740, -1,
      740, 277, 279, -1,
      740, 279, 741, -1,
      741, 279, 281, -1,
      741, 281, 742, -1,
      742, 281, 283, -1,
      742, 283, 743, -1,
      743, 283, 285, -1,
      743, 285, 240, -1,
      240, 285, 287, -1,
      240, 287, 241, -1,
      241, 287, 289, -1,
      241, 289, 243, -1,
      243, 289, 291, -1,
      243, 291, 245, -1,
      245, 291, 293, -1,
      245, 293, 247, -1,
      247, 293, 295, -1,
      247, 295, 249, -1,
      249, 295, 297, -1,
      249, 297, 251, -1,
      251, 297, 239, -1,
      251, 239, 252, -1,
      252, 239, 238, -1,
      252, 238, 479, -1,
      479, 238, 228, -1,
      479, 228, 161, -1,
      161, 228, 227, -1,
      161, 227, 63, -1,
      63, 227, 181, -1,
      63, 181, 64, -1,
      64, 181, 65, -1,
    ]
  }
}

Shape {
  appearance Appearance {
    material Material {
      diffuseColor 0.7200 0.8400 1.0000
      specularColor 0.3020 0.3020 0.3020
      ambientIntensity 0.2
      transparency 0.0000
      shininess 0.5
    }
  }
  geometry IndexedFaceSet {
    ccw TRUE
    solid FALSE
    coord DEF co Coordinate {
      point [
        -0.604050 0.525321 0.570866,
        -0.603379 0.530415 0.570866,
        -0.602552 0.532852 0.570866,
        -0.601415 0.535160 0.570866,
        -0.589470 0.544324 0.570866,
        -0.584376 0.544994 0.570866,
        -0.591907 0.543497 0.570866,
        -0.594215 0.542359 0.570866,
        -0.596354 0.540930 0.570866,
        -0.598289 0.539234 0.570866,
        -0.599985 0.537299 0.570866,
        -0.597839 0.204487 0.748719,
        -0.604050 0.198276 0.570866,
        -0.257331 0.544994 0.570866,
        -0.263542 0.538783 0.748719,
        -0.283215 0.519111 0.767717,
        -0.578166 0.224159 0.767717,
        -0.263790 0.538535 0.751224,
        -0.264357 0.537969 0.753677,
        -0.265231 0.537094 0.756038,
        -0.266401 0.535925 0.758268,
        -0.273571 0.528754 0.765193,
        -0.278231 0.524095 0.767075,
        -0.269541 0.532785 0.762192,
        -0.597590 0.204735 0.751224,
        -0.597024 0.205302 0.753677,
        -0.596149 0.206176 0.756038,
        -0.594980 0.207346 0.758268,
        -0.591840 0.210485 0.762192,
        -0.587809 0.214516 0.765193,
        -0.583150 0.219176 0.767075,
      ]
    }
    coordIndex [
      30, 16, 26, -1,
      26, 16, 25, -1,
      15, 19, 18, -1,
      18, 17, 15, -1,
      15, 17, 14, -1,
      15, 14, 16, -1,
      13, 12, 14, -1,
      14, 12, 11, -1,
      14, 11, 16, -1,
      16, 11, 24, -1,
      16, 24, 25, -1,
      15, 22, 19, -1,
      19, 22, 21, -1,
      19, 21, 20, -1,
      20, 21, 23, -1,
      30, 26, 29, -1,
      29, 26, 27, -1,
      29, 27, 28, -1,
      0, 12, 5, -1,
      5, 12, 13, -1,
      4, 2, 5, -1,
      5, 2, 1, -1,
      5, 1, 0, -1,
      4, 6, 2, -1,
      2, 6, 7, -1,
      2, 7, 3, -1,
      3, 7, 10, -1,
      10, 7, 8, -1,
      10, 8, 9, -1,
    ]
  }
}

Shape {
  appearance Appearance {
    material Material {
      diffuseColor 0.7200 0.8400 1.0000
      specularColor 0.8784 0.8784 0.8784
      ambientIntensity 0.2
      transparency 0.0000
      shininess 0.5
    }
  }
  geometry IndexedFaceSet {
    ccw TRUE
    solid FALSE
    coord DEF co Coordinate {
      point [
        -0.010327 -0.056284 0.019685,
        -0.010327 -0.069247 0.019685,
        0.053049 -0.069247 0.019685,
        0.076095 -0.063126 0.019685,
        0.076095 -0.050162 0.019685,
        0.053049 0.048863 0.019685,
        0.037205 0.035900 0.019685,
        0.037205 -0.002990 0.019685,
        -0.007446 0.035900 0.019685,
        -0.004565 -0.002990 0.019685,
        0.037205 -0.015954 0.019685,
        0.037205 -0.056284 0.019685,
        -0.004565 -0.015954 0.019685,
        0.234536 0.048863 0.019685,
        0.234536 -0.069247 0.019685,
        0.115539 -0.069967 0.019685,
        0.174040 -0.069247 0.019685,
        0.123149 -0.069178 0.019685,
        0.134596 -0.065238 0.019685,
        -0.007446 0.048863 0.019685,
        0.157724 0.017754 0.019685,
        0.150802 0.028797 0.019685,
        0.218692 0.048863 0.019685,
        0.115385 0.036034 0.019685,
        0.124225 0.032844 0.019685,
        0.078212 -0.051335 0.019685,
        0.132400 0.027375 0.019685,
        0.139533 0.019501 0.019685,
        0.148114 -0.011452 0.019685,
        0.146918 -0.024239 0.019685,
        0.143709 -0.034398 0.019685,
        0.117427 -0.056489 0.019685,
        0.106411 -0.057724 0.019685,
        0.126033 -0.053320 0.019685,
        0.133281 -0.048435 0.019685,
        0.138824 -0.042587 0.019685,
        0.090732 -0.055984 0.019685,
        0.144402 0.010381 0.019685,
        0.147550 -0.002263 0.019685,
        0.140139 0.039052 0.019685,
        0.144097 -0.059171 0.019685,
        0.152969 -0.049831 0.019685,
        0.174040 -0.056284 0.019685,
        0.159261 -0.038601 0.019685,
        0.218692 -0.056284 0.019685,
        0.162816 -0.026099 0.019685,
        0.163958 -0.012420 0.019685,
        0.162259 0.004372 0.019685,
        0.128920 0.045510 0.019685,
        0.115753 0.049335 0.019685,
        0.103890 0.050304 0.019685,
        0.089751 0.049328 0.019685,
        0.076095 0.045622 0.019685,
        0.076095 0.029778 0.019685,
        0.089399 0.035475 0.019685,
        0.103755 0.037340 0.019685,
        0.100620 -0.069967 0.019685,
        0.105364 -0.070632 0.019685,
        0.108594 -0.070687 0.019685,
        0.088685 -0.068295 0.019685,
        -0.214431 -0.036119 0.019685,
        -0.165639 -0.036119 0.019685,
        -0.226382 -0.069247 0.019685,
        -0.154364 -0.069247 0.019685,
        -0.137080 -0.069247 0.019685,
        -0.122539 -0.036876 0.019685,
        -0.115766 -0.047440 0.019685,
        -0.243667 -0.069247 0.019685,
        -0.197575 0.048863 0.019685,
        -0.181731 0.048863 0.019685,
        -0.106044 -0.056748 0.019685,
        -0.093712 -0.063915 0.019685,
        -0.080103 -0.067972 0.019685,
        -0.065489 -0.069247 0.019685,
        -0.033373 -0.069247 0.019685,
        -0.033373 0.048863 0.019685,
        -0.066704 0.048863 0.019685,
        -0.110565 0.033463 0.019685,
        -0.118918 0.024202 0.019685,
        -0.124407 0.014044 0.019685,
        -0.083767 0.047039 0.019685,
        -0.097587 0.042187 0.019685,
        -0.110442 0.033571 0.019685,
        -0.127579 0.002407 0.019685,
        -0.128437 -0.008707 0.019685,
        -0.126780 -0.024513 0.019685,
        -0.197575 0.048863 0.023622,
        -0.243667 -0.069247 0.023622,
        -0.226382 -0.069247 0.023622,
        -0.214431 -0.036119 0.023622,
        -0.165639 -0.036119 0.023622,
        -0.154364 -0.069247 0.023622,
        -0.137080 -0.069247 0.023622,
        -0.181731 0.048863 0.023622,
        -0.169623 -0.023156 0.023622,
        -0.209120 -0.023156 0.023622,
        -0.187245 0.026177 0.023622,
        -0.188381 0.030274 0.023622,
        -0.189135 0.034459 0.023622,
        -0.189518 0.034459 0.023622,
        -0.190289 0.030286 0.023622,
        -0.191341 0.026177 0.023622,
        -0.169623 -0.023156 0.019685,
        -0.209120 -0.023156 0.019685,
        -0.187245 0.026177 0.019685,
        -0.188381 0.030274 0.019685,
        -0.189135 0.034459 0.019685,
        -0.189518 0.034459 0.019685,
        -0.190289 0.030286 0.019685,
        -0.191341 0.026177 0.019685,
        -0.065489 -0.069247 0.023622,
        -0.033373 -0.069247 0.023622,
        -0.033373 0.048863 0.023622,
        -0.066704 0.048863 0.023622,
        -0.128437 -0.008707 0.023622,
        -0.127579 0.002407 0.023622,
        -0.124407 0.014044 0.023622,
        -0.118918 0.024202 0.023622,
        -0.110565 0.033463 0.023622,
        -0.110442 0.033571 0.023622,
        -0.097587 0.042187 0.023622,
        -0.083767 0.047039 0.023622,
        -0.080103 -0.067972 0.023622,
        -0.093712 -0.063915 0.023622,
        -0.106044 -0.056748 0.023622,
        -0.115766 -0.047440 0.023622,
        -0.122539 -0.036876 0.023622,
        -0.126780 -0.024513 0.023622,
        -0.104729 0.019337 0.023622,
        -0.098993 0.025429 0.023622,
        -0.090365 0.031002 0.023622,
        -0.080616 0.034414 0.023622,
        -0.066636 0.035900 0.023622,
        -0.049217 0.035900 0.023622,
        -0.049217 -0.056284 0.023622,
        -0.065983 -0.056284 0.023622,
        -0.078444 -0.055124 0.023622,
        -0.088383 -0.052022 0.023622,
        -0.096439 -0.047239 0.023622,
        -0.103063 -0.040695 0.023622,
        -0.108044 -0.032552 0.023622,
        -0.111509 -0.021450 0.023622,
        -0.112593 -0.009044 0.023622,
        -0.111590 0.002711 0.023622,
        -0.108833 0.012052 0.023622,
        -0.066636 0.035900 0.019685,
        -0.049217 0.035900 0.019685,
        -0.080616 0.034414 0.019685,
        -0.090365 0.031002 0.019685,
        -0.098993 0.025429 0.019685,
        -0.104729 0.019337 0.019685,
        -0.108833 0.012052 0.019685,
        -0.111590 0.002711 0.019685,
        -0.112593 -0.009044 0.019685,
        -0.111509 -0.021450 0.019685,
        -0.108044 -0.032552 0.019685,
        -0.103063 -0.040695 0.019685,
        -0.096439 -0.047239 0.019685,
        -0.088383 -0.052022 0.019685,
        -0.078444 -0.055124 0.019685,
        -0.065983 -0.056284 0.019685,
        -0.049217 -0.056284 0.019685,
        -0.010327 -0.056284 0.023622,
        -0.010327 -0.069247 0.023622,
        0.053049 -0.069247 0.023622,
        0.053049 0.048863 0.023622,
        -0.007446 0.048863 0.023622,
        -0.007446 0.035900 0.023622,
        0.037205 0.035900 0.023622,
        0.037205 -0.002990 0.023622,
        -0.004565 -0.002990 0.023622,
        -0.004565 -0.015954 0.023622,
        0.037205 -0.015954 0.023622,
        0.037205 -0.056284 0.023622,
        0.076095 -0.050162 0.023622,
        0.076095 -0.063126 0.023622,
        0.088685 -0.068295 0.023622,
        0.108594 -0.070687 0.023622,
        0.105364 -0.070632 0.023622,
        0.163958 -0.012420 0.023622,
        0.162816 -0.026099 0.023622,
        0.159261 -0.038601 0.023622,
        0.152969 -0.049831 0.023622,
        0.144097 -0.059171 0.023622,
        0.134596 -0.065238 0.023622,
        0.123149 -0.069178 0.023622,
        0.103890 0.050304 0.023622,
        0.115753 0.049335 0.023622,
        0.128920 0.045510 0.023622,
        0.140139 0.039052 0.023622,
        0.150802 0.028797 0.023622,
        0.157724 0.017754 0.023622,
        0.162259 0.004372 0.023622,
        0.076095 0.045622 0.023622,
        0.089751 0.049328 0.023622,
        0.076095 0.029778 0.023622,
        0.103755 0.037340 0.023622,
        0.089399 0.035475 0.023622,
        0.148114 -0.011452 0.023622,
        0.147550 -0.002263 0.023622,
        0.144402 0.010381 0.023622,
        0.139533 0.019501 0.023622,
        0.132400 0.027375 0.023622,
        0.124225 0.032844 0.023622,
        0.115385 0.036034 0.023622,
        0.106411 -0.057724 0.023622,
        0.117427 -0.056489 0.023622,
        0.126033 -0.053320 0.023622,
        0.133281 -0.048435 0.023622,
        0.138824 -0.042587 0.023622,
        0.143709 -0.034398 0.023622,
        0.146918 -0.024239 0.023622,
        0.078212 -0.051335 0.023622,
        0.090732 -0.055984 0.023622,
        0.174040 -0.056284 0.023622,
        0.174040 -0.069247 0.023622,
        0.234536 -0.069247 0.023622,
        0.234536 0.048863 0.023622,
        0.218692 0.048863 0.023622,
        0.218692 -0.056284 0.023622,
      ]
    }
    coordIndex [
      86, 87, 68, -1,
      68, 87, 67, -1,
      87, 88, 67, -1,
      67, 88, 62, -1,
      88, 89, 62, -1,
      62, 89, 60, -1,
      89, 90, 60, -1,
      60, 90, 61, -1,
      90, 91, 61, -1,
      61, 91, 63, -1,
      91, 92, 63, -1,
      63, 92, 64, -1,
      92, 93, 64, -1,
      64, 93, 69, -1,
      93, 86, 69, -1,
      69, 86, 68, -1,
      94, 90, 95, -1,
      95, 90, 89, -1,
      96, 93, 94, -1,
      94, 93, 92, -1,
      94, 92, 90, -1,
      90, 92, 91, -1,
      96, 97, 93, -1,
      93, 97, 98, -1,
      93, 98, 86, -1,
      86, 98, 99, -1,
      86, 99, 100, -1,
      100, 101, 86, -1,
      86, 101, 95, -1,
      86, 95, 87, -1,
      87, 95, 89, -1,
      87, 89, 88, -1,
      94, 95, 102, -1,
      102, 95, 103, -1,
      96, 94, 104, -1,
      104, 94, 102, -1,
      96, 104, 105, -1,
      96, 105, 97, -1,
      97, 105, 106, -1,
      97, 106, 98, -1,
      99, 98, 107, -1,
      107, 98, 106, -1,
      99, 107, 108, -1,
      99, 108, 100, -1,
      100, 108, 109, -1,
      100, 109, 101, -1,
      95, 101, 103, -1,
      103, 101, 109, -1,
      110, 111, 73, -1,
      73, 111, 74, -1,
      111, 112, 74, -1,
      74, 112, 75, -1,
      112, 113, 75, -1,
      75, 113, 76, -1,
      114, 84, 83, -1,
      114, 83, 115, -1,
      115, 83, 79, -1,
      115, 79, 116, -1,
      116, 79, 78, -1,
      116, 78, 117, -1,
      117, 78, 77, -1,
      117, 77, 118, -1,
      118, 77, 82, -1,
      118, 82, 119, -1,
      119, 82, 81, -1,
      119, 81, 120, -1,
      120, 81, 80, -1,
      120, 80, 121, -1,
      121, 80, 76, -1,
      121, 76, 113, -1,
      110, 73, 72, -1,
      110, 72, 122, -1,
      122, 72, 71, -1,
      122, 71, 123, -1,
      123, 71, 70, -1,
      123, 70, 124, -1,
      124, 70, 66, -1,
      124, 66, 125, -1,
      125, 66, 65, -1,
      125, 65, 126, -1,
      126, 65, 85, -1,
      126, 85, 127, -1,
      127, 85, 84, -1,
      127, 84, 114, -1,
      116, 117, 128, -1,
      128, 117, 118, -1,
      128, 118, 129, -1,
      129, 118, 119, -1,
      129, 119, 130, -1,
      130, 119, 120, -1,
      130, 120, 131, -1,
      131, 120, 121, -1,
      131, 121, 132, -1,
      132, 121, 113, -1,
      132, 113, 133, -1,
      133, 113, 112, -1,
      133, 112, 134, -1,
      134, 112, 111, -1,
      134, 111, 135, -1,
      135, 111, 110, -1,
      135, 110, 136, -1,
      136, 110, 122, -1,
      136, 122, 137, -1,
      137, 122, 123, -1,
      137, 123, 138, -1,
      138, 123, 124, -1,
      138, 124, 139, -1,
      139, 124, 125, -1,
      139, 125, 140, -1,
      140, 125, 126, -1,
      140, 126, 141, -1,
      141, 126, 127, -1,
      141, 127, 142, -1,
      142, 127, 114, -1,
      142, 114, 143, -1,
      143, 114, 115, -1,
      143, 115, 144, -1,
      144, 115, 116, -1,
      144, 116, 128, -1,
      132, 133, 145, -1,
      145, 133, 146, -1,
      132, 145, 147, -1,
      132, 147, 131, -1,
      131, 147, 148, -1,
      131, 148, 130, -1,
      130, 148, 149, -1,
      130, 149, 129, -1,
      129, 149, 150, -1,
      129, 150, 128, -1,
      128, 150, 151, -1,
      128, 151, 144, -1,
      144, 151, 152, -1,
      144, 152, 143, -1,
      143, 152, 153, -1,
      143, 153, 142, -1,
      142, 153, 154, -1,
      142, 154, 141, -1,
      141, 154, 155, -1,
      141, 155, 140, -1,
      140, 155, 156, -1,
      140, 156, 139, -1,
      139, 156, 157, -1,
      139, 157, 138, -1,
      138, 157, 158, -1,
      138, 158, 137, -1,
      137, 158, 159, -1,
      137, 159, 136, -1,
      136, 159, 160, -1,
      136, 160, 135, -1,
      134, 135, 161, -1,
      161, 135, 160, -1,
      133, 134, 146, -1,
      146, 134, 161, -1,
      162, 163, 0, -1,
      0, 163, 1, -1,
      163, 164, 1, -1,
      1, 164, 2, -1,
      164, 165, 2, -1,
      2, 165, 5, -1,
      165, 166, 5, -1,
      5, 166, 19, -1,
      166, 167, 19, -1,
      19, 167, 8, -1,
      167, 168, 8, -1,
      8, 168, 6, -1,
      168, 169, 6, -1,
      6, 169, 7, -1,
      169, 170, 7, -1,
      7, 170, 9, -1,
      170, 171, 9, -1,
      9, 171, 12, -1,
      171, 172, 12, -1,
      12, 172, 10, -1,
      172, 173, 10, -1,
      10, 173, 11, -1,
      173, 162, 11, -1,
      11, 162, 0, -1,
      164, 163, 162, -1,
      162, 173, 164, -1,
      164, 173, 172, -1,
      164, 172, 165, -1,
      167, 166, 168, -1,
      168, 166, 165, -1,
      168, 165, 169, -1,
      169, 165, 172, -1,
      169, 172, 170, -1,
      170, 172, 171, -1,
      174, 175, 4, -1,
      4, 175, 3, -1,
      3, 175, 176, -1,
      177, 58, 57, -1,
      177, 57, 178, -1,
      178, 57, 56, -1,
      178, 56, 176, -1,
      176, 56, 59, -1,
      176, 59, 3, -1,
      179, 46, 45, -1,
      179, 45, 180, -1,
      180, 45, 43, -1,
      180, 43, 181, -1,
      181, 43, 41, -1,
      181, 41, 182, -1,
      182, 41, 40, -1,
      182, 40, 183, -1,
      183, 40, 18, -1,
      183, 18, 184, -1,
      184, 18, 17, -1,
      184, 17, 185, -1,
      185, 17, 177, -1,
      177, 17, 15, -1,
      177, 15, 58, -1,
      186, 50, 49, -1,
      186, 49, 187, -1,
      187, 49, 48, -1,
      187, 48, 188, -1,
      188, 48, 39, -1,
      188, 39, 189, -1,
      189, 39, 21, -1,
      189, 21, 190, -1,
      190, 21, 20, -1,
      190, 20, 191, -1,
      191, 20, 47, -1,
      191, 47, 192, -1,
      192, 47, 46, -1,
      192, 46, 179, -1,
      193, 52, 51, -1,
      193, 51, 194, -1,
      194, 51, 50, -1,
      194, 50, 186, -1,
      193, 195, 52, -1,
      52, 195, 53, -1,
      196, 55, 54, -1,
      196, 54, 197, -1,
      197, 54, 53, -1,
      197, 53, 195, -1,
      198, 28, 38, -1,
      198, 38, 199, -1,
      199, 38, 37, -1,
      199, 37, 200, -1,
      200, 37, 27, -1,
      200, 27, 201, -1,
      201, 27, 26, -1,
      201, 26, 202, -1,
      202, 26, 24, -1,
      202, 24, 203, -1,
      203, 24, 23, -1,
      203, 23, 204, -1,
      204, 23, 55, -1,
      204, 55, 196, -1,
      205, 32, 31, -1,
      205, 31, 206, -1,
      206, 31, 33, -1,
      206, 33, 207, -1,
      207, 33, 34, -1,
      207, 34, 208, -1,
      208, 34, 35, -1,
      208, 35, 209, -1,
      209, 35, 30, -1,
      209, 30, 210, -1,
      210, 30, 29, -1,
      210, 29, 211, -1,
      211, 29, 28, -1,
      211, 28, 198, -1,
      174, 4, 25, -1,
      174, 25, 212, -1,
      212, 25, 36, -1,
      212, 36, 213, -1,
      213, 36, 32, -1,
      213, 32, 205, -1,
      206, 177, 205, -1,
      205, 177, 178, -1,
      205, 178, 213, -1,
      213, 178, 176, -1,
      213, 176, 212, -1,
      212, 176, 175, -1,
      212, 175, 174, -1,
      195, 193, 197, -1,
      197, 193, 194, -1,
      197, 194, 196, -1,
      196, 194, 186, -1,
      196, 186, 204, -1,
      204, 186, 187, -1,
      204, 187, 203, -1,
      203, 187, 188, -1,
      203, 188, 202, -1,
      202, 188, 189, -1,
      202, 189, 201, -1,
      201, 189, 190, -1,
      201, 190, 200, -1,
      200, 190, 191, -1,
      200, 191, 199, -1,
      199, 191, 192, -1,
      199, 192, 198, -1,
      198, 192, 179, -1,
      198, 179, 211, -1,
      211, 179, 180, -1,
      211, 180, 210, -1,
      210, 180, 181, -1,
      210, 181, 209, -1,
      209, 181, 182, -1,
      209, 182, 208, -1,
      208, 182, 183, -1,
      208, 183, 207, -1,
      207, 183, 184, -1,
      207, 184, 206, -1,
      206, 184, 185, -1,
      206, 185, 177, -1,
      214, 215, 42, -1,
      42, 215, 16, -1,
      215, 216, 16, -1,
      16, 216, 14, -1,
      216, 217, 14, -1,
      14, 217, 13, -1,
      217, 218, 13, -1,
      13, 218, 22, -1,
      218, 219, 22, -1,
      22, 219, 44, -1,
      219, 214, 44, -1,
      44, 214, 42, -1,
      218, 217, 219, -1,
      219, 217, 216, -1,
      219, 216, 214, -1,
      214, 216, 215, -1,
    ]
  }
}

Shape {
  appearance Appearance {
    material Material {
      diffuseColor 0.7200 0.8400 1.0000
      specularColor 0.3020 0.3020 0.3020
      ambientIntensity 0.2
      transparency 0.0000
      shininess 0.5
    }
  }
  geometry IndexedFaceSet {
    ccw TRUE
    solid FALSE
    coord DEF co Coordinate {
      point [
        -0.169623 -0.023156 0.019685,
        -0.209120 -0.023156 0.019685,
        -0.187245 0.026177 0.019685,
        -0.188381 0.030274 0.019685,
        -0.189135 0.034459 0.019685,
        -0.189518 0.034459 0.019685,
        -0.190289 0.030286 0.019685,
        -0.191341 0.026177 0.019685,
        -0.066636 0.035900 0.019685,
        -0.049217 0.035900 0.019685,
        -0.080616 0.034414 0.019685,
        -0.090365 0.031002 0.019685,
        -0.098993 0.025429 0.019685,
        -0.104729 0.019337 0.019685,
        -0.108833 0.012052 0.019685,
        -0.111590 0.002711 0.019685,
        -0.112593 -0.009044 0.019685,
        -0.111509 -0.021450 0.019685,
        -0.108044 -0.032552 0.019685,
        -0.103063 -0.040695 0.019685,
        -0.096439 -0.047239 0.019685,
        -0.088383 -0.052022 0.019685,
        -0.078444 -0.055124 0.019685,
        -0.065983 -0.056284 0.019685,
        -0.049217 -0.056284 0.019685,
      ]
    }
    coordIndex [
      0, 1, 2, -1,
      2, 1, 7, -1,
      2, 7, 3, -1,
      3, 7, 6, -1,
      3, 6, 4, -1,
      4, 6, 5, -1,
      9, 24, 8, -1,
      8, 24, 23, -1,
      8, 23, 22, -1,
      16, 15, 8, -1,
      8, 15, 14, -1,
      8, 14, 10, -1,
      22, 21, 8, -1,
      8, 21, 20, -1,
      8, 20, 19, -1,
      19, 18, 8, -1,
      8, 18, 17, -1,
      8, 17, 16, -1,
      13, 12, 14, -1,
      14, 12, 11, -1,
      14, 11, 10, -1,
    ]
  }
}
